stack,sdma_enabled,mpich_gpu_ipc_threshold,pair_label,gcd_a,gcd_b,tier,num_links,run,size_bytes,bandwidth_MBps
native,0,DEFAULT,intra_pkg_OAM0,0,1,intra_pkg,4,2,1,2.67
native,0,DEFAULT,intra_pkg_OAM0,0,1,intra_pkg,4,2,2,5.91
native,0,DEFAULT,intra_pkg_OAM0,0,1,intra_pkg,4,2,4,12.01
native,0,DEFAULT,intra_pkg_OAM0,0,1,intra_pkg,4,2,8,23.86
native,0,DEFAULT,intra_pkg_OAM0,0,1,intra_pkg,4,2,16,48.56
native,0,DEFAULT,intra_pkg_OAM0,0,1,intra_pkg,4,2,32,91.69
native,0,DEFAULT,intra_pkg_OAM0,0,1,intra_pkg,4,2,64,178.66
native,0,DEFAULT,intra_pkg_OAM0,0,1,intra_pkg,4,2,128,365.28
native,0,DEFAULT,intra_pkg_OAM0,0,1,intra_pkg,4,2,256,409.83
native,0,DEFAULT,intra_pkg_OAM0,0,1,intra_pkg,4,2,512,777.45
native,0,DEFAULT,intra_pkg_OAM0,0,1,intra_pkg,4,2,1024,569.66
native,0,DEFAULT,intra_pkg_OAM0,0,1,intra_pkg,4,2,2048,1132.90
native,0,DEFAULT,intra_pkg_OAM0,0,1,intra_pkg,4,2,4096,2286.66
native,0,DEFAULT,intra_pkg_OAM0,0,1,intra_pkg,4,2,8192,1083.96
native,0,DEFAULT,intra_pkg_OAM0,0,1,intra_pkg,4,2,16384,2159.53
native,0,DEFAULT,intra_pkg_OAM0,0,1,intra_pkg,4,2,32768,4063.28
native,0,DEFAULT,intra_pkg_OAM0,0,1,intra_pkg,4,2,65536,7888.38
native,0,DEFAULT,intra_pkg_OAM0,0,1,intra_pkg,4,2,131072,14638.23
native,0,DEFAULT,intra_pkg_OAM0,0,1,intra_pkg,4,2,262144,23382.95
native,0,DEFAULT,intra_pkg_OAM0,0,1,intra_pkg,4,2,524288,41303.27
native,0,DEFAULT,intra_pkg_OAM0,0,1,intra_pkg,4,2,1048576,61484.72
native,0,DEFAULT,intra_pkg_OAM0,0,1,intra_pkg,4,2,2097152,85133.50
native,0,DEFAULT,intra_pkg_OAM0,0,1,intra_pkg,4,2,4194304,117757.70
native,0,DEFAULT,intra_pkg_OAM0,0,1,intra_pkg,4,2,8388608,132886.72
native,0,DEFAULT,intra_pkg_OAM0,0,1,intra_pkg,4,2,16777216,142603.47
native,0,DEFAULT,intra_pkg_OAM0,0,1,intra_pkg,4,2,33554432,148344.26
native,0,DEFAULT,intra_pkg_OAM0,0,1,intra_pkg,4,2,67108864,150602.30
native,0,DEFAULT,intra_pkg_OAM0,0,1,intra_pkg,4,3,1,2.75
native,0,DEFAULT,intra_pkg_OAM0,0,1,intra_pkg,4,3,2,5.99
native,0,DEFAULT,intra_pkg_OAM0,0,1,intra_pkg,4,3,4,12.04
native,0,DEFAULT,intra_pkg_OAM0,0,1,intra_pkg,4,3,8,24.11
native,0,DEFAULT,intra_pkg_OAM0,0,1,intra_pkg,4,3,16,49.33
native,0,DEFAULT,intra_pkg_OAM0,0,1,intra_pkg,4,3,32,95.79
native,0,DEFAULT,intra_pkg_OAM0,0,1,intra_pkg,4,3,64,182.94
native,0,DEFAULT,intra_pkg_OAM0,0,1,intra_pkg,4,3,128,354.46
native,0,DEFAULT,intra_pkg_OAM0,0,1,intra_pkg,4,3,256,431.14
native,0,DEFAULT,intra_pkg_OAM0,0,1,intra_pkg,4,3,512,774.75
native,0,DEFAULT,intra_pkg_OAM0,0,1,intra_pkg,4,3,1024,566.39
native,0,DEFAULT,intra_pkg_OAM0,0,1,intra_pkg,4,3,2048,1135.64
native,0,DEFAULT,intra_pkg_OAM0,0,1,intra_pkg,4,3,4096,2247.77
native,0,DEFAULT,intra_pkg_OAM0,0,1,intra_pkg,4,3,8192,1092.44
native,0,DEFAULT,intra_pkg_OAM0,0,1,intra_pkg,4,3,16384,2179.79
native,0,DEFAULT,intra_pkg_OAM0,0,1,intra_pkg,4,3,32768,4027.42
native,0,DEFAULT,intra_pkg_OAM0,0,1,intra_pkg,4,3,65536,7824.54
native,0,DEFAULT,intra_pkg_OAM0,0,1,intra_pkg,4,3,131072,14614.82
native,0,DEFAULT,intra_pkg_OAM0,0,1,intra_pkg,4,3,262144,23348.25
native,0,DEFAULT,intra_pkg_OAM0,0,1,intra_pkg,4,3,524288,41626.68
native,0,DEFAULT,intra_pkg_OAM0,0,1,intra_pkg,4,3,1048576,61773.31
native,0,DEFAULT,intra_pkg_OAM0,0,1,intra_pkg,4,3,2097152,85331.32
native,0,DEFAULT,intra_pkg_OAM0,0,1,intra_pkg,4,3,4194304,118282.48
native,0,DEFAULT,intra_pkg_OAM0,0,1,intra_pkg,4,3,8388608,133247.43
native,0,DEFAULT,intra_pkg_OAM0,0,1,intra_pkg,4,3,16777216,142911.12
native,0,DEFAULT,intra_pkg_OAM0,0,1,intra_pkg,4,3,33554432,148092.09
native,0,DEFAULT,intra_pkg_OAM0,0,1,intra_pkg,4,3,67108864,150351.41
native,0,DEFAULT,intra_pkg_OAM0,0,1,intra_pkg,4,4,1,2.55
native,0,DEFAULT,intra_pkg_OAM0,0,1,intra_pkg,4,4,2,5.76
native,0,DEFAULT,intra_pkg_OAM0,0,1,intra_pkg,4,4,4,11.51
native,0,DEFAULT,intra_pkg_OAM0,0,1,intra_pkg,4,4,8,22.61
native,0,DEFAULT,intra_pkg_OAM0,0,1,intra_pkg,4,4,16,45.85
native,0,DEFAULT,intra_pkg_OAM0,0,1,intra_pkg,4,4,32,90.10
native,0,DEFAULT,intra_pkg_OAM0,0,1,intra_pkg,4,4,64,173.39
native,0,DEFAULT,intra_pkg_OAM0,0,1,intra_pkg,4,4,128,276.37
native,0,DEFAULT,intra_pkg_OAM0,0,1,intra_pkg,4,4,256,432.22
native,0,DEFAULT,intra_pkg_OAM0,0,1,intra_pkg,4,4,512,778.82
native,0,DEFAULT,intra_pkg_OAM0,0,1,intra_pkg,4,4,1024,567.64
native,0,DEFAULT,intra_pkg_OAM0,0,1,intra_pkg,4,4,2048,1137.66
native,0,DEFAULT,intra_pkg_OAM0,0,1,intra_pkg,4,4,4096,2256.21
native,0,DEFAULT,intra_pkg_OAM0,0,1,intra_pkg,4,4,8192,1101.48
native,0,DEFAULT,intra_pkg_OAM0,0,1,intra_pkg,4,4,16384,2193.50
native,0,DEFAULT,intra_pkg_OAM0,0,1,intra_pkg,4,4,32768,4069.08
native,0,DEFAULT,intra_pkg_OAM0,0,1,intra_pkg,4,4,65536,7891.68
native,0,DEFAULT,intra_pkg_OAM0,0,1,intra_pkg,4,4,131072,14756.42
native,0,DEFAULT,intra_pkg_OAM0,0,1,intra_pkg,4,4,262144,23295.72
native,0,DEFAULT,intra_pkg_OAM0,0,1,intra_pkg,4,4,524288,41096.39
native,0,DEFAULT,intra_pkg_OAM0,0,1,intra_pkg,4,4,1048576,61344.88
native,0,DEFAULT,intra_pkg_OAM0,0,1,intra_pkg,4,4,2097152,85250.80
native,0,DEFAULT,intra_pkg_OAM0,0,1,intra_pkg,4,4,4194304,117999.66
native,0,DEFAULT,intra_pkg_OAM0,0,1,intra_pkg,4,4,8388608,133147.41
native,0,DEFAULT,intra_pkg_OAM0,0,1,intra_pkg,4,4,16777216,142778.11
native,0,DEFAULT,intra_pkg_OAM0,0,1,intra_pkg,4,4,33554432,148134.44
native,0,DEFAULT,intra_pkg_OAM0,0,1,intra_pkg,4,4,67108864,150309.31
native,0,1024,intra_pkg_OAM0,0,1,intra_pkg,4,2,1,2.79
native,0,1024,intra_pkg_OAM0,0,1,intra_pkg,4,2,2,6.11
native,0,1024,intra_pkg_OAM0,0,1,intra_pkg,4,2,4,12.24
native,0,1024,intra_pkg_OAM0,0,1,intra_pkg,4,2,8,24.56
native,0,1024,intra_pkg_OAM0,0,1,intra_pkg,4,2,16,49.76
native,0,1024,intra_pkg_OAM0,0,1,intra_pkg,4,2,32,98.64
native,0,1024,intra_pkg_OAM0,0,1,intra_pkg,4,2,64,182.53
native,0,1024,intra_pkg_OAM0,0,1,intra_pkg,4,2,128,302.65
native,0,1024,intra_pkg_OAM0,0,1,intra_pkg,4,2,256,425.92
native,0,1024,intra_pkg_OAM0,0,1,intra_pkg,4,2,512,779.64
native,0,1024,intra_pkg_OAM0,0,1,intra_pkg,4,2,1024,561.11
native,0,1024,intra_pkg_OAM0,0,1,intra_pkg,4,2,2048,1124.80
native,0,1024,intra_pkg_OAM0,0,1,intra_pkg,4,2,4096,2252.13
native,0,1024,intra_pkg_OAM0,0,1,intra_pkg,4,2,8192,1108.95
native,0,1024,intra_pkg_OAM0,0,1,intra_pkg,4,2,16384,2209.37
native,0,1024,intra_pkg_OAM0,0,1,intra_pkg,4,2,32768,4117.75
native,0,1024,intra_pkg_OAM0,0,1,intra_pkg,4,2,65536,7971.51
native,0,1024,intra_pkg_OAM0,0,1,intra_pkg,4,2,131072,14660.64
native,0,1024,intra_pkg_OAM0,0,1,intra_pkg,4,2,262144,23263.76
native,0,1024,intra_pkg_OAM0,0,1,intra_pkg,4,2,524288,41484.81
native,0,1024,intra_pkg_OAM0,0,1,intra_pkg,4,2,1048576,61584.97
native,0,1024,intra_pkg_OAM0,0,1,intra_pkg,4,2,2097152,85166.18
native,0,1024,intra_pkg_OAM0,0,1,intra_pkg,4,2,4194304,118220.18
native,0,1024,intra_pkg_OAM0,0,1,intra_pkg,4,2,8388608,132755.83
native,0,1024,intra_pkg_OAM0,0,1,intra_pkg,4,2,16777216,142880.22
native,0,1024,intra_pkg_OAM0,0,1,intra_pkg,4,2,33554432,148200.73
native,0,1024,intra_pkg_OAM0,0,1,intra_pkg,4,2,67108864,150375.33
native,0,1024,intra_pkg_OAM0,0,1,intra_pkg,4,3,1,2.77
native,0,1024,intra_pkg_OAM0,0,1,intra_pkg,4,3,2,6.23
native,0,1024,intra_pkg_OAM0,0,1,intra_pkg,4,3,4,12.45
native,0,1024,intra_pkg_OAM0,0,1,intra_pkg,4,3,8,24.49
native,0,1024,intra_pkg_OAM0,0,1,intra_pkg,4,3,16,50.51
native,0,1024,intra_pkg_OAM0,0,1,intra_pkg,4,3,32,95.99
native,0,1024,intra_pkg_OAM0,0,1,intra_pkg,4,3,64,194.66
native,0,1024,intra_pkg_OAM0,0,1,intra_pkg,4,3,128,351.17
native,0,1024,intra_pkg_OAM0,0,1,intra_pkg,4,3,256,428.32
native,0,1024,intra_pkg_OAM0,0,1,intra_pkg,4,3,512,764.10
native,0,1024,intra_pkg_OAM0,0,1,intra_pkg,4,3,1024,576.23
native,0,1024,intra_pkg_OAM0,0,1,intra_pkg,4,3,2048,1149.65
native,0,1024,intra_pkg_OAM0,0,1,intra_pkg,4,3,4096,2314.12
native,0,1024,intra_pkg_OAM0,0,1,intra_pkg,4,3,8192,1098.91
native,0,1024,intra_pkg_OAM0,0,1,intra_pkg,4,3,16384,2191.00
native,0,1024,intra_pkg_OAM0,0,1,intra_pkg,4,3,32768,4056.70
native,0,1024,intra_pkg_OAM0,0,1,intra_pkg,4,3,65536,7853.72
native,0,1024,intra_pkg_OAM0,0,1,intra_pkg,4,3,131072,14772.32
native,0,1024,intra_pkg_OAM0,0,1,intra_pkg,4,3,262144,23373.36
native,0,1024,intra_pkg_OAM0,0,1,intra_pkg,4,3,524288,41429.98
native,0,1024,intra_pkg_OAM0,0,1,intra_pkg,4,3,1048576,61521.78
native,0,1024,intra_pkg_OAM0,0,1,intra_pkg,4,3,2097152,84937.91
native,0,1024,intra_pkg_OAM0,0,1,intra_pkg,4,3,4194304,118110.53
native,0,1024,intra_pkg_OAM0,0,1,intra_pkg,4,3,8388608,132994.19
native,0,1024,intra_pkg_OAM0,0,1,intra_pkg,4,3,16777216,142860.09
native,0,1024,intra_pkg_OAM0,0,1,intra_pkg,4,3,33554432,148268.84
native,0,1024,intra_pkg_OAM0,0,1,intra_pkg,4,3,67108864,150242.45
native,0,1024,intra_pkg_OAM0,0,1,intra_pkg,4,4,1,2.71
native,0,1024,intra_pkg_OAM0,0,1,intra_pkg,4,4,2,6.02
native,0,1024,intra_pkg_OAM0,0,1,intra_pkg,4,4,4,11.95
native,0,1024,intra_pkg_OAM0,0,1,intra_pkg,4,4,8,24.49
native,0,1024,intra_pkg_OAM0,0,1,intra_pkg,4,4,16,48.83
native,0,1024,intra_pkg_OAM0,0,1,intra_pkg,4,4,32,95.84
native,0,1024,intra_pkg_OAM0,0,1,intra_pkg,4,4,64,193.42
native,0,1024,intra_pkg_OAM0,0,1,intra_pkg,4,4,128,312.84
native,0,1024,intra_pkg_OAM0,0,1,intra_pkg,4,4,256,434.40
native,0,1024,intra_pkg_OAM0,0,1,intra_pkg,4,4,512,777.27
native,0,1024,intra_pkg_OAM0,0,1,intra_pkg,4,4,1024,575.96
native,0,1024,intra_pkg_OAM0,0,1,intra_pkg,4,4,2048,1159.55
native,0,1024,intra_pkg_OAM0,0,1,intra_pkg,4,4,4096,2315.89
native,0,1024,intra_pkg_OAM0,0,1,intra_pkg,4,4,8192,1097.38
native,0,1024,intra_pkg_OAM0,0,1,intra_pkg,4,4,16384,2197.56
native,0,1024,intra_pkg_OAM0,0,1,intra_pkg,4,4,32768,4107.39
native,0,1024,intra_pkg_OAM0,0,1,intra_pkg,4,4,65536,7972.54
native,0,1024,intra_pkg_OAM0,0,1,intra_pkg,4,4,131072,14926.89
native,0,1024,intra_pkg_OAM0,0,1,intra_pkg,4,4,262144,23474.06
native,0,1024,intra_pkg_OAM0,0,1,intra_pkg,4,4,524288,41547.02
native,0,1024,intra_pkg_OAM0,0,1,intra_pkg,4,4,1048576,61852.57
native,0,1024,intra_pkg_OAM0,0,1,intra_pkg,4,4,2097152,85375.02
native,0,1024,intra_pkg_OAM0,0,1,intra_pkg,4,4,4194304,118002.87
native,0,1024,intra_pkg_OAM0,0,1,intra_pkg,4,4,8388608,132676.41
native,0,1024,intra_pkg_OAM0,0,1,intra_pkg,4,4,16777216,142815.37
native,0,1024,intra_pkg_OAM0,0,1,intra_pkg,4,4,33554432,148125.88
native,0,1024,intra_pkg_OAM0,0,1,intra_pkg,4,4,67108864,150313.42
native,0,2048,intra_pkg_OAM0,0,1,intra_pkg,4,2,1,2.78
native,0,2048,intra_pkg_OAM0,0,1,intra_pkg,4,2,2,5.89
native,0,2048,intra_pkg_OAM0,0,1,intra_pkg,4,2,4,12.00
native,0,2048,intra_pkg_OAM0,0,1,intra_pkg,4,2,8,24.70
native,0,2048,intra_pkg_OAM0,0,1,intra_pkg,4,2,16,49.40
native,0,2048,intra_pkg_OAM0,0,1,intra_pkg,4,2,32,92.89
native,0,2048,intra_pkg_OAM0,0,1,intra_pkg,4,2,64,188.34
native,0,2048,intra_pkg_OAM0,0,1,intra_pkg,4,2,128,345.89
native,0,2048,intra_pkg_OAM0,0,1,intra_pkg,4,2,256,428.45
native,0,2048,intra_pkg_OAM0,0,1,intra_pkg,4,2,512,774.43
native,0,2048,intra_pkg_OAM0,0,1,intra_pkg,4,2,1024,1350.08
native,0,2048,intra_pkg_OAM0,0,1,intra_pkg,4,2,2048,1128.06
native,0,2048,intra_pkg_OAM0,0,1,intra_pkg,4,2,4096,2258.47
native,0,2048,intra_pkg_OAM0,0,1,intra_pkg,4,2,8192,1107.39
native,0,2048,intra_pkg_OAM0,0,1,intra_pkg,4,2,16384,2206.31
native,0,2048,intra_pkg_OAM0,0,1,intra_pkg,4,2,32768,4095.94
native,0,2048,intra_pkg_OAM0,0,1,intra_pkg,4,2,65536,7932.03
native,0,2048,intra_pkg_OAM0,0,1,intra_pkg,4,2,131072,14842.28
native,0,2048,intra_pkg_OAM0,0,1,intra_pkg,4,2,262144,23286.25
native,0,2048,intra_pkg_OAM0,0,1,intra_pkg,4,2,524288,41441.86
native,0,2048,intra_pkg_OAM0,0,1,intra_pkg,4,2,1048576,61753.80
native,0,2048,intra_pkg_OAM0,0,1,intra_pkg,4,2,2097152,85235.80
native,0,2048,intra_pkg_OAM0,0,1,intra_pkg,4,2,4194304,118395.63
native,0,2048,intra_pkg_OAM0,0,1,intra_pkg,4,2,8388608,133256.66
native,0,2048,intra_pkg_OAM0,0,1,intra_pkg,4,2,16777216,142854.49
native,0,2048,intra_pkg_OAM0,0,1,intra_pkg,4,2,33554432,148117.00
native,0,2048,intra_pkg_OAM0,0,1,intra_pkg,4,2,67108864,150306.37
native,0,2048,intra_pkg_OAM0,0,1,intra_pkg,4,3,1,2.67
native,0,2048,intra_pkg_OAM0,0,1,intra_pkg,4,3,2,6.01
native,0,2048,intra_pkg_OAM0,0,1,intra_pkg,4,3,4,11.95
native,0,2048,intra_pkg_OAM0,0,1,intra_pkg,4,3,8,23.63
native,0,2048,intra_pkg_OAM0,0,1,intra_pkg,4,3,16,48.70
native,0,2048,intra_pkg_OAM0,0,1,intra_pkg,4,3,32,91.71
native,0,2048,intra_pkg_OAM0,0,1,intra_pkg,4,3,64,173.85
native,0,2048,intra_pkg_OAM0,0,1,intra_pkg,4,3,128,357.04
native,0,2048,intra_pkg_OAM0,0,1,intra_pkg,4,3,256,426.95
native,0,2048,intra_pkg_OAM0,0,1,intra_pkg,4,3,512,767.37
native,0,2048,intra_pkg_OAM0,0,1,intra_pkg,4,3,1024,1264.07
native,0,2048,intra_pkg_OAM0,0,1,intra_pkg,4,3,2048,1141.07
native,0,2048,intra_pkg_OAM0,0,1,intra_pkg,4,3,4096,2285.48
native,0,2048,intra_pkg_OAM0,0,1,intra_pkg,4,3,8192,1091.09
native,0,2048,intra_pkg_OAM0,0,1,intra_pkg,4,3,16384,2171.36
native,0,2048,intra_pkg_OAM0,0,1,intra_pkg,4,3,32768,4049.95
native,0,2048,intra_pkg_OAM0,0,1,intra_pkg,4,3,65536,7822.94
native,0,2048,intra_pkg_OAM0,0,1,intra_pkg,4,3,131072,14755.99
native,0,2048,intra_pkg_OAM0,0,1,intra_pkg,4,3,262144,23357.68
native,0,2048,intra_pkg_OAM0,0,1,intra_pkg,4,3,524288,41230.33
native,0,2048,intra_pkg_OAM0,0,1,intra_pkg,4,3,1048576,61417.12
native,0,2048,intra_pkg_OAM0,0,1,intra_pkg,4,3,2097152,85165.55
native,0,2048,intra_pkg_OAM0,0,1,intra_pkg,4,3,4194304,117949.40
native,0,2048,intra_pkg_OAM0,0,1,intra_pkg,4,3,8388608,132958.00
native,0,2048,intra_pkg_OAM0,0,1,intra_pkg,4,3,16777216,142756.66
native,0,2048,intra_pkg_OAM0,0,1,intra_pkg,4,3,33554432,148029.81
native,0,2048,intra_pkg_OAM0,0,1,intra_pkg,4,3,67108864,150288.71
native,0,2048,intra_pkg_OAM0,0,1,intra_pkg,4,4,1,2.71
native,0,2048,intra_pkg_OAM0,0,1,intra_pkg,4,4,2,6.05
native,0,2048,intra_pkg_OAM0,0,1,intra_pkg,4,4,4,11.96
native,0,2048,intra_pkg_OAM0,0,1,intra_pkg,4,4,8,24.07
native,0,2048,intra_pkg_OAM0,0,1,intra_pkg,4,4,16,48.10
native,0,2048,intra_pkg_OAM0,0,1,intra_pkg,4,4,32,93.47
native,0,2048,intra_pkg_OAM0,0,1,intra_pkg,4,4,64,187.42
native,0,2048,intra_pkg_OAM0,0,1,intra_pkg,4,4,128,346.62
native,0,2048,intra_pkg_OAM0,0,1,intra_pkg,4,4,256,425.73
native,0,2048,intra_pkg_OAM0,0,1,intra_pkg,4,4,512,774.47
native,0,2048,intra_pkg_OAM0,0,1,intra_pkg,4,4,1024,1337.72
native,0,2048,intra_pkg_OAM0,0,1,intra_pkg,4,4,2048,1121.11
native,0,2048,intra_pkg_OAM0,0,1,intra_pkg,4,4,4096,2244.67
native,0,2048,intra_pkg_OAM0,0,1,intra_pkg,4,4,8192,1107.33
native,0,2048,intra_pkg_OAM0,0,1,intra_pkg,4,4,16384,2205.49
native,0,2048,intra_pkg_OAM0,0,1,intra_pkg,4,4,32768,4109.23
native,0,2048,intra_pkg_OAM0,0,1,intra_pkg,4,4,65536,7965.41
native,0,2048,intra_pkg_OAM0,0,1,intra_pkg,4,4,131072,14788.62
native,0,2048,intra_pkg_OAM0,0,1,intra_pkg,4,4,262144,23359.63
native,0,2048,intra_pkg_OAM0,0,1,intra_pkg,4,4,524288,41342.92
native,0,2048,intra_pkg_OAM0,0,1,intra_pkg,4,4,1048576,61610.06
native,0,2048,intra_pkg_OAM0,0,1,intra_pkg,4,4,2097152,85260.90
native,0,2048,intra_pkg_OAM0,0,1,intra_pkg,4,4,4194304,118004.15
native,0,2048,intra_pkg_OAM0,0,1,intra_pkg,4,4,8388608,133115.54
native,0,2048,intra_pkg_OAM0,0,1,intra_pkg,4,4,16777216,142727.03
native,0,2048,intra_pkg_OAM0,0,1,intra_pkg,4,4,33554432,148143.57
native,0,2048,intra_pkg_OAM0,0,1,intra_pkg,4,4,67108864,150067.14
native,0,4096,intra_pkg_OAM0,0,1,intra_pkg,4,2,1,2.74
native,0,4096,intra_pkg_OAM0,0,1,intra_pkg,4,2,2,6.04
native,0,4096,intra_pkg_OAM0,0,1,intra_pkg,4,2,4,12.00
native,0,4096,intra_pkg_OAM0,0,1,intra_pkg,4,2,8,24.28
native,0,4096,intra_pkg_OAM0,0,1,intra_pkg,4,2,16,49.04
native,0,4096,intra_pkg_OAM0,0,1,intra_pkg,4,2,32,91.83
native,0,4096,intra_pkg_OAM0,0,1,intra_pkg,4,2,64,177.80
native,0,4096,intra_pkg_OAM0,0,1,intra_pkg,4,2,128,299.01
native,0,4096,intra_pkg_OAM0,0,1,intra_pkg,4,2,256,417.35
native,0,4096,intra_pkg_OAM0,0,1,intra_pkg,4,2,512,760.53
native,0,4096,intra_pkg_OAM0,0,1,intra_pkg,4,2,1024,1189.38
native,0,4096,intra_pkg_OAM0,0,1,intra_pkg,4,2,2048,1706.80
native,0,4096,intra_pkg_OAM0,0,1,intra_pkg,4,2,4096,2268.63
native,0,4096,intra_pkg_OAM0,0,1,intra_pkg,4,2,8192,1091.49
native,0,4096,intra_pkg_OAM0,0,1,intra_pkg,4,2,16384,2174.38
native,0,4096,intra_pkg_OAM0,0,1,intra_pkg,4,2,32768,4055.84
native,0,4096,intra_pkg_OAM0,0,1,intra_pkg,4,2,65536,7874.82
native,0,4096,intra_pkg_OAM0,0,1,intra_pkg,4,2,131072,14782.06
native,0,4096,intra_pkg_OAM0,0,1,intra_pkg,4,2,262144,23372.35
native,0,4096,intra_pkg_OAM0,0,1,intra_pkg,4,2,524288,41402.91
native,0,4096,intra_pkg_OAM0,0,1,intra_pkg,4,2,1048576,61566.39
native,0,4096,intra_pkg_OAM0,0,1,intra_pkg,4,2,2097152,85212.16
native,0,4096,intra_pkg_OAM0,0,1,intra_pkg,4,2,4194304,118374.97
native,0,4096,intra_pkg_OAM0,0,1,intra_pkg,4,2,8388608,133048.26
native,0,4096,intra_pkg_OAM0,0,1,intra_pkg,4,2,16777216,142787.72
native,0,4096,intra_pkg_OAM0,0,1,intra_pkg,4,2,33554432,148053.80
native,0,4096,intra_pkg_OAM0,0,1,intra_pkg,4,2,67108864,150287.57
native,0,4096,intra_pkg_OAM0,0,1,intra_pkg,4,3,1,2.72
native,0,4096,intra_pkg_OAM0,0,1,intra_pkg,4,3,2,6.01
native,0,4096,intra_pkg_OAM0,0,1,intra_pkg,4,3,4,12.24
native,0,4096,intra_pkg_OAM0,0,1,intra_pkg,4,3,8,24.25
native,0,4096,intra_pkg_OAM0,0,1,intra_pkg,4,3,16,49.72
native,0,4096,intra_pkg_OAM0,0,1,intra_pkg,4,3,32,96.22
native,0,4096,intra_pkg_OAM0,0,1,intra_pkg,4,3,64,184.61
native,0,4096,intra_pkg_OAM0,0,1,intra_pkg,4,3,128,325.80
native,0,4096,intra_pkg_OAM0,0,1,intra_pkg,4,3,256,426.09
native,0,4096,intra_pkg_OAM0,0,1,intra_pkg,4,3,512,780.25
native,0,4096,intra_pkg_OAM0,0,1,intra_pkg,4,3,1024,1397.69
native,0,4096,intra_pkg_OAM0,0,1,intra_pkg,4,3,2048,1798.95
native,0,4096,intra_pkg_OAM0,0,1,intra_pkg,4,3,4096,2269.58
native,0,4096,intra_pkg_OAM0,0,1,intra_pkg,4,3,8192,1094.71
native,0,4096,intra_pkg_OAM0,0,1,intra_pkg,4,3,16384,2187.44
native,0,4096,intra_pkg_OAM0,0,1,intra_pkg,4,3,32768,4071.67
native,0,4096,intra_pkg_OAM0,0,1,intra_pkg,4,3,65536,7858.03
native,0,4096,intra_pkg_OAM0,0,1,intra_pkg,4,3,131072,14774.39
native,0,4096,intra_pkg_OAM0,0,1,intra_pkg,4,3,262144,23382.40
native,0,4096,intra_pkg_OAM0,0,1,intra_pkg,4,3,524288,41610.75
native,0,4096,intra_pkg_OAM0,0,1,intra_pkg,4,3,1048576,61790.63
native,0,4096,intra_pkg_OAM0,0,1,intra_pkg,4,3,2097152,85329.13
native,0,4096,intra_pkg_OAM0,0,1,intra_pkg,4,3,4194304,118182.10
native,0,4096,intra_pkg_OAM0,0,1,intra_pkg,4,3,8388608,133319.46
native,0,4096,intra_pkg_OAM0,0,1,intra_pkg,4,3,16777216,143043.47
native,0,4096,intra_pkg_OAM0,0,1,intra_pkg,4,3,33554432,148351.84
native,0,4096,intra_pkg_OAM0,0,1,intra_pkg,4,3,67108864,150439.87
native,0,4096,intra_pkg_OAM0,0,1,intra_pkg,4,4,1,2.96
native,0,4096,intra_pkg_OAM0,0,1,intra_pkg,4,4,2,6.65
native,0,4096,intra_pkg_OAM0,0,1,intra_pkg,4,4,4,13.37
native,0,4096,intra_pkg_OAM0,0,1,intra_pkg,4,4,8,26.65
native,0,4096,intra_pkg_OAM0,0,1,intra_pkg,4,4,16,54.48
native,0,4096,intra_pkg_OAM0,0,1,intra_pkg,4,4,32,100.23
native,0,4096,intra_pkg_OAM0,0,1,intra_pkg,4,4,64,223.53
native,0,4096,intra_pkg_OAM0,0,1,intra_pkg,4,4,128,346.80
native,0,4096,intra_pkg_OAM0,0,1,intra_pkg,4,4,256,437.66
native,0,4096,intra_pkg_OAM0,0,1,intra_pkg,4,4,512,808.94
native,0,4096,intra_pkg_OAM0,0,1,intra_pkg,4,4,1024,1374.04
native,0,4096,intra_pkg_OAM0,0,1,intra_pkg,4,4,2048,1853.23
native,0,4096,intra_pkg_OAM0,0,1,intra_pkg,4,4,4096,2276.03
native,0,4096,intra_pkg_OAM0,0,1,intra_pkg,4,4,8192,1106.16
native,0,4096,intra_pkg_OAM0,0,1,intra_pkg,4,4,16384,2203.93
native,0,4096,intra_pkg_OAM0,0,1,intra_pkg,4,4,32768,4097.30
native,0,4096,intra_pkg_OAM0,0,1,intra_pkg,4,4,65536,7945.44
native,0,4096,intra_pkg_OAM0,0,1,intra_pkg,4,4,131072,14861.48
native,0,4096,intra_pkg_OAM0,0,1,intra_pkg,4,4,262144,23330.20
native,0,4096,intra_pkg_OAM0,0,1,intra_pkg,4,4,524288,41416.63
native,0,4096,intra_pkg_OAM0,0,1,intra_pkg,4,4,1048576,61661.71
native,0,4096,intra_pkg_OAM0,0,1,intra_pkg,4,4,2097152,85323.44
native,0,4096,intra_pkg_OAM0,0,1,intra_pkg,4,4,4194304,118034.82
native,0,4096,intra_pkg_OAM0,0,1,intra_pkg,4,4,8388608,132940.02
native,0,4096,intra_pkg_OAM0,0,1,intra_pkg,4,4,16777216,142795.60
native,0,4096,intra_pkg_OAM0,0,1,intra_pkg,4,4,33554432,147987.96
native,0,4096,intra_pkg_OAM0,0,1,intra_pkg,4,4,67108864,150061.29
native,0,8192,intra_pkg_OAM0,0,1,intra_pkg,4,2,1,2.74
native,0,8192,intra_pkg_OAM0,0,1,intra_pkg,4,2,2,6.18
native,0,8192,intra_pkg_OAM0,0,1,intra_pkg,4,2,4,12.11
native,0,8192,intra_pkg_OAM0,0,1,intra_pkg,4,2,8,24.55
native,0,8192,intra_pkg_OAM0,0,1,intra_pkg,4,2,16,48.95
native,0,8192,intra_pkg_OAM0,0,1,intra_pkg,4,2,32,96.58
native,0,8192,intra_pkg_OAM0,0,1,intra_pkg,4,2,64,190.93
native,0,8192,intra_pkg_OAM0,0,1,intra_pkg,4,2,128,354.00
native,0,8192,intra_pkg_OAM0,0,1,intra_pkg,4,2,256,427.24
native,0,8192,intra_pkg_OAM0,0,1,intra_pkg,4,2,512,774.97
native,0,8192,intra_pkg_OAM0,0,1,intra_pkg,4,2,1024,1322.51
native,0,8192,intra_pkg_OAM0,0,1,intra_pkg,4,2,2048,1763.27
native,0,8192,intra_pkg_OAM0,0,1,intra_pkg,4,2,4096,2805.46
native,0,8192,intra_pkg_OAM0,0,1,intra_pkg,4,2,8192,1105.88
native,0,8192,intra_pkg_OAM0,0,1,intra_pkg,4,2,16384,2202.90
native,0,8192,intra_pkg_OAM0,0,1,intra_pkg,4,2,32768,4093.88
native,0,8192,intra_pkg_OAM0,0,1,intra_pkg,4,2,65536,7934.30
native,0,8192,intra_pkg_OAM0,0,1,intra_pkg,4,2,131072,14898.81
native,0,8192,intra_pkg_OAM0,0,1,intra_pkg,4,2,262144,23340.25
native,0,8192,intra_pkg_OAM0,0,1,intra_pkg,4,2,524288,41315.52
native,0,8192,intra_pkg_OAM0,0,1,intra_pkg,4,2,1048576,61554.32
native,0,8192,intra_pkg_OAM0,0,1,intra_pkg,4,2,2097152,85266.69
native,0,8192,intra_pkg_OAM0,0,1,intra_pkg,4,2,4194304,118194.20
native,0,8192,intra_pkg_OAM0,0,1,intra_pkg,4,2,8388608,133074.53
native,0,8192,intra_pkg_OAM0,0,1,intra_pkg,4,2,16777216,142784.88
native,0,8192,intra_pkg_OAM0,0,1,intra_pkg,4,2,33554432,148047.60
native,0,8192,intra_pkg_OAM0,0,1,intra_pkg,4,2,67108864,150343.13
native,0,8192,intra_pkg_OAM0,0,1,intra_pkg,4,3,1,2.70
native,0,8192,intra_pkg_OAM0,0,1,intra_pkg,4,3,2,5.95
native,0,8192,intra_pkg_OAM0,0,1,intra_pkg,4,3,4,11.92
native,0,8192,intra_pkg_OAM0,0,1,intra_pkg,4,3,8,24.06
native,0,8192,intra_pkg_OAM0,0,1,intra_pkg,4,3,16,48.34
native,0,8192,intra_pkg_OAM0,0,1,intra_pkg,4,3,32,95.34
native,0,8192,intra_pkg_OAM0,0,1,intra_pkg,4,3,64,191.94
native,0,8192,intra_pkg_OAM0,0,1,intra_pkg,4,3,128,302.19
native,0,8192,intra_pkg_OAM0,0,1,intra_pkg,4,3,256,431.05
native,0,8192,intra_pkg_OAM0,0,1,intra_pkg,4,3,512,785.04
native,0,8192,intra_pkg_OAM0,0,1,intra_pkg,4,3,1024,1405.83
native,0,8192,intra_pkg_OAM0,0,1,intra_pkg,4,3,2048,1845.72
native,0,8192,intra_pkg_OAM0,0,1,intra_pkg,4,3,4096,2813.50
native,0,8192,intra_pkg_OAM0,0,1,intra_pkg,4,3,8192,1104.19
native,0,8192,intra_pkg_OAM0,0,1,intra_pkg,4,3,16384,2200.36
native,0,8192,intra_pkg_OAM0,0,1,intra_pkg,4,3,32768,4077.42
native,0,8192,intra_pkg_OAM0,0,1,intra_pkg,4,3,65536,7898.64
native,0,8192,intra_pkg_OAM0,0,1,intra_pkg,4,3,131072,14859.58
native,0,8192,intra_pkg_OAM0,0,1,intra_pkg,4,3,262144,23437.01
native,0,8192,intra_pkg_OAM0,0,1,intra_pkg,4,3,524288,41488.68
native,0,8192,intra_pkg_OAM0,0,1,intra_pkg,4,3,1048576,61716.59
native,0,8192,intra_pkg_OAM0,0,1,intra_pkg,4,3,2097152,85304.74
native,0,8192,intra_pkg_OAM0,0,1,intra_pkg,4,3,4194304,118255.64
native,0,8192,intra_pkg_OAM0,0,1,intra_pkg,4,3,8388608,133081.57
native,0,8192,intra_pkg_OAM0,0,1,intra_pkg,4,3,16777216,142938.29
native,0,8192,intra_pkg_OAM0,0,1,intra_pkg,4,3,33554432,148261.45
native,0,8192,intra_pkg_OAM0,0,1,intra_pkg,4,3,67108864,150425.02
native,0,8192,intra_pkg_OAM0,0,1,intra_pkg,4,4,1,2.80
native,0,8192,intra_pkg_OAM0,0,1,intra_pkg,4,4,2,6.19
native,0,8192,intra_pkg_OAM0,0,1,intra_pkg,4,4,4,12.03
native,0,8192,intra_pkg_OAM0,0,1,intra_pkg,4,4,8,24.50
native,0,8192,intra_pkg_OAM0,0,1,intra_pkg,4,4,16,49.73
native,0,8192,intra_pkg_OAM0,0,1,intra_pkg,4,4,32,96.46
native,0,8192,intra_pkg_OAM0,0,1,intra_pkg,4,4,64,187.44
native,0,8192,intra_pkg_OAM0,0,1,intra_pkg,4,4,128,315.86
native,0,8192,intra_pkg_OAM0,0,1,intra_pkg,4,4,256,428.53
native,0,8192,intra_pkg_OAM0,0,1,intra_pkg,4,4,512,769.76
native,0,8192,intra_pkg_OAM0,0,1,intra_pkg,4,4,1024,1296.21
native,0,8192,intra_pkg_OAM0,0,1,intra_pkg,4,4,2048,1776.04
native,0,8192,intra_pkg_OAM0,0,1,intra_pkg,4,4,4096,2892.64
native,0,8192,intra_pkg_OAM0,0,1,intra_pkg,4,4,8192,1089.86
native,0,8192,intra_pkg_OAM0,0,1,intra_pkg,4,4,16384,2173.07
native,0,8192,intra_pkg_OAM0,0,1,intra_pkg,4,4,32768,4049.81
native,0,8192,intra_pkg_OAM0,0,1,intra_pkg,4,4,65536,7860.42
native,0,8192,intra_pkg_OAM0,0,1,intra_pkg,4,4,131072,14676.97
native,0,8192,intra_pkg_OAM0,0,1,intra_pkg,4,4,262144,23282.23
native,0,8192,intra_pkg_OAM0,0,1,intra_pkg,4,4,524288,41530.77
native,0,8192,intra_pkg_OAM0,0,1,intra_pkg,4,4,1048576,61747.70
native,0,8192,intra_pkg_OAM0,0,1,intra_pkg,4,4,2097152,85226.66
native,0,8192,intra_pkg_OAM0,0,1,intra_pkg,4,4,4194304,118287.90
native,0,8192,intra_pkg_OAM0,0,1,intra_pkg,4,4,8388608,133216.33
native,0,8192,intra_pkg_OAM0,0,1,intra_pkg,4,4,16777216,142986.92
native,0,8192,intra_pkg_OAM0,0,1,intra_pkg,4,4,33554432,148147.33
native,0,8192,intra_pkg_OAM0,0,1,intra_pkg,4,4,67108864,150289.86
native,0,16384,intra_pkg_OAM0,0,1,intra_pkg,4,2,1,2.71
native,0,16384,intra_pkg_OAM0,0,1,intra_pkg,4,2,2,6.05
native,0,16384,intra_pkg_OAM0,0,1,intra_pkg,4,2,4,12.06
native,0,16384,intra_pkg_OAM0,0,1,intra_pkg,4,2,8,24.43
native,0,16384,intra_pkg_OAM0,0,1,intra_pkg,4,2,16,49.13
native,0,16384,intra_pkg_OAM0,0,1,intra_pkg,4,2,32,94.77
native,0,16384,intra_pkg_OAM0,0,1,intra_pkg,4,2,64,188.71
native,0,16384,intra_pkg_OAM0,0,1,intra_pkg,4,2,128,346.55
native,0,16384,intra_pkg_OAM0,0,1,intra_pkg,4,2,256,432.70
native,0,16384,intra_pkg_OAM0,0,1,intra_pkg,4,2,512,782.73
native,0,16384,intra_pkg_OAM0,0,1,intra_pkg,4,2,1024,1335.29
native,0,16384,intra_pkg_OAM0,0,1,intra_pkg,4,2,2048,1776.92
native,0,16384,intra_pkg_OAM0,0,1,intra_pkg,4,2,4096,2837.84
native,0,16384,intra_pkg_OAM0,0,1,intra_pkg,4,2,8192,1093.73
native,0,16384,intra_pkg_OAM0,0,1,intra_pkg,4,2,16384,2165.30
native,0,16384,intra_pkg_OAM0,0,1,intra_pkg,4,2,32768,4082.80
native,0,16384,intra_pkg_OAM0,0,1,intra_pkg,4,2,65536,7850.24
native,0,16384,intra_pkg_OAM0,0,1,intra_pkg,4,2,131072,14670.01
native,0,16384,intra_pkg_OAM0,0,1,intra_pkg,4,2,262144,23376.24
native,0,16384,intra_pkg_OAM0,0,1,intra_pkg,4,2,524288,41323.49
native,0,16384,intra_pkg_OAM0,0,1,intra_pkg,4,2,1048576,61606.46
native,0,16384,intra_pkg_OAM0,0,1,intra_pkg,4,2,2097152,85074.40
native,0,16384,intra_pkg_OAM0,0,1,intra_pkg,4,2,4194304,118243.95
native,0,16384,intra_pkg_OAM0,0,1,intra_pkg,4,2,8388608,133220.80
native,0,16384,intra_pkg_OAM0,0,1,intra_pkg,4,2,16777216,142961.83
native,0,16384,intra_pkg_OAM0,0,1,intra_pkg,4,2,33554432,148021.73
native,0,16384,intra_pkg_OAM0,0,1,intra_pkg,4,2,67108864,150201.21
native,0,16384,intra_pkg_OAM0,0,1,intra_pkg,4,3,1,2.75
native,0,16384,intra_pkg_OAM0,0,1,intra_pkg,4,3,2,5.81
native,0,16384,intra_pkg_OAM0,0,1,intra_pkg,4,3,4,12.02
native,0,16384,intra_pkg_OAM0,0,1,intra_pkg,4,3,8,24.02
native,0,16384,intra_pkg_OAM0,0,1,intra_pkg,4,3,16,48.72
native,0,16384,intra_pkg_OAM0,0,1,intra_pkg,4,3,32,94.05
native,0,16384,intra_pkg_OAM0,0,1,intra_pkg,4,3,64,181.29
native,0,16384,intra_pkg_OAM0,0,1,intra_pkg,4,3,128,375.84
native,0,16384,intra_pkg_OAM0,0,1,intra_pkg,4,3,256,422.49
native,0,16384,intra_pkg_OAM0,0,1,intra_pkg,4,3,512,790.60
native,0,16384,intra_pkg_OAM0,0,1,intra_pkg,4,3,1024,1405.51
native,0,16384,intra_pkg_OAM0,0,1,intra_pkg,4,3,2048,1814.26
native,0,16384,intra_pkg_OAM0,0,1,intra_pkg,4,3,4096,2847.79
native,0,16384,intra_pkg_OAM0,0,1,intra_pkg,4,3,8192,1099.03
native,0,16384,intra_pkg_OAM0,0,1,intra_pkg,4,3,16384,2188.80
native,0,16384,intra_pkg_OAM0,0,1,intra_pkg,4,3,32768,4064.06
native,0,16384,intra_pkg_OAM0,0,1,intra_pkg,4,3,65536,7890.73
native,0,16384,intra_pkg_OAM0,0,1,intra_pkg,4,3,131072,14670.97
native,0,16384,intra_pkg_OAM0,0,1,intra_pkg,4,3,262144,23392.54
native,0,16384,intra_pkg_OAM0,0,1,intra_pkg,4,3,524288,41665.19
native,0,16384,intra_pkg_OAM0,0,1,intra_pkg,4,3,1048576,61946.62
native,0,16384,intra_pkg_OAM0,0,1,intra_pkg,4,3,2097152,85312.33
native,0,16384,intra_pkg_OAM0,0,1,intra_pkg,4,3,4194304,118161.85
native,0,16384,intra_pkg_OAM0,0,1,intra_pkg,4,3,8388608,133152.37
native,0,16384,intra_pkg_OAM0,0,1,intra_pkg,4,3,16777216,142759.15
native,0,16384,intra_pkg_OAM0,0,1,intra_pkg,4,3,33554432,148178.34
native,0,16384,intra_pkg_OAM0,0,1,intra_pkg,4,3,67108864,150468.42
native,0,16384,intra_pkg_OAM0,0,1,intra_pkg,4,4,1,2.59
native,0,16384,intra_pkg_OAM0,0,1,intra_pkg,4,4,2,5.90
native,0,16384,intra_pkg_OAM0,0,1,intra_pkg,4,4,4,11.64
native,0,16384,intra_pkg_OAM0,0,1,intra_pkg,4,4,8,23.24
native,0,16384,intra_pkg_OAM0,0,1,intra_pkg,4,4,16,46.31
native,0,16384,intra_pkg_OAM0,0,1,intra_pkg,4,4,32,91.39
native,0,16384,intra_pkg_OAM0,0,1,intra_pkg,4,4,64,184.02
native,0,16384,intra_pkg_OAM0,0,1,intra_pkg,4,4,128,305.13
native,0,16384,intra_pkg_OAM0,0,1,intra_pkg,4,4,256,424.34
native,0,16384,intra_pkg_OAM0,0,1,intra_pkg,4,4,512,765.82
native,0,16384,intra_pkg_OAM0,0,1,intra_pkg,4,4,1024,1336.92
native,0,16384,intra_pkg_OAM0,0,1,intra_pkg,4,4,2048,1709.33
native,0,16384,intra_pkg_OAM0,0,1,intra_pkg,4,4,4096,2937.68
native,0,16384,intra_pkg_OAM0,0,1,intra_pkg,4,4,8192,1084.03
native,0,16384,intra_pkg_OAM0,0,1,intra_pkg,4,4,16384,2146.59
native,0,16384,intra_pkg_OAM0,0,1,intra_pkg,4,4,32768,4041.35
native,0,16384,intra_pkg_OAM0,0,1,intra_pkg,4,4,65536,7816.49
native,0,16384,intra_pkg_OAM0,0,1,intra_pkg,4,4,131072,14519.02
native,0,16384,intra_pkg_OAM0,0,1,intra_pkg,4,4,262144,23239.89
native,0,16384,intra_pkg_OAM0,0,1,intra_pkg,4,4,524288,41503.06
native,0,16384,intra_pkg_OAM0,0,1,intra_pkg,4,4,1048576,61621.58
native,0,16384,intra_pkg_OAM0,0,1,intra_pkg,4,4,2097152,85025.26
native,0,16384,intra_pkg_OAM0,0,1,intra_pkg,4,4,4194304,118186.63
native,0,16384,intra_pkg_OAM0,0,1,intra_pkg,4,4,8388608,133122.94
native,0,16384,intra_pkg_OAM0,0,1,intra_pkg,4,4,16777216,143019.64
native,0,16384,intra_pkg_OAM0,0,1,intra_pkg,4,4,33554432,148186.72
native,0,16384,intra_pkg_OAM0,0,1,intra_pkg,4,4,67108864,150356.79
