stack,sdma_enabled,pair_label,gcd_a,gcd_b,tier,num_links,run,size_bytes,bandwidth_MBps
eessi,0,intra_pkg_OAM0,0,1,intra_pkg,4,2,1,4.41
eessi,0,intra_pkg_OAM0,0,1,intra_pkg,4,2,2,8.92
eessi,0,intra_pkg_OAM0,0,1,intra_pkg,4,2,4,17.85
eessi,0,intra_pkg_OAM0,0,1,intra_pkg,4,2,8,35.80
eessi,0,intra_pkg_OAM0,0,1,intra_pkg,4,2,16,71.06
eessi,0,intra_pkg_OAM0,0,1,intra_pkg,4,2,32,136.55
eessi,0,intra_pkg_OAM0,0,1,intra_pkg,4,2,64,286.78
eessi,0,intra_pkg_OAM0,0,1,intra_pkg,4,2,128,564.55
eessi,0,intra_pkg_OAM0,0,1,intra_pkg,4,2,256,1169.84
eessi,0,intra_pkg_OAM0,0,1,intra_pkg,4,2,512,2236.31
eessi,0,intra_pkg_OAM0,0,1,intra_pkg,4,2,1024,4526.79
eessi,0,intra_pkg_OAM0,0,1,intra_pkg,4,2,2048,8492.23
eessi,0,intra_pkg_OAM0,0,1,intra_pkg,4,2,4096,13549.55
eessi,0,intra_pkg_OAM0,0,1,intra_pkg,4,2,8192,17751.78
eessi,0,intra_pkg_OAM0,0,1,intra_pkg,4,2,16384,20720.46
eessi,0,intra_pkg_OAM0,0,1,intra_pkg,4,2,32768,26260.87
eessi,0,intra_pkg_OAM0,0,1,intra_pkg,4,2,65536,30882.05
eessi,0,intra_pkg_OAM0,0,1,intra_pkg,4,2,131072,33096.93
eessi,0,intra_pkg_OAM0,0,1,intra_pkg,4,2,262144,25474.97
eessi,0,intra_pkg_OAM0,0,1,intra_pkg,4,2,524288,14551.71
eessi,0,intra_pkg_OAM0,0,1,intra_pkg,4,2,1048576,11388.91
eessi,0,intra_pkg_OAM0,0,1,intra_pkg,4,2,2097152,10495.26
eessi,0,intra_pkg_OAM0,0,1,intra_pkg,4,2,4194304,10367.54
eessi,0,intra_pkg_OAM0,0,1,intra_pkg,4,2,8388608,9812.20
eessi,0,intra_pkg_OAM0,0,1,intra_pkg,4,2,16777216,9808.35
eessi,0,intra_pkg_OAM0,0,1,intra_pkg,4,3,1,4.59
eessi,0,intra_pkg_OAM0,0,1,intra_pkg,4,3,2,8.88
eessi,0,intra_pkg_OAM0,0,1,intra_pkg,4,3,4,18.10
eessi,0,intra_pkg_OAM0,0,1,intra_pkg,4,3,8,34.94
eessi,0,intra_pkg_OAM0,0,1,intra_pkg,4,3,16,71.93
eessi,0,intra_pkg_OAM0,0,1,intra_pkg,4,3,32,144.59
eessi,0,intra_pkg_OAM0,0,1,intra_pkg,4,3,64,296.60
eessi,0,intra_pkg_OAM0,0,1,intra_pkg,4,3,128,589.62
eessi,0,intra_pkg_OAM0,0,1,intra_pkg,4,3,256,1165.79
eessi,0,intra_pkg_OAM0,0,1,intra_pkg,4,3,512,2215.94
eessi,0,intra_pkg_OAM0,0,1,intra_pkg,4,3,1024,4668.10
eessi,0,intra_pkg_OAM0,0,1,intra_pkg,4,3,2048,8723.62
eessi,0,intra_pkg_OAM0,0,1,intra_pkg,4,3,4096,13559.46
eessi,0,intra_pkg_OAM0,0,1,intra_pkg,4,3,8192,17459.65
eessi,0,intra_pkg_OAM0,0,1,intra_pkg,4,3,16384,20818.11
eessi,0,intra_pkg_OAM0,0,1,intra_pkg,4,3,32768,26636.46
eessi,0,intra_pkg_OAM0,0,1,intra_pkg,4,3,65536,30919.35
eessi,0,intra_pkg_OAM0,0,1,intra_pkg,4,3,131072,33659.27
eessi,0,intra_pkg_OAM0,0,1,intra_pkg,4,3,262144,26002.45
eessi,0,intra_pkg_OAM0,0,1,intra_pkg,4,3,524288,15292.46
eessi,0,intra_pkg_OAM0,0,1,intra_pkg,4,3,1048576,11359.26
eessi,0,intra_pkg_OAM0,0,1,intra_pkg,4,3,2097152,10704.55
eessi,0,intra_pkg_OAM0,0,1,intra_pkg,4,3,4194304,10021.64
eessi,0,intra_pkg_OAM0,0,1,intra_pkg,4,3,8388608,9762.39
eessi,0,intra_pkg_OAM0,0,1,intra_pkg,4,3,16777216,10143.48
eessi,0,intra_pkg_OAM0,0,1,intra_pkg,4,4,1,4.43
eessi,0,intra_pkg_OAM0,0,1,intra_pkg,4,4,2,8.95
eessi,0,intra_pkg_OAM0,0,1,intra_pkg,4,4,4,17.57
eessi,0,intra_pkg_OAM0,0,1,intra_pkg,4,4,8,36.44
eessi,0,intra_pkg_OAM0,0,1,intra_pkg,4,4,16,72.24
eessi,0,intra_pkg_OAM0,0,1,intra_pkg,4,4,32,141.08
eessi,0,intra_pkg_OAM0,0,1,intra_pkg,4,4,64,279.80
eessi,0,intra_pkg_OAM0,0,1,intra_pkg,4,4,128,603.18
eessi,0,intra_pkg_OAM0,0,1,intra_pkg,4,4,256,1219.51
eessi,0,intra_pkg_OAM0,0,1,intra_pkg,4,4,512,2324.38
eessi,0,intra_pkg_OAM0,0,1,intra_pkg,4,4,1024,4721.44
eessi,0,intra_pkg_OAM0,0,1,intra_pkg,4,4,2048,8712.12
eessi,0,intra_pkg_OAM0,0,1,intra_pkg,4,4,4096,13549.62
eessi,0,intra_pkg_OAM0,0,1,intra_pkg,4,4,8192,17789.32
eessi,0,intra_pkg_OAM0,0,1,intra_pkg,4,4,16384,20809.63
eessi,0,intra_pkg_OAM0,0,1,intra_pkg,4,4,32768,25837.46
eessi,0,intra_pkg_OAM0,0,1,intra_pkg,4,4,65536,30604.46
eessi,0,intra_pkg_OAM0,0,1,intra_pkg,4,4,131072,33072.82
eessi,0,intra_pkg_OAM0,0,1,intra_pkg,4,4,262144,26434.24
eessi,0,intra_pkg_OAM0,0,1,intra_pkg,4,4,524288,15199.45
eessi,0,intra_pkg_OAM0,0,1,intra_pkg,4,4,1048576,11911.32
eessi,0,intra_pkg_OAM0,0,1,intra_pkg,4,4,2097152,10479.66
eessi,0,intra_pkg_OAM0,0,1,intra_pkg,4,4,4194304,9983.88
eessi,0,intra_pkg_OAM0,0,1,intra_pkg,4,4,8388608,10127.70
eessi,0,intra_pkg_OAM0,0,1,intra_pkg,4,4,16777216,9804.32
eessi,0,intra_pkg_OAM0,0,1,intra_pkg,4,5,1,4.40
eessi,0,intra_pkg_OAM0,0,1,intra_pkg,4,5,2,8.63
eessi,0,intra_pkg_OAM0,0,1,intra_pkg,4,5,4,16.43
eessi,0,intra_pkg_OAM0,0,1,intra_pkg,4,5,8,35.59
eessi,0,intra_pkg_OAM0,0,1,intra_pkg,4,5,16,72.12
eessi,0,intra_pkg_OAM0,0,1,intra_pkg,4,5,32,143.22
eessi,0,intra_pkg_OAM0,0,1,intra_pkg,4,5,64,285.05
eessi,0,intra_pkg_OAM0,0,1,intra_pkg,4,5,128,570.40
eessi,0,intra_pkg_OAM0,0,1,intra_pkg,4,5,256,1131.16
eessi,0,intra_pkg_OAM0,0,1,intra_pkg,4,5,512,2268.56
eessi,0,intra_pkg_OAM0,0,1,intra_pkg,4,5,1024,4615.43
eessi,0,intra_pkg_OAM0,0,1,intra_pkg,4,5,2048,7681.15
eessi,0,intra_pkg_OAM0,0,1,intra_pkg,4,5,4096,13517.84
eessi,0,intra_pkg_OAM0,0,1,intra_pkg,4,5,8192,17798.63
eessi,0,intra_pkg_OAM0,0,1,intra_pkg,4,5,16384,20660.25
eessi,0,intra_pkg_OAM0,0,1,intra_pkg,4,5,32768,25776.24
eessi,0,intra_pkg_OAM0,0,1,intra_pkg,4,5,65536,30395.26
eessi,0,intra_pkg_OAM0,0,1,intra_pkg,4,5,131072,32561.29
eessi,0,intra_pkg_OAM0,0,1,intra_pkg,4,5,262144,26677.12
eessi,0,intra_pkg_OAM0,0,1,intra_pkg,4,5,524288,15200.69
eessi,0,intra_pkg_OAM0,0,1,intra_pkg,4,5,1048576,11378.99
eessi,0,intra_pkg_OAM0,0,1,intra_pkg,4,5,2097152,10486.54
eessi,0,intra_pkg_OAM0,0,1,intra_pkg,4,5,4194304,10361.50
eessi,0,intra_pkg_OAM0,0,1,intra_pkg,4,5,8388608,9803.55
eessi,0,intra_pkg_OAM0,0,1,intra_pkg,4,5,16777216,9807.13
eessi,0,intra_pkg_OAM0,0,1,intra_pkg,4,6,1,4.41
eessi,0,intra_pkg_OAM0,0,1,intra_pkg,4,6,2,8.66
eessi,0,intra_pkg_OAM0,0,1,intra_pkg,4,6,4,17.31
eessi,0,intra_pkg_OAM0,0,1,intra_pkg,4,6,8,33.91
eessi,0,intra_pkg_OAM0,0,1,intra_pkg,4,6,16,71.51
eessi,0,intra_pkg_OAM0,0,1,intra_pkg,4,6,32,143.66
eessi,0,intra_pkg_OAM0,0,1,intra_pkg,4,6,64,286.37
eessi,0,intra_pkg_OAM0,0,1,intra_pkg,4,6,128,570.50
eessi,0,intra_pkg_OAM0,0,1,intra_pkg,4,6,256,1145.10
eessi,0,intra_pkg_OAM0,0,1,intra_pkg,4,6,512,2203.62
eessi,0,intra_pkg_OAM0,0,1,intra_pkg,4,6,1024,4221.01
eessi,0,intra_pkg_OAM0,0,1,intra_pkg,4,6,2048,8375.65
eessi,0,intra_pkg_OAM0,0,1,intra_pkg,4,6,4096,13508.07
eessi,0,intra_pkg_OAM0,0,1,intra_pkg,4,6,8192,17199.50
eessi,0,intra_pkg_OAM0,0,1,intra_pkg,4,6,16384,20413.70
eessi,0,intra_pkg_OAM0,0,1,intra_pkg,4,6,32768,25917.22
eessi,0,intra_pkg_OAM0,0,1,intra_pkg,4,6,65536,30922.27
eessi,0,intra_pkg_OAM0,0,1,intra_pkg,4,6,131072,33459.64
eessi,0,intra_pkg_OAM0,0,1,intra_pkg,4,6,262144,25798.24
eessi,0,intra_pkg_OAM0,0,1,intra_pkg,4,6,524288,15245.46
eessi,0,intra_pkg_OAM0,0,1,intra_pkg,4,6,1048576,11394.10
eessi,0,intra_pkg_OAM0,0,1,intra_pkg,4,6,2097152,10491.75
eessi,0,intra_pkg_OAM0,0,1,intra_pkg,4,6,4194304,10017.48
eessi,0,intra_pkg_OAM0,0,1,intra_pkg,4,6,8388608,10113.22
eessi,0,intra_pkg_OAM0,0,1,intra_pkg,4,6,16777216,9753.23
eessi,0,intra_pkg_OAM1,2,3,intra_pkg,4,2,1,4.31
eessi,0,intra_pkg_OAM1,2,3,intra_pkg,4,2,2,8.83
eessi,0,intra_pkg_OAM1,2,3,intra_pkg,4,2,4,17.03
eessi,0,intra_pkg_OAM1,2,3,intra_pkg,4,2,8,33.93
eessi,0,intra_pkg_OAM1,2,3,intra_pkg,4,2,16,70.95
eessi,0,intra_pkg_OAM1,2,3,intra_pkg,4,2,32,143.28
eessi,0,intra_pkg_OAM1,2,3,intra_pkg,4,2,64,272.10
eessi,0,intra_pkg_OAM1,2,3,intra_pkg,4,2,128,569.22
eessi,0,intra_pkg_OAM1,2,3,intra_pkg,4,2,256,1139.41
eessi,0,intra_pkg_OAM1,2,3,intra_pkg,4,2,512,2002.53
eessi,0,intra_pkg_OAM1,2,3,intra_pkg,4,2,1024,4317.93
eessi,0,intra_pkg_OAM1,2,3,intra_pkg,4,2,2048,8033.31
eessi,0,intra_pkg_OAM1,2,3,intra_pkg,4,2,4096,12855.18
eessi,0,intra_pkg_OAM1,2,3,intra_pkg,4,2,8192,16918.56
eessi,0,intra_pkg_OAM1,2,3,intra_pkg,4,2,16384,20400.72
eessi,0,intra_pkg_OAM1,2,3,intra_pkg,4,2,32768,25582.21
eessi,0,intra_pkg_OAM1,2,3,intra_pkg,4,2,65536,30235.31
eessi,0,intra_pkg_OAM1,2,3,intra_pkg,4,2,131072,32670.99
eessi,0,intra_pkg_OAM1,2,3,intra_pkg,4,2,262144,25989.88
eessi,0,intra_pkg_OAM1,2,3,intra_pkg,4,2,524288,15231.18
eessi,0,intra_pkg_OAM1,2,3,intra_pkg,4,2,1048576,11336.87
eessi,0,intra_pkg_OAM1,2,3,intra_pkg,4,2,2097152,10733.79
eessi,0,intra_pkg_OAM1,2,3,intra_pkg,4,2,4194304,9980.71
eessi,0,intra_pkg_OAM1,2,3,intra_pkg,4,2,8388608,9777.96
eessi,0,intra_pkg_OAM1,2,3,intra_pkg,4,2,16777216,10119.48
eessi,0,intra_pkg_OAM1,2,3,intra_pkg,4,3,1,4.54
eessi,0,intra_pkg_OAM1,2,3,intra_pkg,4,3,2,8.83
eessi,0,intra_pkg_OAM1,2,3,intra_pkg,4,3,4,18.58
eessi,0,intra_pkg_OAM1,2,3,intra_pkg,4,3,8,35.85
eessi,0,intra_pkg_OAM1,2,3,intra_pkg,4,3,16,73.25
eessi,0,intra_pkg_OAM1,2,3,intra_pkg,4,3,32,145.76
eessi,0,intra_pkg_OAM1,2,3,intra_pkg,4,3,64,292.46
eessi,0,intra_pkg_OAM1,2,3,intra_pkg,4,3,128,583.33
eessi,0,intra_pkg_OAM1,2,3,intra_pkg,4,3,256,1174.40
eessi,0,intra_pkg_OAM1,2,3,intra_pkg,4,3,512,2237.47
eessi,0,intra_pkg_OAM1,2,3,intra_pkg,4,3,1024,4744.18
eessi,0,intra_pkg_OAM1,2,3,intra_pkg,4,3,2048,8606.37
eessi,0,intra_pkg_OAM1,2,3,intra_pkg,4,3,4096,13718.57
eessi,0,intra_pkg_OAM1,2,3,intra_pkg,4,3,8192,17385.34
eessi,0,intra_pkg_OAM1,2,3,intra_pkg,4,3,16384,20388.96
eessi,0,intra_pkg_OAM1,2,3,intra_pkg,4,3,32768,25807.49
eessi,0,intra_pkg_OAM1,2,3,intra_pkg,4,3,65536,30653.13
eessi,0,intra_pkg_OAM1,2,3,intra_pkg,4,3,131072,33191.37
eessi,0,intra_pkg_OAM1,2,3,intra_pkg,4,3,262144,25101.28
eessi,0,intra_pkg_OAM1,2,3,intra_pkg,4,3,524288,15219.69
eessi,0,intra_pkg_OAM1,2,3,intra_pkg,4,3,1048576,11342.81
eessi,0,intra_pkg_OAM1,2,3,intra_pkg,4,3,2097152,10451.52
eessi,0,intra_pkg_OAM1,2,3,intra_pkg,4,3,4194304,9993.43
eessi,0,intra_pkg_OAM1,2,3,intra_pkg,4,3,8388608,9768.68
eessi,0,intra_pkg_OAM1,2,3,intra_pkg,4,3,16777216,9774.21
eessi,0,intra_pkg_OAM1,2,3,intra_pkg,4,4,1,4.56
eessi,0,intra_pkg_OAM1,2,3,intra_pkg,4,4,2,8.91
eessi,0,intra_pkg_OAM1,2,3,intra_pkg,4,4,4,18.30
eessi,0,intra_pkg_OAM1,2,3,intra_pkg,4,4,8,36.66
eessi,0,intra_pkg_OAM1,2,3,intra_pkg,4,4,16,73.18
eessi,0,intra_pkg_OAM1,2,3,intra_pkg,4,4,32,141.91
eessi,0,intra_pkg_OAM1,2,3,intra_pkg,4,4,64,296.46
eessi,0,intra_pkg_OAM1,2,3,intra_pkg,4,4,128,580.72
eessi,0,intra_pkg_OAM1,2,3,intra_pkg,4,4,256,1120.73
eessi,0,intra_pkg_OAM1,2,3,intra_pkg,4,4,512,2298.44
eessi,0,intra_pkg_OAM1,2,3,intra_pkg,4,4,1024,4472.07
eessi,0,intra_pkg_OAM1,2,3,intra_pkg,4,4,2048,8385.22
eessi,0,intra_pkg_OAM1,2,3,intra_pkg,4,4,4096,13729.95
eessi,0,intra_pkg_OAM1,2,3,intra_pkg,4,4,8192,17545.94
eessi,0,intra_pkg_OAM1,2,3,intra_pkg,4,4,16384,20601.85
eessi,0,intra_pkg_OAM1,2,3,intra_pkg,4,4,32768,26091.75
eessi,0,intra_pkg_OAM1,2,3,intra_pkg,4,4,65536,30780.10
eessi,0,intra_pkg_OAM1,2,3,intra_pkg,4,4,131072,32794.22
eessi,0,intra_pkg_OAM1,2,3,intra_pkg,4,4,262144,25921.21
eessi,0,intra_pkg_OAM1,2,3,intra_pkg,4,4,524288,15166.80
eessi,0,intra_pkg_OAM1,2,3,intra_pkg,4,4,1048576,11258.87
eessi,0,intra_pkg_OAM1,2,3,intra_pkg,4,4,2097152,10803.09
eessi,0,intra_pkg_OAM1,2,3,intra_pkg,4,4,4194304,9955.66
eessi,0,intra_pkg_OAM1,2,3,intra_pkg,4,4,8388608,9738.62
eessi,0,intra_pkg_OAM1,2,3,intra_pkg,4,4,16777216,9730.36
eessi,0,intra_pkg_OAM1,2,3,intra_pkg,4,5,1,4.31
eessi,0,intra_pkg_OAM1,2,3,intra_pkg,4,5,2,8.63
eessi,0,intra_pkg_OAM1,2,3,intra_pkg,4,5,4,17.18
eessi,0,intra_pkg_OAM1,2,3,intra_pkg,4,5,8,34.90
eessi,0,intra_pkg_OAM1,2,3,intra_pkg,4,5,16,67.83
eessi,0,intra_pkg_OAM1,2,3,intra_pkg,4,5,32,136.31
eessi,0,intra_pkg_OAM1,2,3,intra_pkg,4,5,64,279.72
eessi,0,intra_pkg_OAM1,2,3,intra_pkg,4,5,128,534.42
eessi,0,intra_pkg_OAM1,2,3,intra_pkg,4,5,256,1111.56
eessi,0,intra_pkg_OAM1,2,3,intra_pkg,4,5,512,2213.17
eessi,0,intra_pkg_OAM1,2,3,intra_pkg,4,5,1024,4350.55
eessi,0,intra_pkg_OAM1,2,3,intra_pkg,4,5,2048,8127.29
eessi,0,intra_pkg_OAM1,2,3,intra_pkg,4,5,4096,13615.06
eessi,0,intra_pkg_OAM1,2,3,intra_pkg,4,5,8192,17389.38
eessi,0,intra_pkg_OAM1,2,3,intra_pkg,4,5,16384,20470.80
eessi,0,intra_pkg_OAM1,2,3,intra_pkg,4,5,32768,24630.58
eessi,0,intra_pkg_OAM1,2,3,intra_pkg,4,5,65536,30265.83
eessi,0,intra_pkg_OAM1,2,3,intra_pkg,4,5,131072,33398.88
eessi,0,intra_pkg_OAM1,2,3,intra_pkg,4,5,262144,25525.17
eessi,0,intra_pkg_OAM1,2,3,intra_pkg,4,5,524288,15458.14
eessi,0,intra_pkg_OAM1,2,3,intra_pkg,4,5,1048576,11552.26
eessi,0,intra_pkg_OAM1,2,3,intra_pkg,4,5,2097152,10455.21
eessi,0,intra_pkg_OAM1,2,3,intra_pkg,4,5,4194304,9966.89
eessi,0,intra_pkg_OAM1,2,3,intra_pkg,4,5,8388608,9783.37
eessi,0,intra_pkg_OAM1,2,3,intra_pkg,4,5,16777216,9797.93
eessi,0,intra_pkg_OAM1,2,3,intra_pkg,4,6,1,4.53
eessi,0,intra_pkg_OAM1,2,3,intra_pkg,4,6,2,9.12
eessi,0,intra_pkg_OAM1,2,3,intra_pkg,4,6,4,17.82
eessi,0,intra_pkg_OAM1,2,3,intra_pkg,4,6,8,35.82
eessi,0,intra_pkg_OAM1,2,3,intra_pkg,4,6,16,72.61
eessi,0,intra_pkg_OAM1,2,3,intra_pkg,4,6,32,145.03
eessi,0,intra_pkg_OAM1,2,3,intra_pkg,4,6,64,289.66
eessi,0,intra_pkg_OAM1,2,3,intra_pkg,4,6,128,580.76
eessi,0,intra_pkg_OAM1,2,3,intra_pkg,4,6,256,1124.82
eessi,0,intra_pkg_OAM1,2,3,intra_pkg,4,6,512,2296.00
eessi,0,intra_pkg_OAM1,2,3,intra_pkg,4,6,1024,4594.51
eessi,0,intra_pkg_OAM1,2,3,intra_pkg,4,6,2048,8528.27
eessi,0,intra_pkg_OAM1,2,3,intra_pkg,4,6,4096,13614.42
eessi,0,intra_pkg_OAM1,2,3,intra_pkg,4,6,8192,17814.57
eessi,0,intra_pkg_OAM1,2,3,intra_pkg,4,6,16384,20749.18
eessi,0,intra_pkg_OAM1,2,3,intra_pkg,4,6,32768,26072.28
eessi,0,intra_pkg_OAM1,2,3,intra_pkg,4,6,65536,30841.28
eessi,0,intra_pkg_OAM1,2,3,intra_pkg,4,6,131072,33648.12
eessi,0,intra_pkg_OAM1,2,3,intra_pkg,4,6,262144,26158.31
eessi,0,intra_pkg_OAM1,2,3,intra_pkg,4,6,524288,15531.16
eessi,0,intra_pkg_OAM1,2,3,intra_pkg,4,6,1048576,11359.13
eessi,0,intra_pkg_OAM1,2,3,intra_pkg,4,6,2097152,10469.89
eessi,0,intra_pkg_OAM1,2,3,intra_pkg,4,6,4194304,9963.23
eessi,0,intra_pkg_OAM1,2,3,intra_pkg,4,6,8388608,9747.71
eessi,0,intra_pkg_OAM1,2,3,intra_pkg,4,6,16777216,9758.23
eessi,0,intra_pkg_OAM2,4,5,intra_pkg,4,2,1,4.50
eessi,0,intra_pkg_OAM2,4,5,intra_pkg,4,2,2,8.93
eessi,0,intra_pkg_OAM2,4,5,intra_pkg,4,2,4,18.47
eessi,0,intra_pkg_OAM2,4,5,intra_pkg,4,2,8,36.56
eessi,0,intra_pkg_OAM2,4,5,intra_pkg,4,2,16,72.93
eessi,0,intra_pkg_OAM2,4,5,intra_pkg,4,2,32,143.29
eessi,0,intra_pkg_OAM2,4,5,intra_pkg,4,2,64,297.60
eessi,0,intra_pkg_OAM2,4,5,intra_pkg,4,2,128,591.97
eessi,0,intra_pkg_OAM2,4,5,intra_pkg,4,2,256,1072.14
eessi,0,intra_pkg_OAM2,4,5,intra_pkg,4,2,512,2347.23
eessi,0,intra_pkg_OAM2,4,5,intra_pkg,4,2,1024,4609.64
eessi,0,intra_pkg_OAM2,4,5,intra_pkg,4,2,2048,8824.19
eessi,0,intra_pkg_OAM2,4,5,intra_pkg,4,2,4096,13824.10
eessi,0,intra_pkg_OAM2,4,5,intra_pkg,4,2,8192,17805.91
eessi,0,intra_pkg_OAM2,4,5,intra_pkg,4,2,16384,20294.39
eessi,0,intra_pkg_OAM2,4,5,intra_pkg,4,2,32768,25429.14
eessi,0,intra_pkg_OAM2,4,5,intra_pkg,4,2,65536,31014.14
eessi,0,intra_pkg_OAM2,4,5,intra_pkg,4,2,131072,31071.43
eessi,0,intra_pkg_OAM2,4,5,intra_pkg,4,2,262144,26036.81
eessi,0,intra_pkg_OAM2,4,5,intra_pkg,4,2,524288,15702.77
eessi,0,intra_pkg_OAM2,4,5,intra_pkg,4,2,1048576,11322.87
eessi,0,intra_pkg_OAM2,4,5,intra_pkg,4,2,2097152,10457.18
eessi,0,intra_pkg_OAM2,4,5,intra_pkg,4,2,4194304,9980.12
eessi,0,intra_pkg_OAM2,4,5,intra_pkg,4,2,8388608,10093.63
eessi,0,intra_pkg_OAM2,4,5,intra_pkg,4,2,16777216,10101.16
eessi,0,intra_pkg_OAM2,4,5,intra_pkg,4,3,1,3.99
eessi,0,intra_pkg_OAM2,4,5,intra_pkg,4,3,2,9.08
eessi,0,intra_pkg_OAM2,4,5,intra_pkg,4,3,4,16.44
eessi,0,intra_pkg_OAM2,4,5,intra_pkg,4,3,8,35.85
eessi,0,intra_pkg_OAM2,4,5,intra_pkg,4,3,16,71.35
eessi,0,intra_pkg_OAM2,4,5,intra_pkg,4,3,32,146.85
eessi,0,intra_pkg_OAM2,4,5,intra_pkg,4,3,64,252.22
eessi,0,intra_pkg_OAM2,4,5,intra_pkg,4,3,128,518.26
eessi,0,intra_pkg_OAM2,4,5,intra_pkg,4,3,256,1170.79
eessi,0,intra_pkg_OAM2,4,5,intra_pkg,4,3,512,2077.22
eessi,0,intra_pkg_OAM2,4,5,intra_pkg,4,3,1024,4546.39
eessi,0,intra_pkg_OAM2,4,5,intra_pkg,4,3,2048,7716.26
eessi,0,intra_pkg_OAM2,4,5,intra_pkg,4,3,4096,13772.81
eessi,0,intra_pkg_OAM2,4,5,intra_pkg,4,3,8192,17205.10
eessi,0,intra_pkg_OAM2,4,5,intra_pkg,4,3,16384,20180.70
eessi,0,intra_pkg_OAM2,4,5,intra_pkg,4,3,32768,25265.25
eessi,0,intra_pkg_OAM2,4,5,intra_pkg,4,3,65536,30150.23
eessi,0,intra_pkg_OAM2,4,5,intra_pkg,4,3,131072,33492.10
eessi,0,intra_pkg_OAM2,4,5,intra_pkg,4,3,262144,26080.22
eessi,0,intra_pkg_OAM2,4,5,intra_pkg,4,3,524288,15466.37
eessi,0,intra_pkg_OAM2,4,5,intra_pkg,4,3,1048576,11623.37
eessi,0,intra_pkg_OAM2,4,5,intra_pkg,4,3,2097152,10716.15
eessi,0,intra_pkg_OAM2,4,5,intra_pkg,4,3,4194304,9987.37
eessi,0,intra_pkg_OAM2,4,5,intra_pkg,4,3,8388608,9773.35
eessi,0,intra_pkg_OAM2,4,5,intra_pkg,4,3,16777216,9781.28
eessi,0,intra_pkg_OAM2,4,5,intra_pkg,4,4,1,4.39
eessi,0,intra_pkg_OAM2,4,5,intra_pkg,4,4,2,9.00
eessi,0,intra_pkg_OAM2,4,5,intra_pkg,4,4,4,17.75
eessi,0,intra_pkg_OAM2,4,5,intra_pkg,4,4,8,36.14
eessi,0,intra_pkg_OAM2,4,5,intra_pkg,4,4,16,71.49
eessi,0,intra_pkg_OAM2,4,5,intra_pkg,4,4,32,141.35
eessi,0,intra_pkg_OAM2,4,5,intra_pkg,4,4,64,280.69
eessi,0,intra_pkg_OAM2,4,5,intra_pkg,4,4,128,533.96
eessi,0,intra_pkg_OAM2,4,5,intra_pkg,4,4,256,1084.83
eessi,0,intra_pkg_OAM2,4,5,intra_pkg,4,4,512,2205.10
eessi,0,intra_pkg_OAM2,4,5,intra_pkg,4,4,1024,4580.81
eessi,0,intra_pkg_OAM2,4,5,intra_pkg,4,4,2048,8327.99
eessi,0,intra_pkg_OAM2,4,5,intra_pkg,4,4,4096,12970.14
eessi,0,intra_pkg_OAM2,4,5,intra_pkg,4,4,8192,16791.41
eessi,0,intra_pkg_OAM2,4,5,intra_pkg,4,4,16384,20764.46
eessi,0,intra_pkg_OAM2,4,5,intra_pkg,4,4,32768,25619.97
eessi,0,intra_pkg_OAM2,4,5,intra_pkg,4,4,65536,30391.98
eessi,0,intra_pkg_OAM2,4,5,intra_pkg,4,4,131072,33279.55
eessi,0,intra_pkg_OAM2,4,5,intra_pkg,4,4,262144,25812.43
eessi,0,intra_pkg_OAM2,4,5,intra_pkg,4,4,524288,14438.36
eessi,0,intra_pkg_OAM2,4,5,intra_pkg,4,4,1048576,11295.71
eessi,0,intra_pkg_OAM2,4,5,intra_pkg,4,4,2097152,10474.25
eessi,0,intra_pkg_OAM2,4,5,intra_pkg,4,4,4194304,10306.08
eessi,0,intra_pkg_OAM2,4,5,intra_pkg,4,4,8388608,9772.06
eessi,0,intra_pkg_OAM2,4,5,intra_pkg,4,4,16777216,9775.19
eessi,0,intra_pkg_OAM2,4,5,intra_pkg,4,5,1,4.55
eessi,0,intra_pkg_OAM2,4,5,intra_pkg,4,5,2,8.96
eessi,0,intra_pkg_OAM2,4,5,intra_pkg,4,5,4,17.06
eessi,0,intra_pkg_OAM2,4,5,intra_pkg,4,5,8,36.00
eessi,0,intra_pkg_OAM2,4,5,intra_pkg,4,5,16,72.02
eessi,0,intra_pkg_OAM2,4,5,intra_pkg,4,5,32,138.18
eessi,0,intra_pkg_OAM2,4,5,intra_pkg,4,5,64,288.68
eessi,0,intra_pkg_OAM2,4,5,intra_pkg,4,5,128,574.46
eessi,0,intra_pkg_OAM2,4,5,intra_pkg,4,5,256,1026.25
eessi,0,intra_pkg_OAM2,4,5,intra_pkg,4,5,512,2191.85
eessi,0,intra_pkg_OAM2,4,5,intra_pkg,4,5,1024,4499.35
eessi,0,intra_pkg_OAM2,4,5,intra_pkg,4,5,2048,8220.55
eessi,0,intra_pkg_OAM2,4,5,intra_pkg,4,5,4096,12155.38
eessi,0,intra_pkg_OAM2,4,5,intra_pkg,4,5,8192,17405.99
eessi,0,intra_pkg_OAM2,4,5,intra_pkg,4,5,16384,20206.34
eessi,0,intra_pkg_OAM2,4,5,intra_pkg,4,5,32768,26400.51
eessi,0,intra_pkg_OAM2,4,5,intra_pkg,4,5,65536,30957.90
eessi,0,intra_pkg_OAM2,4,5,intra_pkg,4,5,131072,33174.03
eessi,0,intra_pkg_OAM2,4,5,intra_pkg,4,5,262144,25235.66
eessi,0,intra_pkg_OAM2,4,5,intra_pkg,4,5,524288,15285.19
eessi,0,intra_pkg_OAM2,4,5,intra_pkg,4,5,1048576,11288.37
eessi,0,intra_pkg_OAM2,4,5,intra_pkg,4,5,2097152,10461.42
eessi,0,intra_pkg_OAM2,4,5,intra_pkg,4,5,4194304,9998.32
eessi,0,intra_pkg_OAM2,4,5,intra_pkg,4,5,8388608,9767.25
eessi,0,intra_pkg_OAM2,4,5,intra_pkg,4,5,16777216,9777.49
eessi,0,intra_pkg_OAM2,4,5,intra_pkg,4,6,1,4.45
eessi,0,intra_pkg_OAM2,4,5,intra_pkg,4,6,2,8.88
eessi,0,intra_pkg_OAM2,4,5,intra_pkg,4,6,4,18.21
eessi,0,intra_pkg_OAM2,4,5,intra_pkg,4,6,8,35.91
eessi,0,intra_pkg_OAM2,4,5,intra_pkg,4,6,16,65.54
eessi,0,intra_pkg_OAM2,4,5,intra_pkg,4,6,32,146.09
eessi,0,intra_pkg_OAM2,4,5,intra_pkg,4,6,64,286.05
eessi,0,intra_pkg_OAM2,4,5,intra_pkg,4,6,128,578.83
eessi,0,intra_pkg_OAM2,4,5,intra_pkg,4,6,256,1191.63
eessi,0,intra_pkg_OAM2,4,5,intra_pkg,4,6,512,2375.79
eessi,0,intra_pkg_OAM2,4,5,intra_pkg,4,6,1024,4472.89
eessi,0,intra_pkg_OAM2,4,5,intra_pkg,4,6,2048,8714.38
eessi,0,intra_pkg_OAM2,4,5,intra_pkg,4,6,4096,13973.47
eessi,0,intra_pkg_OAM2,4,5,intra_pkg,4,6,8192,17874.39
eessi,0,intra_pkg_OAM2,4,5,intra_pkg,4,6,16384,20640.81
eessi,0,intra_pkg_OAM2,4,5,intra_pkg,4,6,32768,23846.75
eessi,0,intra_pkg_OAM2,4,5,intra_pkg,4,6,65536,30880.46
eessi,0,intra_pkg_OAM2,4,5,intra_pkg,4,6,131072,33404.12
eessi,0,intra_pkg_OAM2,4,5,intra_pkg,4,6,262144,25917.47
eessi,0,intra_pkg_OAM2,4,5,intra_pkg,4,6,524288,15632.50
eessi,0,intra_pkg_OAM2,4,5,intra_pkg,4,6,1048576,11297.83
eessi,0,intra_pkg_OAM2,4,5,intra_pkg,4,6,2097152,10666.55
eessi,0,intra_pkg_OAM2,4,5,intra_pkg,4,6,4194304,9986.18
eessi,0,intra_pkg_OAM2,4,5,intra_pkg,4,6,8388608,10242.99
eessi,0,intra_pkg_OAM2,4,5,intra_pkg,4,6,16777216,9764.69
eessi,0,inter_pkg_2link_06,0,6,inter_pkg_2link,2,2,1,4.09
eessi,0,inter_pkg_2link_06,0,6,inter_pkg_2link,2,2,2,9.01
eessi,0,inter_pkg_2link_06,0,6,inter_pkg_2link,2,2,4,17.15
eessi,0,inter_pkg_2link_06,0,6,inter_pkg_2link,2,2,8,35.69
eessi,0,inter_pkg_2link_06,0,6,inter_pkg_2link,2,2,16,70.43
eessi,0,inter_pkg_2link_06,0,6,inter_pkg_2link,2,2,32,145.51
eessi,0,inter_pkg_2link_06,0,6,inter_pkg_2link,2,2,64,284.08
eessi,0,inter_pkg_2link_06,0,6,inter_pkg_2link,2,2,128,560.10
eessi,0,inter_pkg_2link_06,0,6,inter_pkg_2link,2,2,256,1155.58
eessi,0,inter_pkg_2link_06,0,6,inter_pkg_2link,2,2,512,2014.23
eessi,0,inter_pkg_2link_06,0,6,inter_pkg_2link,2,2,1024,4402.27
eessi,0,inter_pkg_2link_06,0,6,inter_pkg_2link,2,2,2048,8151.85
eessi,0,inter_pkg_2link_06,0,6,inter_pkg_2link,2,2,4096,13268.30
eessi,0,inter_pkg_2link_06,0,6,inter_pkg_2link,2,2,8192,17589.82
eessi,0,inter_pkg_2link_06,0,6,inter_pkg_2link,2,2,16384,20725.68
eessi,0,inter_pkg_2link_06,0,6,inter_pkg_2link,2,2,32768,25320.76
eessi,0,inter_pkg_2link_06,0,6,inter_pkg_2link,2,2,65536,30733.34
eessi,0,inter_pkg_2link_06,0,6,inter_pkg_2link,2,2,131072,33538.62
eessi,0,inter_pkg_2link_06,0,6,inter_pkg_2link,2,2,262144,25800.75
eessi,0,inter_pkg_2link_06,0,6,inter_pkg_2link,2,2,524288,14493.55
eessi,0,inter_pkg_2link_06,0,6,inter_pkg_2link,2,2,1048576,11938.05
eessi,0,inter_pkg_2link_06,0,6,inter_pkg_2link,2,2,2097152,10474.72
eessi,0,inter_pkg_2link_06,0,6,inter_pkg_2link,2,2,4194304,9968.59
eessi,0,inter_pkg_2link_06,0,6,inter_pkg_2link,2,2,8388608,9778.86
eessi,0,inter_pkg_2link_06,0,6,inter_pkg_2link,2,2,16777216,10087.31
eessi,0,inter_pkg_2link_06,0,6,inter_pkg_2link,2,3,1,4.03
eessi,0,inter_pkg_2link_06,0,6,inter_pkg_2link,2,3,2,9.00
eessi,0,inter_pkg_2link_06,0,6,inter_pkg_2link,2,3,4,18.04
eessi,0,inter_pkg_2link_06,0,6,inter_pkg_2link,2,3,8,34.60
eessi,0,inter_pkg_2link_06,0,6,inter_pkg_2link,2,3,16,66.76
eessi,0,inter_pkg_2link_06,0,6,inter_pkg_2link,2,3,32,138.68
eessi,0,inter_pkg_2link_06,0,6,inter_pkg_2link,2,3,64,287.25
eessi,0,inter_pkg_2link_06,0,6,inter_pkg_2link,2,3,128,538.08
eessi,0,inter_pkg_2link_06,0,6,inter_pkg_2link,2,3,256,1155.59
eessi,0,inter_pkg_2link_06,0,6,inter_pkg_2link,2,3,512,2025.41
eessi,0,inter_pkg_2link_06,0,6,inter_pkg_2link,2,3,1024,4530.67
eessi,0,inter_pkg_2link_06,0,6,inter_pkg_2link,2,3,2048,8191.31
eessi,0,inter_pkg_2link_06,0,6,inter_pkg_2link,2,3,4096,13851.04
eessi,0,inter_pkg_2link_06,0,6,inter_pkg_2link,2,3,8192,17282.33
eessi,0,inter_pkg_2link_06,0,6,inter_pkg_2link,2,3,16384,20368.45
eessi,0,inter_pkg_2link_06,0,6,inter_pkg_2link,2,3,32768,25992.89
eessi,0,inter_pkg_2link_06,0,6,inter_pkg_2link,2,3,65536,30130.13
eessi,0,inter_pkg_2link_06,0,6,inter_pkg_2link,2,3,131072,33710.09
eessi,0,inter_pkg_2link_06,0,6,inter_pkg_2link,2,3,262144,25826.95
eessi,0,inter_pkg_2link_06,0,6,inter_pkg_2link,2,3,524288,15289.81
eessi,0,inter_pkg_2link_06,0,6,inter_pkg_2link,2,3,1048576,11929.49
eessi,0,inter_pkg_2link_06,0,6,inter_pkg_2link,2,3,2097152,10446.27
eessi,0,inter_pkg_2link_06,0,6,inter_pkg_2link,2,3,4194304,9985.32
eessi,0,inter_pkg_2link_06,0,6,inter_pkg_2link,2,3,8388608,9754.95
eessi,0,inter_pkg_2link_06,0,6,inter_pkg_2link,2,3,16777216,9746.75
eessi,0,inter_pkg_2link_06,0,6,inter_pkg_2link,2,4,1,4.01
eessi,0,inter_pkg_2link_06,0,6,inter_pkg_2link,2,4,2,8.87
eessi,0,inter_pkg_2link_06,0,6,inter_pkg_2link,2,4,4,17.65
eessi,0,inter_pkg_2link_06,0,6,inter_pkg_2link,2,4,8,35.43
eessi,0,inter_pkg_2link_06,0,6,inter_pkg_2link,2,4,16,69.96
eessi,0,inter_pkg_2link_06,0,6,inter_pkg_2link,2,4,32,131.36
eessi,0,inter_pkg_2link_06,0,6,inter_pkg_2link,2,4,64,284.30
eessi,0,inter_pkg_2link_06,0,6,inter_pkg_2link,2,4,128,513.70
eessi,0,inter_pkg_2link_06,0,6,inter_pkg_2link,2,4,256,1141.02
eessi,0,inter_pkg_2link_06,0,6,inter_pkg_2link,2,4,512,2068.15
eessi,0,inter_pkg_2link_06,0,6,inter_pkg_2link,2,4,1024,4317.02
eessi,0,inter_pkg_2link_06,0,6,inter_pkg_2link,2,4,2048,8261.41
eessi,0,inter_pkg_2link_06,0,6,inter_pkg_2link,2,4,4096,13545.41
eessi,0,inter_pkg_2link_06,0,6,inter_pkg_2link,2,4,8192,16887.33
eessi,0,inter_pkg_2link_06,0,6,inter_pkg_2link,2,4,16384,20465.43
eessi,0,inter_pkg_2link_06,0,6,inter_pkg_2link,2,4,32768,25900.26
eessi,0,inter_pkg_2link_06,0,6,inter_pkg_2link,2,4,65536,30418.23
eessi,0,inter_pkg_2link_06,0,6,inter_pkg_2link,2,4,131072,33552.46
eessi,0,inter_pkg_2link_06,0,6,inter_pkg_2link,2,4,262144,26318.90
eessi,0,inter_pkg_2link_06,0,6,inter_pkg_2link,2,4,524288,15207.03
eessi,0,inter_pkg_2link_06,0,6,inter_pkg_2link,2,4,1048576,11614.75
eessi,0,inter_pkg_2link_06,0,6,inter_pkg_2link,2,4,2097152,10462.39
eessi,0,inter_pkg_2link_06,0,6,inter_pkg_2link,2,4,4194304,9914.10
eessi,0,inter_pkg_2link_06,0,6,inter_pkg_2link,2,4,8388608,9753.32
eessi,0,inter_pkg_2link_06,0,6,inter_pkg_2link,2,4,16777216,10222.60
eessi,0,inter_pkg_2link_06,0,6,inter_pkg_2link,2,5,1,4.41
eessi,0,inter_pkg_2link_06,0,6,inter_pkg_2link,2,5,2,8.81
eessi,0,inter_pkg_2link_06,0,6,inter_pkg_2link,2,5,4,17.67
eessi,0,inter_pkg_2link_06,0,6,inter_pkg_2link,2,5,8,35.35
eessi,0,inter_pkg_2link_06,0,6,inter_pkg_2link,2,5,16,70.11
eessi,0,inter_pkg_2link_06,0,6,inter_pkg_2link,2,5,32,141.50
eessi,0,inter_pkg_2link_06,0,6,inter_pkg_2link,2,5,64,284.29
eessi,0,inter_pkg_2link_06,0,6,inter_pkg_2link,2,5,128,556.27
eessi,0,inter_pkg_2link_06,0,6,inter_pkg_2link,2,5,256,1106.96
eessi,0,inter_pkg_2link_06,0,6,inter_pkg_2link,2,5,512,2123.08
eessi,0,inter_pkg_2link_06,0,6,inter_pkg_2link,2,5,1024,4233.12
eessi,0,inter_pkg_2link_06,0,6,inter_pkg_2link,2,5,2048,7903.15
eessi,0,inter_pkg_2link_06,0,6,inter_pkg_2link,2,5,4096,13394.38
eessi,0,inter_pkg_2link_06,0,6,inter_pkg_2link,2,5,8192,17337.70
eessi,0,inter_pkg_2link_06,0,6,inter_pkg_2link,2,5,16384,19790.34
eessi,0,inter_pkg_2link_06,0,6,inter_pkg_2link,2,5,32768,25018.64
eessi,0,inter_pkg_2link_06,0,6,inter_pkg_2link,2,5,65536,29978.70
eessi,0,inter_pkg_2link_06,0,6,inter_pkg_2link,2,5,131072,33038.65
eessi,0,inter_pkg_2link_06,0,6,inter_pkg_2link,2,5,262144,25357.86
eessi,0,inter_pkg_2link_06,0,6,inter_pkg_2link,2,5,524288,14593.02
eessi,0,inter_pkg_2link_06,0,6,inter_pkg_2link,2,5,1048576,11572.95
eessi,0,inter_pkg_2link_06,0,6,inter_pkg_2link,2,5,2097152,10490.39
eessi,0,inter_pkg_2link_06,0,6,inter_pkg_2link,2,5,4194304,9977.34
eessi,0,inter_pkg_2link_06,0,6,inter_pkg_2link,2,5,8388608,9747.26
eessi,0,inter_pkg_2link_06,0,6,inter_pkg_2link,2,5,16777216,10217.56
eessi,0,inter_pkg_2link_06,0,6,inter_pkg_2link,2,6,1,4.61
eessi,0,inter_pkg_2link_06,0,6,inter_pkg_2link,2,6,2,9.19
eessi,0,inter_pkg_2link_06,0,6,inter_pkg_2link,2,6,4,18.40
eessi,0,inter_pkg_2link_06,0,6,inter_pkg_2link,2,6,8,36.13
eessi,0,inter_pkg_2link_06,0,6,inter_pkg_2link,2,6,16,70.58
eessi,0,inter_pkg_2link_06,0,6,inter_pkg_2link,2,6,32,148.24
eessi,0,inter_pkg_2link_06,0,6,inter_pkg_2link,2,6,64,296.98
eessi,0,inter_pkg_2link_06,0,6,inter_pkg_2link,2,6,128,592.77
eessi,0,inter_pkg_2link_06,0,6,inter_pkg_2link,2,6,256,1182.50
eessi,0,inter_pkg_2link_06,0,6,inter_pkg_2link,2,6,512,2333.20
eessi,0,inter_pkg_2link_06,0,6,inter_pkg_2link,2,6,1024,4107.54
eessi,0,inter_pkg_2link_06,0,6,inter_pkg_2link,2,6,2048,8731.60
eessi,0,inter_pkg_2link_06,0,6,inter_pkg_2link,2,6,4096,13933.58
eessi,0,inter_pkg_2link_06,0,6,inter_pkg_2link,2,6,8192,18062.39
eessi,0,inter_pkg_2link_06,0,6,inter_pkg_2link,2,6,16384,21020.49
eessi,0,inter_pkg_2link_06,0,6,inter_pkg_2link,2,6,32768,25780.05
eessi,0,inter_pkg_2link_06,0,6,inter_pkg_2link,2,6,65536,29901.93
eessi,0,inter_pkg_2link_06,0,6,inter_pkg_2link,2,6,131072,32962.05
eessi,0,inter_pkg_2link_06,0,6,inter_pkg_2link,2,6,262144,25779.15
eessi,0,inter_pkg_2link_06,0,6,inter_pkg_2link,2,6,524288,15583.93
eessi,0,inter_pkg_2link_06,0,6,inter_pkg_2link,2,6,1048576,11618.20
eessi,0,inter_pkg_2link_06,0,6,inter_pkg_2link,2,6,2097152,10475.81
eessi,0,inter_pkg_2link_06,0,6,inter_pkg_2link,2,6,4194304,10000.32
eessi,0,inter_pkg_2link_06,0,6,inter_pkg_2link,2,6,8388608,9792.67
eessi,0,inter_pkg_2link_06,0,6,inter_pkg_2link,2,6,16777216,9795.95
eessi,0,inter_pkg_2link_24,2,4,inter_pkg_2link,2,2,1,4.53
eessi,0,inter_pkg_2link_24,2,4,inter_pkg_2link,2,2,2,8.80
eessi,0,inter_pkg_2link_24,2,4,inter_pkg_2link,2,2,4,18.49
eessi,0,inter_pkg_2link_24,2,4,inter_pkg_2link,2,2,8,36.99
eessi,0,inter_pkg_2link_24,2,4,inter_pkg_2link,2,2,16,68.44
eessi,0,inter_pkg_2link_24,2,4,inter_pkg_2link,2,2,32,145.58
eessi,0,inter_pkg_2link_24,2,4,inter_pkg_2link,2,2,64,285.63
eessi,0,inter_pkg_2link_24,2,4,inter_pkg_2link,2,2,128,580.85
eessi,0,inter_pkg_2link_24,2,4,inter_pkg_2link,2,2,256,1159.16
eessi,0,inter_pkg_2link_24,2,4,inter_pkg_2link,2,2,512,2194.28
eessi,0,inter_pkg_2link_24,2,4,inter_pkg_2link,2,2,1024,4505.12
eessi,0,inter_pkg_2link_24,2,4,inter_pkg_2link,2,2,2048,8014.51
eessi,0,inter_pkg_2link_24,2,4,inter_pkg_2link,2,2,4096,13170.05
eessi,0,inter_pkg_2link_24,2,4,inter_pkg_2link,2,2,8192,17251.96
eessi,0,inter_pkg_2link_24,2,4,inter_pkg_2link,2,2,16384,20455.63
eessi,0,inter_pkg_2link_24,2,4,inter_pkg_2link,2,2,32768,25948.19
eessi,0,inter_pkg_2link_24,2,4,inter_pkg_2link,2,2,65536,30892.44
eessi,0,inter_pkg_2link_24,2,4,inter_pkg_2link,2,2,131072,33511.21
eessi,0,inter_pkg_2link_24,2,4,inter_pkg_2link,2,2,262144,26896.28
eessi,0,inter_pkg_2link_24,2,4,inter_pkg_2link,2,2,524288,14766.32
eessi,0,inter_pkg_2link_24,2,4,inter_pkg_2link,2,2,1048576,11639.26
eessi,0,inter_pkg_2link_24,2,4,inter_pkg_2link,2,2,2097152,10503.26
eessi,0,inter_pkg_2link_24,2,4,inter_pkg_2link,2,2,4194304,9987.18
eessi,0,inter_pkg_2link_24,2,4,inter_pkg_2link,2,2,8388608,9778.41
eessi,0,inter_pkg_2link_24,2,4,inter_pkg_2link,2,2,16777216,9776.21
eessi,0,inter_pkg_2link_24,2,4,inter_pkg_2link,2,3,1,4.41
eessi,0,inter_pkg_2link_24,2,4,inter_pkg_2link,2,3,2,8.18
eessi,0,inter_pkg_2link_24,2,4,inter_pkg_2link,2,3,4,18.92
eessi,0,inter_pkg_2link_24,2,4,inter_pkg_2link,2,3,8,36.50
eessi,0,inter_pkg_2link_24,2,4,inter_pkg_2link,2,3,16,64.24
eessi,0,inter_pkg_2link_24,2,4,inter_pkg_2link,2,3,32,143.07
eessi,0,inter_pkg_2link_24,2,4,inter_pkg_2link,2,3,64,298.32
eessi,0,inter_pkg_2link_24,2,4,inter_pkg_2link,2,3,128,594.82
eessi,0,inter_pkg_2link_24,2,4,inter_pkg_2link,2,3,256,1142.07
eessi,0,inter_pkg_2link_24,2,4,inter_pkg_2link,2,3,512,2320.47
eessi,0,inter_pkg_2link_24,2,4,inter_pkg_2link,2,3,1024,4569.86
eessi,0,inter_pkg_2link_24,2,4,inter_pkg_2link,2,3,2048,8625.67
eessi,0,inter_pkg_2link_24,2,4,inter_pkg_2link,2,3,4096,13103.50
eessi,0,inter_pkg_2link_24,2,4,inter_pkg_2link,2,3,8192,17588.88
eessi,0,inter_pkg_2link_24,2,4,inter_pkg_2link,2,3,16384,19985.08
eessi,0,inter_pkg_2link_24,2,4,inter_pkg_2link,2,3,32768,26464.51
eessi,0,inter_pkg_2link_24,2,4,inter_pkg_2link,2,3,65536,30881.53
eessi,0,inter_pkg_2link_24,2,4,inter_pkg_2link,2,3,131072,33161.99
eessi,0,inter_pkg_2link_24,2,4,inter_pkg_2link,2,3,262144,25652.25
eessi,0,inter_pkg_2link_24,2,4,inter_pkg_2link,2,3,524288,14653.59
eessi,0,inter_pkg_2link_24,2,4,inter_pkg_2link,2,3,1048576,11657.63
eessi,0,inter_pkg_2link_24,2,4,inter_pkg_2link,2,3,2097152,10704.07
eessi,0,inter_pkg_2link_24,2,4,inter_pkg_2link,2,3,4194304,9995.40
eessi,0,inter_pkg_2link_24,2,4,inter_pkg_2link,2,3,8388608,10106.96
eessi,0,inter_pkg_2link_24,2,4,inter_pkg_2link,2,3,16777216,9820.64
eessi,0,inter_pkg_2link_24,2,4,inter_pkg_2link,2,4,1,4.43
eessi,0,inter_pkg_2link_24,2,4,inter_pkg_2link,2,4,2,9.22
eessi,0,inter_pkg_2link_24,2,4,inter_pkg_2link,2,4,4,17.62
eessi,0,inter_pkg_2link_24,2,4,inter_pkg_2link,2,4,8,36.74
eessi,0,inter_pkg_2link_24,2,4,inter_pkg_2link,2,4,16,72.65
eessi,0,inter_pkg_2link_24,2,4,inter_pkg_2link,2,4,32,145.36
eessi,0,inter_pkg_2link_24,2,4,inter_pkg_2link,2,4,64,294.88
eessi,0,inter_pkg_2link_24,2,4,inter_pkg_2link,2,4,128,530.47
eessi,0,inter_pkg_2link_24,2,4,inter_pkg_2link,2,4,256,1190.40
eessi,0,inter_pkg_2link_24,2,4,inter_pkg_2link,2,4,512,2313.10
eessi,0,inter_pkg_2link_24,2,4,inter_pkg_2link,2,4,1024,4622.31
eessi,0,inter_pkg_2link_24,2,4,inter_pkg_2link,2,4,2048,8433.05
eessi,0,inter_pkg_2link_24,2,4,inter_pkg_2link,2,4,4096,13872.19
eessi,0,inter_pkg_2link_24,2,4,inter_pkg_2link,2,4,8192,17816.88
eessi,0,inter_pkg_2link_24,2,4,inter_pkg_2link,2,4,16384,20614.64
eessi,0,inter_pkg_2link_24,2,4,inter_pkg_2link,2,4,32768,25898.14
eessi,0,inter_pkg_2link_24,2,4,inter_pkg_2link,2,4,65536,31250.04
eessi,0,inter_pkg_2link_24,2,4,inter_pkg_2link,2,4,131072,33610.45
eessi,0,inter_pkg_2link_24,2,4,inter_pkg_2link,2,4,262144,25951.38
eessi,0,inter_pkg_2link_24,2,4,inter_pkg_2link,2,4,524288,15531.52
eessi,0,inter_pkg_2link_24,2,4,inter_pkg_2link,2,4,1048576,11636.73
eessi,0,inter_pkg_2link_24,2,4,inter_pkg_2link,2,4,2097152,10707.87
eessi,0,inter_pkg_2link_24,2,4,inter_pkg_2link,2,4,4194304,10015.06
eessi,0,inter_pkg_2link_24,2,4,inter_pkg_2link,2,4,8388608,9766.88
eessi,0,inter_pkg_2link_24,2,4,inter_pkg_2link,2,4,16777216,10132.62
eessi,0,inter_pkg_2link_24,2,4,inter_pkg_2link,2,5,1,4.35
eessi,0,inter_pkg_2link_24,2,4,inter_pkg_2link,2,5,2,8.92
eessi,0,inter_pkg_2link_24,2,4,inter_pkg_2link,2,5,4,17.55
eessi,0,inter_pkg_2link_24,2,4,inter_pkg_2link,2,5,8,34.45
eessi,0,inter_pkg_2link_24,2,4,inter_pkg_2link,2,5,16,71.84
eessi,0,inter_pkg_2link_24,2,4,inter_pkg_2link,2,5,32,142.38
eessi,0,inter_pkg_2link_24,2,4,inter_pkg_2link,2,5,64,282.21
eessi,0,inter_pkg_2link_24,2,4,inter_pkg_2link,2,5,128,562.61
eessi,0,inter_pkg_2link_24,2,4,inter_pkg_2link,2,5,256,1166.09
eessi,0,inter_pkg_2link_24,2,4,inter_pkg_2link,2,5,512,2308.90
eessi,0,inter_pkg_2link_24,2,4,inter_pkg_2link,2,5,1024,4476.10
eessi,0,inter_pkg_2link_24,2,4,inter_pkg_2link,2,5,2048,8399.75
eessi,0,inter_pkg_2link_24,2,4,inter_pkg_2link,2,5,4096,13518.26
eessi,0,inter_pkg_2link_24,2,4,inter_pkg_2link,2,5,8192,17667.93
eessi,0,inter_pkg_2link_24,2,4,inter_pkg_2link,2,5,16384,20808.05
eessi,0,inter_pkg_2link_24,2,4,inter_pkg_2link,2,5,32768,26683.13
eessi,0,inter_pkg_2link_24,2,4,inter_pkg_2link,2,5,65536,30752.01
eessi,0,inter_pkg_2link_24,2,4,inter_pkg_2link,2,5,131072,32493.16
eessi,0,inter_pkg_2link_24,2,4,inter_pkg_2link,2,5,262144,25321.11
eessi,0,inter_pkg_2link_24,2,4,inter_pkg_2link,2,5,524288,15636.22
eessi,0,inter_pkg_2link_24,2,4,inter_pkg_2link,2,5,1048576,11654.50
eessi,0,inter_pkg_2link_24,2,4,inter_pkg_2link,2,5,2097152,10522.92
eessi,0,inter_pkg_2link_24,2,4,inter_pkg_2link,2,5,4194304,10014.96
eessi,0,inter_pkg_2link_24,2,4,inter_pkg_2link,2,5,8388608,9798.27
eessi,0,inter_pkg_2link_24,2,4,inter_pkg_2link,2,5,16777216,10254.71
eessi,0,inter_pkg_2link_24,2,4,inter_pkg_2link,2,6,1,4.38
eessi,0,inter_pkg_2link_24,2,4,inter_pkg_2link,2,6,2,9.18
eessi,0,inter_pkg_2link_24,2,4,inter_pkg_2link,2,6,4,18.13
eessi,0,inter_pkg_2link_24,2,4,inter_pkg_2link,2,6,8,36.03
eessi,0,inter_pkg_2link_24,2,4,inter_pkg_2link,2,6,16,71.88
eessi,0,inter_pkg_2link_24,2,4,inter_pkg_2link,2,6,32,149.28
eessi,0,inter_pkg_2link_24,2,4,inter_pkg_2link,2,6,64,297.05
eessi,0,inter_pkg_2link_24,2,4,inter_pkg_2link,2,6,128,566.79
eessi,0,inter_pkg_2link_24,2,4,inter_pkg_2link,2,6,256,1152.26
eessi,0,inter_pkg_2link_24,2,4,inter_pkg_2link,2,6,512,2070.48
eessi,0,inter_pkg_2link_24,2,4,inter_pkg_2link,2,6,1024,4369.68
eessi,0,inter_pkg_2link_24,2,4,inter_pkg_2link,2,6,2048,8440.78
eessi,0,inter_pkg_2link_24,2,4,inter_pkg_2link,2,6,4096,13305.15
eessi,0,inter_pkg_2link_24,2,4,inter_pkg_2link,2,6,8192,17914.35
eessi,0,inter_pkg_2link_24,2,4,inter_pkg_2link,2,6,16384,20270.52
eessi,0,inter_pkg_2link_24,2,4,inter_pkg_2link,2,6,32768,26163.50
eessi,0,inter_pkg_2link_24,2,4,inter_pkg_2link,2,6,65536,31084.56
eessi,0,inter_pkg_2link_24,2,4,inter_pkg_2link,2,6,131072,33792.58
eessi,0,inter_pkg_2link_24,2,4,inter_pkg_2link,2,6,262144,26134.89
eessi,0,inter_pkg_2link_24,2,4,inter_pkg_2link,2,6,524288,15187.13
eessi,0,inter_pkg_2link_24,2,4,inter_pkg_2link,2,6,1048576,11955.42
eessi,0,inter_pkg_2link_24,2,4,inter_pkg_2link,2,6,2097152,10493.34
eessi,0,inter_pkg_2link_24,2,4,inter_pkg_2link,2,6,4194304,10008.34
eessi,0,inter_pkg_2link_24,2,4,inter_pkg_2link,2,6,8388608,9800.70
eessi,0,inter_pkg_2link_24,2,4,inter_pkg_2link,2,6,16777216,9781.73
eessi,0,inter_pkg_1link_02,0,2,inter_pkg_1link,1,2,1,4.51
eessi,0,inter_pkg_1link_02,0,2,inter_pkg_1link,1,2,2,9.28
eessi,0,inter_pkg_1link_02,0,2,inter_pkg_1link,1,2,4,15.57
eessi,0,inter_pkg_1link_02,0,2,inter_pkg_1link,1,2,8,37.09
eessi,0,inter_pkg_1link_02,0,2,inter_pkg_1link,1,2,16,73.57
eessi,0,inter_pkg_1link_02,0,2,inter_pkg_1link,1,2,32,149.84
eessi,0,inter_pkg_1link_02,0,2,inter_pkg_1link,1,2,64,284.73
eessi,0,inter_pkg_1link_02,0,2,inter_pkg_1link,1,2,128,583.50
eessi,0,inter_pkg_1link_02,0,2,inter_pkg_1link,1,2,256,1170.64
eessi,0,inter_pkg_1link_02,0,2,inter_pkg_1link,1,2,512,2228.19
eessi,0,inter_pkg_1link_02,0,2,inter_pkg_1link,1,2,1024,4698.88
eessi,0,inter_pkg_1link_02,0,2,inter_pkg_1link,1,2,2048,8547.50
eessi,0,inter_pkg_1link_02,0,2,inter_pkg_1link,1,2,4096,13753.61
eessi,0,inter_pkg_1link_02,0,2,inter_pkg_1link,1,2,8192,17627.10
eessi,0,inter_pkg_1link_02,0,2,inter_pkg_1link,1,2,16384,20924.63
eessi,0,inter_pkg_1link_02,0,2,inter_pkg_1link,1,2,32768,26663.17
eessi,0,inter_pkg_1link_02,0,2,inter_pkg_1link,1,2,65536,31038.83
eessi,0,inter_pkg_1link_02,0,2,inter_pkg_1link,1,2,131072,32172.40
eessi,0,inter_pkg_1link_02,0,2,inter_pkg_1link,1,2,262144,25581.24
eessi,0,inter_pkg_1link_02,0,2,inter_pkg_1link,1,2,524288,14823.01
eessi,0,inter_pkg_1link_02,0,2,inter_pkg_1link,1,2,1048576,11658.54
eessi,0,inter_pkg_1link_02,0,2,inter_pkg_1link,1,2,2097152,10480.95
eessi,0,inter_pkg_1link_02,0,2,inter_pkg_1link,1,2,4194304,10365.63
eessi,0,inter_pkg_1link_02,0,2,inter_pkg_1link,1,2,8388608,9795.08
eessi,0,inter_pkg_1link_02,0,2,inter_pkg_1link,1,2,16777216,10121.35
eessi,0,inter_pkg_1link_02,0,2,inter_pkg_1link,1,3,1,4.25
eessi,0,inter_pkg_1link_02,0,2,inter_pkg_1link,1,3,2,8.46
eessi,0,inter_pkg_1link_02,0,2,inter_pkg_1link,1,3,4,17.62
eessi,0,inter_pkg_1link_02,0,2,inter_pkg_1link,1,3,8,30.69
eessi,0,inter_pkg_1link_02,0,2,inter_pkg_1link,1,3,16,67.44
eessi,0,inter_pkg_1link_02,0,2,inter_pkg_1link,1,3,32,132.78
eessi,0,inter_pkg_1link_02,0,2,inter_pkg_1link,1,3,64,283.22
eessi,0,inter_pkg_1link_02,0,2,inter_pkg_1link,1,3,128,560.05
eessi,0,inter_pkg_1link_02,0,2,inter_pkg_1link,1,3,256,1100.23
eessi,0,inter_pkg_1link_02,0,2,inter_pkg_1link,1,3,512,2070.65
eessi,0,inter_pkg_1link_02,0,2,inter_pkg_1link,1,3,1024,4287.00
eessi,0,inter_pkg_1link_02,0,2,inter_pkg_1link,1,3,2048,7809.82
eessi,0,inter_pkg_1link_02,0,2,inter_pkg_1link,1,3,4096,13163.96
eessi,0,inter_pkg_1link_02,0,2,inter_pkg_1link,1,3,8192,17346.55
eessi,0,inter_pkg_1link_02,0,2,inter_pkg_1link,1,3,16384,20574.75
eessi,0,inter_pkg_1link_02,0,2,inter_pkg_1link,1,3,32768,25678.87
eessi,0,inter_pkg_1link_02,0,2,inter_pkg_1link,1,3,65536,30347.41
eessi,0,inter_pkg_1link_02,0,2,inter_pkg_1link,1,3,131072,33255.24
eessi,0,inter_pkg_1link_02,0,2,inter_pkg_1link,1,3,262144,25621.71
eessi,0,inter_pkg_1link_02,0,2,inter_pkg_1link,1,3,524288,15140.08
eessi,0,inter_pkg_1link_02,0,2,inter_pkg_1link,1,3,1048576,11192.69
eessi,0,inter_pkg_1link_02,0,2,inter_pkg_1link,1,3,2097152,10769.41
eessi,0,inter_pkg_1link_02,0,2,inter_pkg_1link,1,3,4194304,10478.23
eessi,0,inter_pkg_1link_02,0,2,inter_pkg_1link,1,3,8388608,9818.32
eessi,0,inter_pkg_1link_02,0,2,inter_pkg_1link,1,3,16777216,9805.78
eessi,0,inter_pkg_1link_02,0,2,inter_pkg_1link,1,4,1,4.61
eessi,0,inter_pkg_1link_02,0,2,inter_pkg_1link,1,4,2,9.04
eessi,0,inter_pkg_1link_02,0,2,inter_pkg_1link,1,4,4,18.08
eessi,0,inter_pkg_1link_02,0,2,inter_pkg_1link,1,4,8,33.54
eessi,0,inter_pkg_1link_02,0,2,inter_pkg_1link,1,4,16,72.02
eessi,0,inter_pkg_1link_02,0,2,inter_pkg_1link,1,4,32,145.62
eessi,0,inter_pkg_1link_02,0,2,inter_pkg_1link,1,4,64,296.53
eessi,0,inter_pkg_1link_02,0,2,inter_pkg_1link,1,4,128,577.82
eessi,0,inter_pkg_1link_02,0,2,inter_pkg_1link,1,4,256,1040.71
eessi,0,inter_pkg_1link_02,0,2,inter_pkg_1link,1,4,512,2205.10
eessi,0,inter_pkg_1link_02,0,2,inter_pkg_1link,1,4,1024,4119.44
eessi,0,inter_pkg_1link_02,0,2,inter_pkg_1link,1,4,2048,8161.92
eessi,0,inter_pkg_1link_02,0,2,inter_pkg_1link,1,4,4096,12406.70
eessi,0,inter_pkg_1link_02,0,2,inter_pkg_1link,1,4,8192,17642.84
eessi,0,inter_pkg_1link_02,0,2,inter_pkg_1link,1,4,16384,20631.05
eessi,0,inter_pkg_1link_02,0,2,inter_pkg_1link,1,4,32768,25797.50
eessi,0,inter_pkg_1link_02,0,2,inter_pkg_1link,1,4,65536,31003.34
eessi,0,inter_pkg_1link_02,0,2,inter_pkg_1link,1,4,131072,33541.06
eessi,0,inter_pkg_1link_02,0,2,inter_pkg_1link,1,4,262144,25392.56
eessi,0,inter_pkg_1link_02,0,2,inter_pkg_1link,1,4,524288,15600.65
eessi,0,inter_pkg_1link_02,0,2,inter_pkg_1link,1,4,1048576,11556.50
eessi,0,inter_pkg_1link_02,0,2,inter_pkg_1link,1,4,2097152,10467.69
eessi,0,inter_pkg_1link_02,0,2,inter_pkg_1link,1,4,4194304,10485.49
eessi,0,inter_pkg_1link_02,0,2,inter_pkg_1link,1,4,8388608,9788.19
eessi,0,inter_pkg_1link_02,0,2,inter_pkg_1link,1,4,16777216,9745.66
eessi,0,inter_pkg_1link_02,0,2,inter_pkg_1link,1,5,1,4.49
eessi,0,inter_pkg_1link_02,0,2,inter_pkg_1link,1,5,2,9.20
eessi,0,inter_pkg_1link_02,0,2,inter_pkg_1link,1,5,4,18.35
eessi,0,inter_pkg_1link_02,0,2,inter_pkg_1link,1,5,8,36.64
eessi,0,inter_pkg_1link_02,0,2,inter_pkg_1link,1,5,16,71.38
eessi,0,inter_pkg_1link_02,0,2,inter_pkg_1link,1,5,32,142.65
eessi,0,inter_pkg_1link_02,0,2,inter_pkg_1link,1,5,64,285.15
eessi,0,inter_pkg_1link_02,0,2,inter_pkg_1link,1,5,128,587.57
eessi,0,inter_pkg_1link_02,0,2,inter_pkg_1link,1,5,256,1154.11
eessi,0,inter_pkg_1link_02,0,2,inter_pkg_1link,1,5,512,2320.98
eessi,0,inter_pkg_1link_02,0,2,inter_pkg_1link,1,5,1024,4595.87
eessi,0,inter_pkg_1link_02,0,2,inter_pkg_1link,1,5,2048,8421.92
eessi,0,inter_pkg_1link_02,0,2,inter_pkg_1link,1,5,4096,13697.89
eessi,0,inter_pkg_1link_02,0,2,inter_pkg_1link,1,5,8192,17687.63
eessi,0,inter_pkg_1link_02,0,2,inter_pkg_1link,1,5,16384,20845.52
eessi,0,inter_pkg_1link_02,0,2,inter_pkg_1link,1,5,32768,26216.30
eessi,0,inter_pkg_1link_02,0,2,inter_pkg_1link,1,5,65536,31157.93
eessi,0,inter_pkg_1link_02,0,2,inter_pkg_1link,1,5,131072,33956.08
eessi,0,inter_pkg_1link_02,0,2,inter_pkg_1link,1,5,262144,25989.69
eessi,0,inter_pkg_1link_02,0,2,inter_pkg_1link,1,5,524288,15180.16
eessi,0,inter_pkg_1link_02,0,2,inter_pkg_1link,1,5,1048576,11590.21
eessi,0,inter_pkg_1link_02,0,2,inter_pkg_1link,1,5,2097152,10461.94
eessi,0,inter_pkg_1link_02,0,2,inter_pkg_1link,1,5,4194304,9996.84
eessi,0,inter_pkg_1link_02,0,2,inter_pkg_1link,1,5,8388608,9793.19
eessi,0,inter_pkg_1link_02,0,2,inter_pkg_1link,1,5,16777216,9765.83
eessi,0,inter_pkg_1link_02,0,2,inter_pkg_1link,1,6,1,4.49
eessi,0,inter_pkg_1link_02,0,2,inter_pkg_1link,1,6,2,9.21
eessi,0,inter_pkg_1link_02,0,2,inter_pkg_1link,1,6,4,16.55
eessi,0,inter_pkg_1link_02,0,2,inter_pkg_1link,1,6,8,36.33
eessi,0,inter_pkg_1link_02,0,2,inter_pkg_1link,1,6,16,72.83
eessi,0,inter_pkg_1link_02,0,2,inter_pkg_1link,1,6,32,144.60
eessi,0,inter_pkg_1link_02,0,2,inter_pkg_1link,1,6,64,279.31
eessi,0,inter_pkg_1link_02,0,2,inter_pkg_1link,1,6,128,521.43
eessi,0,inter_pkg_1link_02,0,2,inter_pkg_1link,1,6,256,1155.45
eessi,0,inter_pkg_1link_02,0,2,inter_pkg_1link,1,6,512,2291.93
eessi,0,inter_pkg_1link_02,0,2,inter_pkg_1link,1,6,1024,4435.55
eessi,0,inter_pkg_1link_02,0,2,inter_pkg_1link,1,6,2048,7687.70
eessi,0,inter_pkg_1link_02,0,2,inter_pkg_1link,1,6,4096,13724.62
eessi,0,inter_pkg_1link_02,0,2,inter_pkg_1link,1,6,8192,17919.19
eessi,0,inter_pkg_1link_02,0,2,inter_pkg_1link,1,6,16384,20409.08
eessi,0,inter_pkg_1link_02,0,2,inter_pkg_1link,1,6,32768,26495.69
eessi,0,inter_pkg_1link_02,0,2,inter_pkg_1link,1,6,65536,30198.62
eessi,0,inter_pkg_1link_02,0,2,inter_pkg_1link,1,6,131072,33231.01
eessi,0,inter_pkg_1link_02,0,2,inter_pkg_1link,1,6,262144,26022.10
eessi,0,inter_pkg_1link_02,0,2,inter_pkg_1link,1,6,524288,14717.23
eessi,0,inter_pkg_1link_02,0,2,inter_pkg_1link,1,6,1048576,11613.12
eessi,0,inter_pkg_1link_02,0,2,inter_pkg_1link,1,6,2097152,10829.19
eessi,0,inter_pkg_1link_02,0,2,inter_pkg_1link,1,6,4194304,10440.44
eessi,0,inter_pkg_1link_02,0,2,inter_pkg_1link,1,6,8388608,9764.34
eessi,0,inter_pkg_1link_02,0,2,inter_pkg_1link,1,6,16777216,9744.96
eessi,0,inter_pkg_1link_15,1,5,inter_pkg_1link,1,2,1,4.43
eessi,0,inter_pkg_1link_15,1,5,inter_pkg_1link,1,2,2,9.14
eessi,0,inter_pkg_1link_15,1,5,inter_pkg_1link,1,2,4,18.21
eessi,0,inter_pkg_1link_15,1,5,inter_pkg_1link,1,2,8,35.84
eessi,0,inter_pkg_1link_15,1,5,inter_pkg_1link,1,2,16,72.53
eessi,0,inter_pkg_1link_15,1,5,inter_pkg_1link,1,2,32,146.39
eessi,0,inter_pkg_1link_15,1,5,inter_pkg_1link,1,2,64,283.84
eessi,0,inter_pkg_1link_15,1,5,inter_pkg_1link,1,2,128,582.92
eessi,0,inter_pkg_1link_15,1,5,inter_pkg_1link,1,2,256,1142.22
eessi,0,inter_pkg_1link_15,1,5,inter_pkg_1link,1,2,512,2235.88
eessi,0,inter_pkg_1link_15,1,5,inter_pkg_1link,1,2,1024,4500.28
eessi,0,inter_pkg_1link_15,1,5,inter_pkg_1link,1,2,2048,8361.90
eessi,0,inter_pkg_1link_15,1,5,inter_pkg_1link,1,2,4096,13327.72
eessi,0,inter_pkg_1link_15,1,5,inter_pkg_1link,1,2,8192,17358.81
eessi,0,inter_pkg_1link_15,1,5,inter_pkg_1link,1,2,16384,20212.47
eessi,0,inter_pkg_1link_15,1,5,inter_pkg_1link,1,2,32768,25568.21
eessi,0,inter_pkg_1link_15,1,5,inter_pkg_1link,1,2,65536,30363.43
eessi,0,inter_pkg_1link_15,1,5,inter_pkg_1link,1,2,131072,33710.35
eessi,0,inter_pkg_1link_15,1,5,inter_pkg_1link,1,2,262144,26625.95
eessi,0,inter_pkg_1link_15,1,5,inter_pkg_1link,1,2,524288,14429.53
eessi,0,inter_pkg_1link_15,1,5,inter_pkg_1link,1,2,1048576,11330.53
eessi,0,inter_pkg_1link_15,1,5,inter_pkg_1link,1,2,2097152,10505.46
eessi,0,inter_pkg_1link_15,1,5,inter_pkg_1link,1,2,4194304,9992.04
eessi,0,inter_pkg_1link_15,1,5,inter_pkg_1link,1,2,8388608,9785.20
eessi,0,inter_pkg_1link_15,1,5,inter_pkg_1link,1,2,16777216,9754.21
eessi,0,inter_pkg_1link_15,1,5,inter_pkg_1link,1,3,1,4.47
eessi,0,inter_pkg_1link_15,1,5,inter_pkg_1link,1,3,2,9.17
eessi,0,inter_pkg_1link_15,1,5,inter_pkg_1link,1,3,4,18.49
eessi,0,inter_pkg_1link_15,1,5,inter_pkg_1link,1,3,8,36.85
eessi,0,inter_pkg_1link_15,1,5,inter_pkg_1link,1,3,16,71.88
eessi,0,inter_pkg_1link_15,1,5,inter_pkg_1link,1,3,32,145.68
eessi,0,inter_pkg_1link_15,1,5,inter_pkg_1link,1,3,64,298.98
eessi,0,inter_pkg_1link_15,1,5,inter_pkg_1link,1,3,128,580.31
eessi,0,inter_pkg_1link_15,1,5,inter_pkg_1link,1,3,256,1174.37
eessi,0,inter_pkg_1link_15,1,5,inter_pkg_1link,1,3,512,2266.55
eessi,0,inter_pkg_1link_15,1,5,inter_pkg_1link,1,3,1024,4465.01
eessi,0,inter_pkg_1link_15,1,5,inter_pkg_1link,1,3,2048,8410.76
eessi,0,inter_pkg_1link_15,1,5,inter_pkg_1link,1,3,4096,13880.95
eessi,0,inter_pkg_1link_15,1,5,inter_pkg_1link,1,3,8192,17773.07
eessi,0,inter_pkg_1link_15,1,5,inter_pkg_1link,1,3,16384,20891.38
eessi,0,inter_pkg_1link_15,1,5,inter_pkg_1link,1,3,32768,26073.94
eessi,0,inter_pkg_1link_15,1,5,inter_pkg_1link,1,3,65536,30583.51
eessi,0,inter_pkg_1link_15,1,5,inter_pkg_1link,1,3,131072,33261.17
eessi,0,inter_pkg_1link_15,1,5,inter_pkg_1link,1,3,262144,25116.79
eessi,0,inter_pkg_1link_15,1,5,inter_pkg_1link,1,3,524288,15711.19
eessi,0,inter_pkg_1link_15,1,5,inter_pkg_1link,1,3,1048576,11932.05
eessi,0,inter_pkg_1link_15,1,5,inter_pkg_1link,1,3,2097152,10480.96
eessi,0,inter_pkg_1link_15,1,5,inter_pkg_1link,1,3,4194304,9966.27
eessi,0,inter_pkg_1link_15,1,5,inter_pkg_1link,1,3,8388608,9776.16
eessi,0,inter_pkg_1link_15,1,5,inter_pkg_1link,1,3,16777216,9749.56
eessi,0,inter_pkg_1link_15,1,5,inter_pkg_1link,1,4,1,4.64
eessi,0,inter_pkg_1link_15,1,5,inter_pkg_1link,1,4,2,8.96
eessi,0,inter_pkg_1link_15,1,5,inter_pkg_1link,1,4,4,18.40
eessi,0,inter_pkg_1link_15,1,5,inter_pkg_1link,1,4,8,36.18
eessi,0,inter_pkg_1link_15,1,5,inter_pkg_1link,1,4,16,74.38
eessi,0,inter_pkg_1link_15,1,5,inter_pkg_1link,1,4,32,150.38
eessi,0,inter_pkg_1link_15,1,5,inter_pkg_1link,1,4,64,288.78
eessi,0,inter_pkg_1link_15,1,5,inter_pkg_1link,1,4,128,556.94
eessi,0,inter_pkg_1link_15,1,5,inter_pkg_1link,1,4,256,1168.09
eessi,0,inter_pkg_1link_15,1,5,inter_pkg_1link,1,4,512,2288.14
eessi,0,inter_pkg_1link_15,1,5,inter_pkg_1link,1,4,1024,4300.16
eessi,0,inter_pkg_1link_15,1,5,inter_pkg_1link,1,4,2048,8462.62
eessi,0,inter_pkg_1link_15,1,5,inter_pkg_1link,1,4,4096,13488.57
eessi,0,inter_pkg_1link_15,1,5,inter_pkg_1link,1,4,8192,17683.80
eessi,0,inter_pkg_1link_15,1,5,inter_pkg_1link,1,4,16384,20681.03
eessi,0,inter_pkg_1link_15,1,5,inter_pkg_1link,1,4,32768,24998.80
eessi,0,inter_pkg_1link_15,1,5,inter_pkg_1link,1,4,65536,30508.24
eessi,0,inter_pkg_1link_15,1,5,inter_pkg_1link,1,4,131072,33340.62
eessi,0,inter_pkg_1link_15,1,5,inter_pkg_1link,1,4,262144,25167.11
eessi,0,inter_pkg_1link_15,1,5,inter_pkg_1link,1,4,524288,15554.93
eessi,0,inter_pkg_1link_15,1,5,inter_pkg_1link,1,4,1048576,11348.71
eessi,0,inter_pkg_1link_15,1,5,inter_pkg_1link,1,4,2097152,10694.50
eessi,0,inter_pkg_1link_15,1,5,inter_pkg_1link,1,4,4194304,10023.93
eessi,0,inter_pkg_1link_15,1,5,inter_pkg_1link,1,4,8388608,10107.73
eessi,0,inter_pkg_1link_15,1,5,inter_pkg_1link,1,4,16777216,9794.49
eessi,0,inter_pkg_1link_15,1,5,inter_pkg_1link,1,5,1,4.43
eessi,0,inter_pkg_1link_15,1,5,inter_pkg_1link,1,5,2,8.62
eessi,0,inter_pkg_1link_15,1,5,inter_pkg_1link,1,5,4,15.98
eessi,0,inter_pkg_1link_15,1,5,inter_pkg_1link,1,5,8,35.25
eessi,0,inter_pkg_1link_15,1,5,inter_pkg_1link,1,5,16,68.45
eessi,0,inter_pkg_1link_15,1,5,inter_pkg_1link,1,5,32,136.87
eessi,0,inter_pkg_1link_15,1,5,inter_pkg_1link,1,5,64,268.36
eessi,0,inter_pkg_1link_15,1,5,inter_pkg_1link,1,5,128,538.64
eessi,0,inter_pkg_1link_15,1,5,inter_pkg_1link,1,5,256,1104.72
eessi,0,inter_pkg_1link_15,1,5,inter_pkg_1link,1,5,512,2261.15
eessi,0,inter_pkg_1link_15,1,5,inter_pkg_1link,1,5,1024,4396.14
eessi,0,inter_pkg_1link_15,1,5,inter_pkg_1link,1,5,2048,7522.79
eessi,0,inter_pkg_1link_15,1,5,inter_pkg_1link,1,5,4096,13438.13
eessi,0,inter_pkg_1link_15,1,5,inter_pkg_1link,1,5,8192,17413.29
eessi,0,inter_pkg_1link_15,1,5,inter_pkg_1link,1,5,16384,21132.09
eessi,0,inter_pkg_1link_15,1,5,inter_pkg_1link,1,5,32768,26356.53
eessi,0,inter_pkg_1link_15,1,5,inter_pkg_1link,1,5,65536,30423.96
eessi,0,inter_pkg_1link_15,1,5,inter_pkg_1link,1,5,131072,33331.76
eessi,0,inter_pkg_1link_15,1,5,inter_pkg_1link,1,5,262144,26422.62
eessi,0,inter_pkg_1link_15,1,5,inter_pkg_1link,1,5,524288,15459.35
eessi,0,inter_pkg_1link_15,1,5,inter_pkg_1link,1,5,1048576,11614.35
eessi,0,inter_pkg_1link_15,1,5,inter_pkg_1link,1,5,2097152,10706.38
eessi,0,inter_pkg_1link_15,1,5,inter_pkg_1link,1,5,4194304,9981.60
eessi,0,inter_pkg_1link_15,1,5,inter_pkg_1link,1,5,8388608,9778.12
eessi,0,inter_pkg_1link_15,1,5,inter_pkg_1link,1,5,16777216,9771.12
eessi,0,inter_pkg_1link_15,1,5,inter_pkg_1link,1,6,1,4.58
eessi,0,inter_pkg_1link_15,1,5,inter_pkg_1link,1,6,2,9.22
eessi,0,inter_pkg_1link_15,1,5,inter_pkg_1link,1,6,4,18.54
eessi,0,inter_pkg_1link_15,1,5,inter_pkg_1link,1,6,8,37.50
eessi,0,inter_pkg_1link_15,1,5,inter_pkg_1link,1,6,16,72.38
eessi,0,inter_pkg_1link_15,1,5,inter_pkg_1link,1,6,32,150.03
eessi,0,inter_pkg_1link_15,1,5,inter_pkg_1link,1,6,64,297.48
eessi,0,inter_pkg_1link_15,1,5,inter_pkg_1link,1,6,128,596.81
eessi,0,inter_pkg_1link_15,1,5,inter_pkg_1link,1,6,256,1215.47
eessi,0,inter_pkg_1link_15,1,5,inter_pkg_1link,1,6,512,2358.66
eessi,0,inter_pkg_1link_15,1,5,inter_pkg_1link,1,6,1024,4663.37
eessi,0,inter_pkg_1link_15,1,5,inter_pkg_1link,1,6,2048,8615.73
eessi,0,inter_pkg_1link_15,1,5,inter_pkg_1link,1,6,4096,13217.49
eessi,0,inter_pkg_1link_15,1,5,inter_pkg_1link,1,6,8192,17452.25
eessi,0,inter_pkg_1link_15,1,5,inter_pkg_1link,1,6,16384,20295.92
eessi,0,inter_pkg_1link_15,1,5,inter_pkg_1link,1,6,32768,25806.02
eessi,0,inter_pkg_1link_15,1,5,inter_pkg_1link,1,6,65536,30817.35
eessi,0,inter_pkg_1link_15,1,5,inter_pkg_1link,1,6,131072,33402.59
eessi,0,inter_pkg_1link_15,1,5,inter_pkg_1link,1,6,262144,26267.81
eessi,0,inter_pkg_1link_15,1,5,inter_pkg_1link,1,6,524288,14439.37
eessi,0,inter_pkg_1link_15,1,5,inter_pkg_1link,1,6,1048576,11588.78
eessi,0,inter_pkg_1link_15,1,5,inter_pkg_1link,1,6,2097152,10662.24
eessi,0,inter_pkg_1link_15,1,5,inter_pkg_1link,1,6,4194304,10317.29
eessi,0,inter_pkg_1link_15,1,5,inter_pkg_1link,1,6,8388608,9778.45
eessi,0,inter_pkg_1link_15,1,5,inter_pkg_1link,1,6,16777216,9984.84
eessi,0,inter_pkg_1link_37,3,7,inter_pkg_1link,1,2,1,4.58
eessi,0,inter_pkg_1link_37,3,7,inter_pkg_1link,1,2,2,9.06
eessi,0,inter_pkg_1link_37,3,7,inter_pkg_1link,1,2,4,18.23
eessi,0,inter_pkg_1link_37,3,7,inter_pkg_1link,1,2,8,37.00
eessi,0,inter_pkg_1link_37,3,7,inter_pkg_1link,1,2,16,73.51
eessi,0,inter_pkg_1link_37,3,7,inter_pkg_1link,1,2,32,133.41
eessi,0,inter_pkg_1link_37,3,7,inter_pkg_1link,1,2,64,297.33
eessi,0,inter_pkg_1link_37,3,7,inter_pkg_1link,1,2,128,576.86
eessi,0,inter_pkg_1link_37,3,7,inter_pkg_1link,1,2,256,1184.45
eessi,0,inter_pkg_1link_37,3,7,inter_pkg_1link,1,2,512,2245.75
eessi,0,inter_pkg_1link_37,3,7,inter_pkg_1link,1,2,1024,4323.29
eessi,0,inter_pkg_1link_37,3,7,inter_pkg_1link,1,2,2048,8464.97
eessi,0,inter_pkg_1link_37,3,7,inter_pkg_1link,1,2,4096,13782.17
eessi,0,inter_pkg_1link_37,3,7,inter_pkg_1link,1,2,8192,16536.01
eessi,0,inter_pkg_1link_37,3,7,inter_pkg_1link,1,2,16384,20456.55
eessi,0,inter_pkg_1link_37,3,7,inter_pkg_1link,1,2,32768,25750.97
eessi,0,inter_pkg_1link_37,3,7,inter_pkg_1link,1,2,65536,30607.55
eessi,0,inter_pkg_1link_37,3,7,inter_pkg_1link,1,2,131072,33175.14
eessi,0,inter_pkg_1link_37,3,7,inter_pkg_1link,1,2,262144,26603.09
eessi,0,inter_pkg_1link_37,3,7,inter_pkg_1link,1,2,524288,15541.88
eessi,0,inter_pkg_1link_37,3,7,inter_pkg_1link,1,2,1048576,11368.91
eessi,0,inter_pkg_1link_37,3,7,inter_pkg_1link,1,2,2097152,10701.79
eessi,0,inter_pkg_1link_37,3,7,inter_pkg_1link,1,2,4194304,10009.98
eessi,0,inter_pkg_1link_37,3,7,inter_pkg_1link,1,2,8388608,9768.26
eessi,0,inter_pkg_1link_37,3,7,inter_pkg_1link,1,2,16777216,9801.88
eessi,0,inter_pkg_1link_37,3,7,inter_pkg_1link,1,3,1,4.36
eessi,0,inter_pkg_1link_37,3,7,inter_pkg_1link,1,3,2,8.97
eessi,0,inter_pkg_1link_37,3,7,inter_pkg_1link,1,3,4,17.35
eessi,0,inter_pkg_1link_37,3,7,inter_pkg_1link,1,3,8,36.49
eessi,0,inter_pkg_1link_37,3,7,inter_pkg_1link,1,3,16,72.18
eessi,0,inter_pkg_1link_37,3,7,inter_pkg_1link,1,3,32,148.91
eessi,0,inter_pkg_1link_37,3,7,inter_pkg_1link,1,3,64,290.41
eessi,0,inter_pkg_1link_37,3,7,inter_pkg_1link,1,3,128,573.48
eessi,0,inter_pkg_1link_37,3,7,inter_pkg_1link,1,3,256,1174.46
eessi,0,inter_pkg_1link_37,3,7,inter_pkg_1link,1,3,512,2289.03
eessi,0,inter_pkg_1link_37,3,7,inter_pkg_1link,1,3,1024,4601.72
eessi,0,inter_pkg_1link_37,3,7,inter_pkg_1link,1,3,2048,8376.35
eessi,0,inter_pkg_1link_37,3,7,inter_pkg_1link,1,3,4096,13720.37
eessi,0,inter_pkg_1link_37,3,7,inter_pkg_1link,1,3,8192,17742.02
eessi,0,inter_pkg_1link_37,3,7,inter_pkg_1link,1,3,16384,20430.00
eessi,0,inter_pkg_1link_37,3,7,inter_pkg_1link,1,3,32768,25549.73
eessi,0,inter_pkg_1link_37,3,7,inter_pkg_1link,1,3,65536,30345.49
eessi,0,inter_pkg_1link_37,3,7,inter_pkg_1link,1,3,131072,33613.23
eessi,0,inter_pkg_1link_37,3,7,inter_pkg_1link,1,3,262144,25460.94
eessi,0,inter_pkg_1link_37,3,7,inter_pkg_1link,1,3,524288,14675.03
eessi,0,inter_pkg_1link_37,3,7,inter_pkg_1link,1,3,1048576,11555.95
eessi,0,inter_pkg_1link_37,3,7,inter_pkg_1link,1,3,2097152,10461.81
eessi,0,inter_pkg_1link_37,3,7,inter_pkg_1link,1,3,4194304,9992.86
eessi,0,inter_pkg_1link_37,3,7,inter_pkg_1link,1,3,8388608,10015.68
eessi,0,inter_pkg_1link_37,3,7,inter_pkg_1link,1,3,16777216,9776.98
eessi,0,inter_pkg_1link_37,3,7,inter_pkg_1link,1,4,1,4.51
eessi,0,inter_pkg_1link_37,3,7,inter_pkg_1link,1,4,2,8.65
eessi,0,inter_pkg_1link_37,3,7,inter_pkg_1link,1,4,4,15.33
eessi,0,inter_pkg_1link_37,3,7,inter_pkg_1link,1,4,8,34.71
eessi,0,inter_pkg_1link_37,3,7,inter_pkg_1link,1,4,16,67.02
eessi,0,inter_pkg_1link_37,3,7,inter_pkg_1link,1,4,32,136.00
eessi,0,inter_pkg_1link_37,3,7,inter_pkg_1link,1,4,64,286.23
eessi,0,inter_pkg_1link_37,3,7,inter_pkg_1link,1,4,128,553.01
eessi,0,inter_pkg_1link_37,3,7,inter_pkg_1link,1,4,256,1100.57
eessi,0,inter_pkg_1link_37,3,7,inter_pkg_1link,1,4,512,2168.61
eessi,0,inter_pkg_1link_37,3,7,inter_pkg_1link,1,4,1024,4205.63
eessi,0,inter_pkg_1link_37,3,7,inter_pkg_1link,1,4,2048,7514.97
eessi,0,inter_pkg_1link_37,3,7,inter_pkg_1link,1,4,4096,13374.93
eessi,0,inter_pkg_1link_37,3,7,inter_pkg_1link,1,4,8192,17178.89
eessi,0,inter_pkg_1link_37,3,7,inter_pkg_1link,1,4,16384,20508.70
eessi,0,inter_pkg_1link_37,3,7,inter_pkg_1link,1,4,32768,26012.34
eessi,0,inter_pkg_1link_37,3,7,inter_pkg_1link,1,4,65536,30231.58
eessi,0,inter_pkg_1link_37,3,7,inter_pkg_1link,1,4,131072,33476.03
eessi,0,inter_pkg_1link_37,3,7,inter_pkg_1link,1,4,262144,25261.48
eessi,0,inter_pkg_1link_37,3,7,inter_pkg_1link,1,4,524288,15169.29
eessi,0,inter_pkg_1link_37,3,7,inter_pkg_1link,1,4,1048576,11577.30
eessi,0,inter_pkg_1link_37,3,7,inter_pkg_1link,1,4,2097152,10444.01
eessi,0,inter_pkg_1link_37,3,7,inter_pkg_1link,1,4,4194304,9967.95
eessi,0,inter_pkg_1link_37,3,7,inter_pkg_1link,1,4,8388608,9745.53
eessi,0,inter_pkg_1link_37,3,7,inter_pkg_1link,1,4,16777216,9716.45
eessi,0,inter_pkg_1link_37,3,7,inter_pkg_1link,1,5,1,4.50
eessi,0,inter_pkg_1link_37,3,7,inter_pkg_1link,1,5,2,9.03
eessi,0,inter_pkg_1link_37,3,7,inter_pkg_1link,1,5,4,17.97
eessi,0,inter_pkg_1link_37,3,7,inter_pkg_1link,1,5,8,36.00
eessi,0,inter_pkg_1link_37,3,7,inter_pkg_1link,1,5,16,71.62
eessi,0,inter_pkg_1link_37,3,7,inter_pkg_1link,1,5,32,145.90
eessi,0,inter_pkg_1link_37,3,7,inter_pkg_1link,1,5,64,260.01
eessi,0,inter_pkg_1link_37,3,7,inter_pkg_1link,1,5,128,510.34
eessi,0,inter_pkg_1link_37,3,7,inter_pkg_1link,1,5,256,1106.89
eessi,0,inter_pkg_1link_37,3,7,inter_pkg_1link,1,5,512,2277.91
eessi,0,inter_pkg_1link_37,3,7,inter_pkg_1link,1,5,1024,4494.90
eessi,0,inter_pkg_1link_37,3,7,inter_pkg_1link,1,5,2048,7784.49
eessi,0,inter_pkg_1link_37,3,7,inter_pkg_1link,1,5,4096,13181.80
eessi,0,inter_pkg_1link_37,3,7,inter_pkg_1link,1,5,8192,17207.48
eessi,0,inter_pkg_1link_37,3,7,inter_pkg_1link,1,5,16384,19986.95
eessi,0,inter_pkg_1link_37,3,7,inter_pkg_1link,1,5,32768,26067.64
eessi,0,inter_pkg_1link_37,3,7,inter_pkg_1link,1,5,65536,30136.97
eessi,0,inter_pkg_1link_37,3,7,inter_pkg_1link,1,5,131072,33697.88
eessi,0,inter_pkg_1link_37,3,7,inter_pkg_1link,1,5,262144,25916.39
eessi,0,inter_pkg_1link_37,3,7,inter_pkg_1link,1,5,524288,15129.04
eessi,0,inter_pkg_1link_37,3,7,inter_pkg_1link,1,5,1048576,11289.52
eessi,0,inter_pkg_1link_37,3,7,inter_pkg_1link,1,5,2097152,10449.95
eessi,0,inter_pkg_1link_37,3,7,inter_pkg_1link,1,5,4194304,10009.38
eessi,0,inter_pkg_1link_37,3,7,inter_pkg_1link,1,5,8388608,9780.29
eessi,0,inter_pkg_1link_37,3,7,inter_pkg_1link,1,5,16777216,10085.67
eessi,0,inter_pkg_1link_37,3,7,inter_pkg_1link,1,6,1,4.56
eessi,0,inter_pkg_1link_37,3,7,inter_pkg_1link,1,6,2,8.83
eessi,0,inter_pkg_1link_37,3,7,inter_pkg_1link,1,6,4,18.34
eessi,0,inter_pkg_1link_37,3,7,inter_pkg_1link,1,6,8,36.45
eessi,0,inter_pkg_1link_37,3,7,inter_pkg_1link,1,6,16,73.40
eessi,0,inter_pkg_1link_37,3,7,inter_pkg_1link,1,6,32,147.63
eessi,0,inter_pkg_1link_37,3,7,inter_pkg_1link,1,6,64,285.61
eessi,0,inter_pkg_1link_37,3,7,inter_pkg_1link,1,6,128,557.10
eessi,0,inter_pkg_1link_37,3,7,inter_pkg_1link,1,6,256,1167.40
eessi,0,inter_pkg_1link_37,3,7,inter_pkg_1link,1,6,512,2321.90
eessi,0,inter_pkg_1link_37,3,7,inter_pkg_1link,1,6,1024,4381.24
eessi,0,inter_pkg_1link_37,3,7,inter_pkg_1link,1,6,2048,8670.66
eessi,0,inter_pkg_1link_37,3,7,inter_pkg_1link,1,6,4096,13670.11
eessi,0,inter_pkg_1link_37,3,7,inter_pkg_1link,1,6,8192,17575.41
eessi,0,inter_pkg_1link_37,3,7,inter_pkg_1link,1,6,16384,20334.49
eessi,0,inter_pkg_1link_37,3,7,inter_pkg_1link,1,6,32768,26040.07
eessi,0,inter_pkg_1link_37,3,7,inter_pkg_1link,1,6,65536,30582.68
eessi,0,inter_pkg_1link_37,3,7,inter_pkg_1link,1,6,131072,33849.18
eessi,0,inter_pkg_1link_37,3,7,inter_pkg_1link,1,6,262144,26748.68
eessi,0,inter_pkg_1link_37,3,7,inter_pkg_1link,1,6,524288,15528.87
eessi,0,inter_pkg_1link_37,3,7,inter_pkg_1link,1,6,1048576,11625.65
eessi,0,inter_pkg_1link_37,3,7,inter_pkg_1link,1,6,2097152,10670.90
eessi,0,inter_pkg_1link_37,3,7,inter_pkg_1link,1,6,4194304,10000.27
eessi,0,inter_pkg_1link_37,3,7,inter_pkg_1link,1,6,8388608,9786.86
eessi,0,inter_pkg_1link_37,3,7,inter_pkg_1link,1,6,16777216,9779.17
eessi,0,inter_pkg_1link_57,5,7,inter_pkg_1link,1,2,1,4.61
eessi,0,inter_pkg_1link_57,5,7,inter_pkg_1link,1,2,2,9.25
eessi,0,inter_pkg_1link_57,5,7,inter_pkg_1link,1,2,4,18.43
eessi,0,inter_pkg_1link_57,5,7,inter_pkg_1link,1,2,8,36.87
eessi,0,inter_pkg_1link_57,5,7,inter_pkg_1link,1,2,16,70.73
eessi,0,inter_pkg_1link_57,5,7,inter_pkg_1link,1,2,32,147.02
eessi,0,inter_pkg_1link_57,5,7,inter_pkg_1link,1,2,64,296.09
eessi,0,inter_pkg_1link_57,5,7,inter_pkg_1link,1,2,128,570.12
eessi,0,inter_pkg_1link_57,5,7,inter_pkg_1link,1,2,256,1183.12
eessi,0,inter_pkg_1link_57,5,7,inter_pkg_1link,1,2,512,2324.42
eessi,0,inter_pkg_1link_57,5,7,inter_pkg_1link,1,2,1024,3896.51
eessi,0,inter_pkg_1link_57,5,7,inter_pkg_1link,1,2,2048,8615.22
eessi,0,inter_pkg_1link_57,5,7,inter_pkg_1link,1,2,4096,13136.13
eessi,0,inter_pkg_1link_57,5,7,inter_pkg_1link,1,2,8192,17098.62
eessi,0,inter_pkg_1link_57,5,7,inter_pkg_1link,1,2,16384,20606.76
eessi,0,inter_pkg_1link_57,5,7,inter_pkg_1link,1,2,32768,26623.73
eessi,0,inter_pkg_1link_57,5,7,inter_pkg_1link,1,2,65536,31101.98
eessi,0,inter_pkg_1link_57,5,7,inter_pkg_1link,1,2,131072,33890.30
eessi,0,inter_pkg_1link_57,5,7,inter_pkg_1link,1,2,262144,26271.10
eessi,0,inter_pkg_1link_57,5,7,inter_pkg_1link,1,2,524288,15179.99
eessi,0,inter_pkg_1link_57,5,7,inter_pkg_1link,1,2,1048576,11680.19
eessi,0,inter_pkg_1link_57,5,7,inter_pkg_1link,1,2,2097152,10751.83
eessi,0,inter_pkg_1link_57,5,7,inter_pkg_1link,1,2,4194304,9988.17
eessi,0,inter_pkg_1link_57,5,7,inter_pkg_1link,1,2,8388608,9812.88
eessi,0,inter_pkg_1link_57,5,7,inter_pkg_1link,1,2,16777216,9806.00
eessi,0,inter_pkg_1link_57,5,7,inter_pkg_1link,1,3,1,4.41
eessi,0,inter_pkg_1link_57,5,7,inter_pkg_1link,1,3,2,7.82
eessi,0,inter_pkg_1link_57,5,7,inter_pkg_1link,1,3,4,17.40
eessi,0,inter_pkg_1link_57,5,7,inter_pkg_1link,1,3,8,35.65
eessi,0,inter_pkg_1link_57,5,7,inter_pkg_1link,1,3,16,68.93
eessi,0,inter_pkg_1link_57,5,7,inter_pkg_1link,1,3,32,137.72
eessi,0,inter_pkg_1link_57,5,7,inter_pkg_1link,1,3,64,286.16
eessi,0,inter_pkg_1link_57,5,7,inter_pkg_1link,1,3,128,561.46
eessi,0,inter_pkg_1link_57,5,7,inter_pkg_1link,1,3,256,1006.16
eessi,0,inter_pkg_1link_57,5,7,inter_pkg_1link,1,3,512,2157.85
eessi,0,inter_pkg_1link_57,5,7,inter_pkg_1link,1,3,1024,3928.43
eessi,0,inter_pkg_1link_57,5,7,inter_pkg_1link,1,3,2048,8183.67
eessi,0,inter_pkg_1link_57,5,7,inter_pkg_1link,1,3,4096,12258.01
eessi,0,inter_pkg_1link_57,5,7,inter_pkg_1link,1,3,8192,17191.14
eessi,0,inter_pkg_1link_57,5,7,inter_pkg_1link,1,3,16384,20482.78
eessi,0,inter_pkg_1link_57,5,7,inter_pkg_1link,1,3,32768,26333.45
eessi,0,inter_pkg_1link_57,5,7,inter_pkg_1link,1,3,65536,31172.73
eessi,0,inter_pkg_1link_57,5,7,inter_pkg_1link,1,3,131072,33957.02
eessi,0,inter_pkg_1link_57,5,7,inter_pkg_1link,1,3,262144,25956.98
eessi,0,inter_pkg_1link_57,5,7,inter_pkg_1link,1,3,524288,14593.52
eessi,0,inter_pkg_1link_57,5,7,inter_pkg_1link,1,3,1048576,11327.64
eessi,0,inter_pkg_1link_57,5,7,inter_pkg_1link,1,3,2097152,10479.97
eessi,0,inter_pkg_1link_57,5,7,inter_pkg_1link,1,3,4194304,9992.43
eessi,0,inter_pkg_1link_57,5,7,inter_pkg_1link,1,3,8388608,9783.99
eessi,0,inter_pkg_1link_57,5,7,inter_pkg_1link,1,3,16777216,9807.30
eessi,0,inter_pkg_1link_57,5,7,inter_pkg_1link,1,4,1,4.57
eessi,0,inter_pkg_1link_57,5,7,inter_pkg_1link,1,4,2,8.91
eessi,0,inter_pkg_1link_57,5,7,inter_pkg_1link,1,4,4,18.13
eessi,0,inter_pkg_1link_57,5,7,inter_pkg_1link,1,4,8,37.04
eessi,0,inter_pkg_1link_57,5,7,inter_pkg_1link,1,4,16,69.24
eessi,0,inter_pkg_1link_57,5,7,inter_pkg_1link,1,4,32,146.65
eessi,0,inter_pkg_1link_57,5,7,inter_pkg_1link,1,4,64,285.03
eessi,0,inter_pkg_1link_57,5,7,inter_pkg_1link,1,4,128,561.38
eessi,0,inter_pkg_1link_57,5,7,inter_pkg_1link,1,4,256,1194.85
eessi,0,inter_pkg_1link_57,5,7,inter_pkg_1link,1,4,512,2340.15
eessi,0,inter_pkg_1link_57,5,7,inter_pkg_1link,1,4,1024,4641.26
eessi,0,inter_pkg_1link_57,5,7,inter_pkg_1link,1,4,2048,8613.23
eessi,0,inter_pkg_1link_57,5,7,inter_pkg_1link,1,4,4096,13745.96
eessi,0,inter_pkg_1link_57,5,7,inter_pkg_1link,1,4,8192,18040.54
eessi,0,inter_pkg_1link_57,5,7,inter_pkg_1link,1,4,16384,20799.00
eessi,0,inter_pkg_1link_57,5,7,inter_pkg_1link,1,4,32768,26277.68
eessi,0,inter_pkg_1link_57,5,7,inter_pkg_1link,1,4,65536,31212.87
eessi,0,inter_pkg_1link_57,5,7,inter_pkg_1link,1,4,131072,33832.19
eessi,0,inter_pkg_1link_57,5,7,inter_pkg_1link,1,4,262144,26791.26
eessi,0,inter_pkg_1link_57,5,7,inter_pkg_1link,1,4,524288,14405.01
eessi,0,inter_pkg_1link_57,5,7,inter_pkg_1link,1,4,1048576,11241.64
eessi,0,inter_pkg_1link_57,5,7,inter_pkg_1link,1,4,2097152,10511.65
eessi,0,inter_pkg_1link_57,5,7,inter_pkg_1link,1,4,4194304,10014.87
eessi,0,inter_pkg_1link_57,5,7,inter_pkg_1link,1,4,8388608,9791.01
eessi,0,inter_pkg_1link_57,5,7,inter_pkg_1link,1,4,16777216,9768.02
eessi,0,inter_pkg_1link_57,5,7,inter_pkg_1link,1,5,1,4.52
eessi,0,inter_pkg_1link_57,5,7,inter_pkg_1link,1,5,2,8.93
eessi,0,inter_pkg_1link_57,5,7,inter_pkg_1link,1,5,4,16.72
eessi,0,inter_pkg_1link_57,5,7,inter_pkg_1link,1,5,8,36.89
eessi,0,inter_pkg_1link_57,5,7,inter_pkg_1link,1,5,16,72.31
eessi,0,inter_pkg_1link_57,5,7,inter_pkg_1link,1,5,32,146.22
eessi,0,inter_pkg_1link_57,5,7,inter_pkg_1link,1,5,64,296.47
eessi,0,inter_pkg_1link_57,5,7,inter_pkg_1link,1,5,128,592.05
eessi,0,inter_pkg_1link_57,5,7,inter_pkg_1link,1,5,256,1191.13
eessi,0,inter_pkg_1link_57,5,7,inter_pkg_1link,1,5,512,2321.36
eessi,0,inter_pkg_1link_57,5,7,inter_pkg_1link,1,5,1024,4638.66
eessi,0,inter_pkg_1link_57,5,7,inter_pkg_1link,1,5,2048,8124.16
eessi,0,inter_pkg_1link_57,5,7,inter_pkg_1link,1,5,4096,13745.74
eessi,0,inter_pkg_1link_57,5,7,inter_pkg_1link,1,5,8192,16956.17
eessi,0,inter_pkg_1link_57,5,7,inter_pkg_1link,1,5,16384,20571.20
eessi,0,inter_pkg_1link_57,5,7,inter_pkg_1link,1,5,32768,24660.35
eessi,0,inter_pkg_1link_57,5,7,inter_pkg_1link,1,5,65536,30365.94
eessi,0,inter_pkg_1link_57,5,7,inter_pkg_1link,1,5,131072,32953.68
eessi,0,inter_pkg_1link_57,5,7,inter_pkg_1link,1,5,262144,25603.28
eessi,0,inter_pkg_1link_57,5,7,inter_pkg_1link,1,5,524288,14446.19
eessi,0,inter_pkg_1link_57,5,7,inter_pkg_1link,1,5,1048576,11291.60
eessi,0,inter_pkg_1link_57,5,7,inter_pkg_1link,1,5,2097152,10685.97
eessi,0,inter_pkg_1link_57,5,7,inter_pkg_1link,1,5,4194304,9978.76
eessi,0,inter_pkg_1link_57,5,7,inter_pkg_1link,1,5,8388608,10100.69
eessi,0,inter_pkg_1link_57,5,7,inter_pkg_1link,1,5,16777216,9785.55
eessi,0,inter_pkg_1link_57,5,7,inter_pkg_1link,1,6,1,4.63
eessi,0,inter_pkg_1link_57,5,7,inter_pkg_1link,1,6,2,9.28
eessi,0,inter_pkg_1link_57,5,7,inter_pkg_1link,1,6,4,18.58
eessi,0,inter_pkg_1link_57,5,7,inter_pkg_1link,1,6,8,35.70
eessi,0,inter_pkg_1link_57,5,7,inter_pkg_1link,1,6,16,73.97
eessi,0,inter_pkg_1link_57,5,7,inter_pkg_1link,1,6,32,147.97
eessi,0,inter_pkg_1link_57,5,7,inter_pkg_1link,1,6,64,302.37
eessi,0,inter_pkg_1link_57,5,7,inter_pkg_1link,1,6,128,595.93
eessi,0,inter_pkg_1link_57,5,7,inter_pkg_1link,1,6,256,1183.16
eessi,0,inter_pkg_1link_57,5,7,inter_pkg_1link,1,6,512,2348.80
eessi,0,inter_pkg_1link_57,5,7,inter_pkg_1link,1,6,1024,4653.18
eessi,0,inter_pkg_1link_57,5,7,inter_pkg_1link,1,6,2048,8606.04
eessi,0,inter_pkg_1link_57,5,7,inter_pkg_1link,1,6,4096,13758.90
eessi,0,inter_pkg_1link_57,5,7,inter_pkg_1link,1,6,8192,17831.03
eessi,0,inter_pkg_1link_57,5,7,inter_pkg_1link,1,6,16384,20664.58
eessi,0,inter_pkg_1link_57,5,7,inter_pkg_1link,1,6,32768,25360.49
eessi,0,inter_pkg_1link_57,5,7,inter_pkg_1link,1,6,65536,30907.66
eessi,0,inter_pkg_1link_57,5,7,inter_pkg_1link,1,6,131072,33423.26
eessi,0,inter_pkg_1link_57,5,7,inter_pkg_1link,1,6,262144,25349.47
eessi,0,inter_pkg_1link_57,5,7,inter_pkg_1link,1,6,524288,14723.03
eessi,0,inter_pkg_1link_57,5,7,inter_pkg_1link,1,6,1048576,11620.83
eessi,0,inter_pkg_1link_57,5,7,inter_pkg_1link,1,6,2097152,10471.24
eessi,0,inter_pkg_1link_57,5,7,inter_pkg_1link,1,6,4194304,9985.03
eessi,0,inter_pkg_1link_57,5,7,inter_pkg_1link,1,6,8388608,9761.38
eessi,0,inter_pkg_1link_57,5,7,inter_pkg_1link,1,6,16777216,9777.68
eessi,0,routed_07,0,7,routed,0,2,1,4.49
eessi,0,routed_07,0,7,routed,0,2,2,9.12
eessi,0,routed_07,0,7,routed,0,2,4,18.15
eessi,0,routed_07,0,7,routed,0,2,8,35.83
eessi,0,routed_07,0,7,routed,0,2,16,72.50
eessi,0,routed_07,0,7,routed,0,2,32,148.44
eessi,0,routed_07,0,7,routed,0,2,64,289.73
eessi,0,routed_07,0,7,routed,0,2,128,580.29
eessi,0,routed_07,0,7,routed,0,2,256,1165.50
eessi,0,routed_07,0,7,routed,0,2,512,2294.44
eessi,0,routed_07,0,7,routed,0,2,1024,4346.10
eessi,0,routed_07,0,7,routed,0,2,2048,8341.53
eessi,0,routed_07,0,7,routed,0,2,4096,13462.41
eessi,0,routed_07,0,7,routed,0,2,8192,17726.40
eessi,0,routed_07,0,7,routed,0,2,16384,20368.09
eessi,0,routed_07,0,7,routed,0,2,32768,26001.83
eessi,0,routed_07,0,7,routed,0,2,65536,30681.80
eessi,0,routed_07,0,7,routed,0,2,131072,32632.14
eessi,0,routed_07,0,7,routed,0,2,262144,25982.08
eessi,0,routed_07,0,7,routed,0,2,524288,14689.70
eessi,0,routed_07,0,7,routed,0,2,1048576,11652.43
eessi,0,routed_07,0,7,routed,0,2,2097152,10711.34
eessi,0,routed_07,0,7,routed,0,2,4194304,9961.24
eessi,0,routed_07,0,7,routed,0,2,8388608,10104.12
eessi,0,routed_07,0,7,routed,0,2,16777216,9743.03
eessi,0,routed_07,0,7,routed,0,3,1,4.56
eessi,0,routed_07,0,7,routed,0,3,2,8.95
eessi,0,routed_07,0,7,routed,0,3,4,18.42
eessi,0,routed_07,0,7,routed,0,3,8,35.65
eessi,0,routed_07,0,7,routed,0,3,16,73.39
eessi,0,routed_07,0,7,routed,0,3,32,148.18
eessi,0,routed_07,0,7,routed,0,3,64,290.86
eessi,0,routed_07,0,7,routed,0,3,128,598.35
eessi,0,routed_07,0,7,routed,0,3,256,1159.52
eessi,0,routed_07,0,7,routed,0,3,512,2322.51
eessi,0,routed_07,0,7,routed,0,3,1024,4590.84
eessi,0,routed_07,0,7,routed,0,3,2048,8658.55
eessi,0,routed_07,0,7,routed,0,3,4096,13924.24
eessi,0,routed_07,0,7,routed,0,3,8192,17917.36
eessi,0,routed_07,0,7,routed,0,3,16384,20400.53
eessi,0,routed_07,0,7,routed,0,3,32768,25691.20
eessi,0,routed_07,0,7,routed,0,3,65536,30882.90
eessi,0,routed_07,0,7,routed,0,3,131072,33610.38
eessi,0,routed_07,0,7,routed,0,3,262144,26019.19
eessi,0,routed_07,0,7,routed,0,3,524288,15494.51
eessi,0,routed_07,0,7,routed,0,3,1048576,11576.67
eessi,0,routed_07,0,7,routed,0,3,2097152,10689.63
eessi,0,routed_07,0,7,routed,0,3,4194304,9995.55
eessi,0,routed_07,0,7,routed,0,3,8388608,10104.81
eessi,0,routed_07,0,7,routed,0,3,16777216,10250.75
eessi,0,routed_07,0,7,routed,0,4,1,4.69
eessi,0,routed_07,0,7,routed,0,4,2,9.22
eessi,0,routed_07,0,7,routed,0,4,4,18.85
eessi,0,routed_07,0,7,routed,0,4,8,36.02
eessi,0,routed_07,0,7,routed,0,4,16,74.90
eessi,0,routed_07,0,7,routed,0,4,32,149.73
eessi,0,routed_07,0,7,routed,0,4,64,283.00
eessi,0,routed_07,0,7,routed,0,4,128,604.81
eessi,0,routed_07,0,7,routed,0,4,256,1166.45
eessi,0,routed_07,0,7,routed,0,4,512,2385.57
eessi,0,routed_07,0,7,routed,0,4,1024,4642.09
eessi,0,routed_07,0,7,routed,0,4,2048,8413.85
eessi,0,routed_07,0,7,routed,0,4,4096,13343.96
eessi,0,routed_07,0,7,routed,0,4,8192,17810.20
eessi,0,routed_07,0,7,routed,0,4,16384,20481.34
eessi,0,routed_07,0,7,routed,0,4,32768,25989.40
eessi,0,routed_07,0,7,routed,0,4,65536,29726.56
eessi,0,routed_07,0,7,routed,0,4,131072,33506.59
eessi,0,routed_07,0,7,routed,0,4,262144,25941.78
eessi,0,routed_07,0,7,routed,0,4,524288,15244.21
eessi,0,routed_07,0,7,routed,0,4,1048576,11310.13
eessi,0,routed_07,0,7,routed,0,4,2097152,10700.64
eessi,0,routed_07,0,7,routed,0,4,4194304,9984.41
eessi,0,routed_07,0,7,routed,0,4,8388608,10023.48
eessi,0,routed_07,0,7,routed,0,4,16777216,9968.09
eessi,0,routed_07,0,7,routed,0,5,1,4.63
eessi,0,routed_07,0,7,routed,0,5,2,8.14
eessi,0,routed_07,0,7,routed,0,5,4,18.37
eessi,0,routed_07,0,7,routed,0,5,8,36.92
eessi,0,routed_07,0,7,routed,0,5,16,72.28
eessi,0,routed_07,0,7,routed,0,5,32,145.43
eessi,0,routed_07,0,7,routed,0,5,64,258.95
eessi,0,routed_07,0,7,routed,0,5,128,575.27
eessi,0,routed_07,0,7,routed,0,5,256,1126.14
eessi,0,routed_07,0,7,routed,0,5,512,2374.41
eessi,0,routed_07,0,7,routed,0,5,1024,4263.55
eessi,0,routed_07,0,7,routed,0,5,2048,8160.04
eessi,0,routed_07,0,7,routed,0,5,4096,13624.91
eessi,0,routed_07,0,7,routed,0,5,8192,16543.02
eessi,0,routed_07,0,7,routed,0,5,16384,21334.47
eessi,0,routed_07,0,7,routed,0,5,32768,25408.21
eessi,0,routed_07,0,7,routed,0,5,65536,29622.61
eessi,0,routed_07,0,7,routed,0,5,131072,33118.20
eessi,0,routed_07,0,7,routed,0,5,262144,26914.44
eessi,0,routed_07,0,7,routed,0,5,524288,15215.86
eessi,0,routed_07,0,7,routed,0,5,1048576,11335.89
eessi,0,routed_07,0,7,routed,0,5,2097152,10484.02
eessi,0,routed_07,0,7,routed,0,5,4194304,9985.04
eessi,0,routed_07,0,7,routed,0,5,8388608,9778.99
eessi,0,routed_07,0,7,routed,0,5,16777216,9776.06
eessi,0,routed_07,0,7,routed,0,6,1,4.53
eessi,0,routed_07,0,7,routed,0,6,2,9.06
eessi,0,routed_07,0,7,routed,0,6,4,18.12
eessi,0,routed_07,0,7,routed,0,6,8,36.58
eessi,0,routed_07,0,7,routed,0,6,16,72.48
eessi,0,routed_07,0,7,routed,0,6,32,146.75
eessi,0,routed_07,0,7,routed,0,6,64,291.67
eessi,0,routed_07,0,7,routed,0,6,128,599.13
eessi,0,routed_07,0,7,routed,0,6,256,1230.21
eessi,0,routed_07,0,7,routed,0,6,512,2311.86
eessi,0,routed_07,0,7,routed,0,6,1024,4628.98
eessi,0,routed_07,0,7,routed,0,6,2048,8696.83
eessi,0,routed_07,0,7,routed,0,6,4096,13603.38
eessi,0,routed_07,0,7,routed,0,6,8192,18013.08
eessi,0,routed_07,0,7,routed,0,6,16384,20730.89
eessi,0,routed_07,0,7,routed,0,6,32768,26673.40
eessi,0,routed_07,0,7,routed,0,6,65536,30950.99
eessi,0,routed_07,0,7,routed,0,6,131072,33780.21
eessi,0,routed_07,0,7,routed,0,6,262144,25683.68
eessi,0,routed_07,0,7,routed,0,6,524288,15005.99
eessi,0,routed_07,0,7,routed,0,6,1048576,11953.11
eessi,0,routed_07,0,7,routed,0,6,2097152,10449.45
eessi,0,routed_07,0,7,routed,0,6,4194304,9977.38
eessi,0,routed_07,0,7,routed,0,6,8388608,9774.54
eessi,0,routed_07,0,7,routed,0,6,16777216,10243.07
eessi,0,routed_03,0,3,routed,0,2,1,4.48
eessi,0,routed_03,0,3,routed,0,2,2,8.77
eessi,0,routed_03,0,3,routed,0,2,4,18.25
eessi,0,routed_03,0,3,routed,0,2,8,35.16
eessi,0,routed_03,0,3,routed,0,2,16,71.94
eessi,0,routed_03,0,3,routed,0,2,32,144.57
eessi,0,routed_03,0,3,routed,0,2,64,286.52
eessi,0,routed_03,0,3,routed,0,2,128,588.82
eessi,0,routed_03,0,3,routed,0,2,256,1159.81
eessi,0,routed_03,0,3,routed,0,2,512,2288.99
eessi,0,routed_03,0,3,routed,0,2,1024,4475.52
eessi,0,routed_03,0,3,routed,0,2,2048,8112.22
eessi,0,routed_03,0,3,routed,0,2,4096,13706.21
eessi,0,routed_03,0,3,routed,0,2,8192,17543.42
eessi,0,routed_03,0,3,routed,0,2,16384,20940.16
eessi,0,routed_03,0,3,routed,0,2,32768,25736.34
eessi,0,routed_03,0,3,routed,0,2,65536,30406.11
eessi,0,routed_03,0,3,routed,0,2,131072,33364.66
eessi,0,routed_03,0,3,routed,0,2,262144,26483.66
eessi,0,routed_03,0,3,routed,0,2,524288,14983.20
eessi,0,routed_03,0,3,routed,0,2,1048576,11915.95
eessi,0,routed_03,0,3,routed,0,2,2097152,10469.44
eessi,0,routed_03,0,3,routed,0,2,4194304,9970.79
eessi,0,routed_03,0,3,routed,0,2,8388608,9787.85
eessi,0,routed_03,0,3,routed,0,2,16777216,9784.95
eessi,0,routed_03,0,3,routed,0,3,1,4.48
eessi,0,routed_03,0,3,routed,0,3,2,9.14
eessi,0,routed_03,0,3,routed,0,3,4,18.59
eessi,0,routed_03,0,3,routed,0,3,8,36.32
eessi,0,routed_03,0,3,routed,0,3,16,73.33
eessi,0,routed_03,0,3,routed,0,3,32,140.71
eessi,0,routed_03,0,3,routed,0,3,64,294.74
eessi,0,routed_03,0,3,routed,0,3,128,584.25
eessi,0,routed_03,0,3,routed,0,3,256,1127.49
eessi,0,routed_03,0,3,routed,0,3,512,2348.58
eessi,0,routed_03,0,3,routed,0,3,1024,4552.84
eessi,0,routed_03,0,3,routed,0,3,2048,8607.56
eessi,0,routed_03,0,3,routed,0,3,4096,13428.48
eessi,0,routed_03,0,3,routed,0,3,8192,17762.26
eessi,0,routed_03,0,3,routed,0,3,16384,20733.93
eessi,0,routed_03,0,3,routed,0,3,32768,25693.85
eessi,0,routed_03,0,3,routed,0,3,65536,30224.31
eessi,0,routed_03,0,3,routed,0,3,131072,33696.74
eessi,0,routed_03,0,3,routed,0,3,262144,26129.27
eessi,0,routed_03,0,3,routed,0,3,524288,14455.04
eessi,0,routed_03,0,3,routed,0,3,1048576,11331.09
eessi,0,routed_03,0,3,routed,0,3,2097152,10478.48
eessi,0,routed_03,0,3,routed,0,3,4194304,10314.64
eessi,0,routed_03,0,3,routed,0,3,8388608,9791.29
eessi,0,routed_03,0,3,routed,0,3,16777216,10102.98
eessi,0,routed_03,0,3,routed,0,4,1,4.40
eessi,0,routed_03,0,3,routed,0,4,2,9.05
eessi,0,routed_03,0,3,routed,0,4,4,18.39
eessi,0,routed_03,0,3,routed,0,4,8,36.05
eessi,0,routed_03,0,3,routed,0,4,16,65.78
eessi,0,routed_03,0,3,routed,0,4,32,147.37
eessi,0,routed_03,0,3,routed,0,4,64,294.72
eessi,0,routed_03,0,3,routed,0,4,128,587.42
eessi,0,routed_03,0,3,routed,0,4,256,1135.66
eessi,0,routed_03,0,3,routed,0,4,512,2086.55
eessi,0,routed_03,0,3,routed,0,4,1024,4578.98
eessi,0,routed_03,0,3,routed,0,4,2048,8120.43
eessi,0,routed_03,0,3,routed,0,4,4096,13448.63
eessi,0,routed_03,0,3,routed,0,4,8192,17482.93
eessi,0,routed_03,0,3,routed,0,4,16384,20296.59
eessi,0,routed_03,0,3,routed,0,4,32768,25967.19
eessi,0,routed_03,0,3,routed,0,4,65536,31028.62
eessi,0,routed_03,0,3,routed,0,4,131072,33207.86
eessi,0,routed_03,0,3,routed,0,4,262144,26188.69
eessi,0,routed_03,0,3,routed,0,4,524288,15227.29
eessi,0,routed_03,0,3,routed,0,4,1048576,11617.28
eessi,0,routed_03,0,3,routed,0,4,2097152,10478.79
eessi,0,routed_03,0,3,routed,0,4,4194304,10331.42
eessi,0,routed_03,0,3,routed,0,4,8388608,9774.54
eessi,0,routed_03,0,3,routed,0,4,16777216,10115.66
eessi,0,routed_03,0,3,routed,0,5,1,4.30
eessi,0,routed_03,0,3,routed,0,5,2,9.03
eessi,0,routed_03,0,3,routed,0,5,4,18.33
eessi,0,routed_03,0,3,routed,0,5,8,36.09
eessi,0,routed_03,0,3,routed,0,5,16,71.25
eessi,0,routed_03,0,3,routed,0,5,32,145.98
eessi,0,routed_03,0,3,routed,0,5,64,290.74
eessi,0,routed_03,0,3,routed,0,5,128,569.33
eessi,0,routed_03,0,3,routed,0,5,256,1128.55
eessi,0,routed_03,0,3,routed,0,5,512,2024.84
eessi,0,routed_03,0,3,routed,0,5,1024,4464.44
eessi,0,routed_03,0,3,routed,0,5,2048,8496.26
eessi,0,routed_03,0,3,routed,0,5,4096,13585.29
eessi,0,routed_03,0,3,routed,0,5,8192,17352.42
eessi,0,routed_03,0,3,routed,0,5,16384,20446.20
eessi,0,routed_03,0,3,routed,0,5,32768,25153.46
eessi,0,routed_03,0,3,routed,0,5,65536,30456.90
eessi,0,routed_03,0,3,routed,0,5,131072,33821.35
eessi,0,routed_03,0,3,routed,0,5,262144,26498.96
eessi,0,routed_03,0,3,routed,0,5,524288,15266.52
eessi,0,routed_03,0,3,routed,0,5,1048576,11612.81
eessi,0,routed_03,0,3,routed,0,5,2097152,10456.34
eessi,0,routed_03,0,3,routed,0,5,4194304,9987.80
eessi,0,routed_03,0,3,routed,0,5,8388608,9765.26
eessi,0,routed_03,0,3,routed,0,5,16777216,10106.20
eessi,0,routed_03,0,3,routed,0,6,1,4.41
eessi,0,routed_03,0,3,routed,0,6,2,8.99
eessi,0,routed_03,0,3,routed,0,6,4,18.29
eessi,0,routed_03,0,3,routed,0,6,8,36.39
eessi,0,routed_03,0,3,routed,0,6,16,72.86
eessi,0,routed_03,0,3,routed,0,6,32,145.61
eessi,0,routed_03,0,3,routed,0,6,64,293.57
eessi,0,routed_03,0,3,routed,0,6,128,565.88
eessi,0,routed_03,0,3,routed,0,6,256,1158.40
eessi,0,routed_03,0,3,routed,0,6,512,2301.70
eessi,0,routed_03,0,3,routed,0,6,1024,4594.16
eessi,0,routed_03,0,3,routed,0,6,2048,8468.70
eessi,0,routed_03,0,3,routed,0,6,4096,13878.67
eessi,0,routed_03,0,3,routed,0,6,8192,17599.95
eessi,0,routed_03,0,3,routed,0,6,16384,20912.79
eessi,0,routed_03,0,3,routed,0,6,32768,25602.86
eessi,0,routed_03,0,3,routed,0,6,65536,30718.91
eessi,0,routed_03,0,3,routed,0,6,131072,33766.95
eessi,0,routed_03,0,3,routed,0,6,262144,25994.49
eessi,0,routed_03,0,3,routed,0,6,524288,14450.85
eessi,0,routed_03,0,3,routed,0,6,1048576,11319.26
eessi,0,routed_03,0,3,routed,0,6,2097152,10673.13
eessi,0,routed_03,0,3,routed,0,6,4194304,9998.02
eessi,0,routed_03,0,3,routed,0,6,8388608,9763.74
eessi,0,routed_03,0,3,routed,0,6,16777216,9776.68
eessi,0,routed_17,1,7,routed,0,2,1,4.66
eessi,0,routed_17,1,7,routed,0,2,2,9.01
eessi,0,routed_17,1,7,routed,0,2,4,18.30
eessi,0,routed_17,1,7,routed,0,2,8,36.21
eessi,0,routed_17,1,7,routed,0,2,16,72.24
eessi,0,routed_17,1,7,routed,0,2,32,149.71
eessi,0,routed_17,1,7,routed,0,2,64,295.71
eessi,0,routed_17,1,7,routed,0,2,128,580.06
eessi,0,routed_17,1,7,routed,0,2,256,1154.68
eessi,0,routed_17,1,7,routed,0,2,512,2311.66
eessi,0,routed_17,1,7,routed,0,2,1024,4432.91
eessi,0,routed_17,1,7,routed,0,2,2048,7712.35
eessi,0,routed_17,1,7,routed,0,2,4096,13506.12
eessi,0,routed_17,1,7,routed,0,2,8192,17551.83
eessi,0,routed_17,1,7,routed,0,2,16384,20885.16
eessi,0,routed_17,1,7,routed,0,2,32768,26312.03
eessi,0,routed_17,1,7,routed,0,2,65536,30200.78
eessi,0,routed_17,1,7,routed,0,2,131072,33259.95
eessi,0,routed_17,1,7,routed,0,2,262144,25249.85
eessi,0,routed_17,1,7,routed,0,2,524288,15149.66
eessi,0,routed_17,1,7,routed,0,2,1048576,11640.49
eessi,0,routed_17,1,7,routed,0,2,2097152,10497.57
eessi,0,routed_17,1,7,routed,0,2,4194304,10205.39
eessi,0,routed_17,1,7,routed,0,2,8388608,9776.51
eessi,0,routed_17,1,7,routed,0,2,16777216,9778.30
eessi,0,routed_17,1,7,routed,0,3,1,4.32
eessi,0,routed_17,1,7,routed,0,3,2,9.09
eessi,0,routed_17,1,7,routed,0,3,4,18.41
eessi,0,routed_17,1,7,routed,0,3,8,34.00
eessi,0,routed_17,1,7,routed,0,3,16,71.77
eessi,0,routed_17,1,7,routed,0,3,32,144.59
eessi,0,routed_17,1,7,routed,0,3,64,283.30
eessi,0,routed_17,1,7,routed,0,3,128,585.50
eessi,0,routed_17,1,7,routed,0,3,256,1158.60
eessi,0,routed_17,1,7,routed,0,3,512,2252.90
eessi,0,routed_17,1,7,routed,0,3,1024,4394.78
eessi,0,routed_17,1,7,routed,0,3,2048,8478.47
eessi,0,routed_17,1,7,routed,0,3,4096,13867.34
eessi,0,routed_17,1,7,routed,0,3,8192,17288.84
eessi,0,routed_17,1,7,routed,0,3,16384,20380.15
eessi,0,routed_17,1,7,routed,0,3,32768,26268.67
eessi,0,routed_17,1,7,routed,0,3,65536,30704.83
eessi,0,routed_17,1,7,routed,0,3,131072,33565.00
eessi,0,routed_17,1,7,routed,0,3,262144,24797.06
eessi,0,routed_17,1,7,routed,0,3,524288,15309.84
eessi,0,routed_17,1,7,routed,0,3,1048576,11627.87
eessi,0,routed_17,1,7,routed,0,3,2097152,10470.24
eessi,0,routed_17,1,7,routed,0,3,4194304,10009.19
eessi,0,routed_17,1,7,routed,0,3,8388608,9783.20
eessi,0,routed_17,1,7,routed,0,3,16777216,9774.00
eessi,0,routed_17,1,7,routed,0,4,1,4.59
eessi,0,routed_17,1,7,routed,0,4,2,9.18
eessi,0,routed_17,1,7,routed,0,4,4,16.35
eessi,0,routed_17,1,7,routed,0,4,8,37.13
eessi,0,routed_17,1,7,routed,0,4,16,73.87
eessi,0,routed_17,1,7,routed,0,4,32,147.45
eessi,0,routed_17,1,7,routed,0,4,64,294.88
eessi,0,routed_17,1,7,routed,0,4,128,537.98
eessi,0,routed_17,1,7,routed,0,4,256,1180.49
eessi,0,routed_17,1,7,routed,0,4,512,2367.52
eessi,0,routed_17,1,7,routed,0,4,1024,4478.04
eessi,0,routed_17,1,7,routed,0,4,2048,7838.46
eessi,0,routed_17,1,7,routed,0,4,4096,13674.54
eessi,0,routed_17,1,7,routed,0,4,8192,17662.86
eessi,0,routed_17,1,7,routed,0,4,16384,20360.68
eessi,0,routed_17,1,7,routed,0,4,32768,25681.36
eessi,0,routed_17,1,7,routed,0,4,65536,30550.47
eessi,0,routed_17,1,7,routed,0,4,131072,33431.84
eessi,0,routed_17,1,7,routed,0,4,262144,26579.79
eessi,0,routed_17,1,7,routed,0,4,524288,15223.75
eessi,0,routed_17,1,7,routed,0,4,1048576,11255.59
eessi,0,routed_17,1,7,routed,0,4,2097152,10702.49
eessi,0,routed_17,1,7,routed,0,4,4194304,9990.69
eessi,0,routed_17,1,7,routed,0,4,8388608,9774.41
eessi,0,routed_17,1,7,routed,0,4,16777216,9747.38
eessi,0,routed_17,1,7,routed,0,5,1,4.55
eessi,0,routed_17,1,7,routed,0,5,2,9.03
eessi,0,routed_17,1,7,routed,0,5,4,18.70
eessi,0,routed_17,1,7,routed,0,5,8,37.22
eessi,0,routed_17,1,7,routed,0,5,16,72.66
eessi,0,routed_17,1,7,routed,0,5,32,151.38
eessi,0,routed_17,1,7,routed,0,5,64,293.89
eessi,0,routed_17,1,7,routed,0,5,128,597.20
eessi,0,routed_17,1,7,routed,0,5,256,1181.53
eessi,0,routed_17,1,7,routed,0,5,512,2347.72
eessi,0,routed_17,1,7,routed,0,5,1024,4530.14
eessi,0,routed_17,1,7,routed,0,5,2048,8362.22
eessi,0,routed_17,1,7,routed,0,5,4096,13941.90
eessi,0,routed_17,1,7,routed,0,5,8192,17649.33
eessi,0,routed_17,1,7,routed,0,5,16384,20286.16
eessi,0,routed_17,1,7,routed,0,5,32768,26346.45
eessi,0,routed_17,1,7,routed,0,5,65536,30266.77
eessi,0,routed_17,1,7,routed,0,5,131072,33066.26
eessi,0,routed_17,1,7,routed,0,5,262144,25845.97
eessi,0,routed_17,1,7,routed,0,5,524288,14371.28
eessi,0,routed_17,1,7,routed,0,5,1048576,11257.84
eessi,0,routed_17,1,7,routed,0,5,2097152,10485.03
eessi,0,routed_17,1,7,routed,0,5,4194304,10460.95
eessi,0,routed_17,1,7,routed,0,5,8388608,9750.48
eessi,0,routed_17,1,7,routed,0,5,16777216,9759.65
eessi,0,routed_17,1,7,routed,0,6,1,4.46
eessi,0,routed_17,1,7,routed,0,6,2,8.72
eessi,0,routed_17,1,7,routed,0,6,4,18.09
eessi,0,routed_17,1,7,routed,0,6,8,32.48
eessi,0,routed_17,1,7,routed,0,6,16,72.70
eessi,0,routed_17,1,7,routed,0,6,32,144.08
eessi,0,routed_17,1,7,routed,0,6,64,291.96
eessi,0,routed_17,1,7,routed,0,6,128,576.49
eessi,0,routed_17,1,7,routed,0,6,256,1190.53
eessi,0,routed_17,1,7,routed,0,6,512,2419.15
eessi,0,routed_17,1,7,routed,0,6,1024,4214.14
eessi,0,routed_17,1,7,routed,0,6,2048,8443.99
eessi,0,routed_17,1,7,routed,0,6,4096,12719.37
eessi,0,routed_17,1,7,routed,0,6,8192,16797.39
eessi,0,routed_17,1,7,routed,0,6,16384,19827.68
eessi,0,routed_17,1,7,routed,0,6,32768,24681.00
eessi,0,routed_17,1,7,routed,0,6,65536,29912.47
eessi,0,routed_17,1,7,routed,0,6,131072,33262.48
eessi,0,routed_17,1,7,routed,0,6,262144,26062.67
eessi,0,routed_17,1,7,routed,0,6,524288,15640.06
eessi,0,routed_17,1,7,routed,0,6,1048576,11633.43
eessi,0,routed_17,1,7,routed,0,6,2097152,10472.40
eessi,0,routed_17,1,7,routed,0,6,4194304,10297.83
eessi,0,routed_17,1,7,routed,0,6,8388608,9767.60
eessi,0,routed_17,1,7,routed,0,6,16777216,9787.65
