stack,sdma_enabled,config_label,nccl_nchannels,nccl_ignore_aff,nccl_net_gdr,benchmark,num_gcds,run,size_bytes,latency_us
eessi_xccl,0,baseline,NA,NA,NA,osu_xccl_allreduce,8,2,4,37.85
eessi_xccl,0,baseline,NA,NA,NA,osu_xccl_allreduce,8,2,8,36.57
eessi_xccl,0,baseline,NA,NA,NA,osu_xccl_allreduce,8,2,16,36.43
eessi_xccl,0,baseline,NA,NA,NA,osu_xccl_allreduce,8,2,32,38.22
eessi_xccl,0,baseline,NA,NA,NA,osu_xccl_allreduce,8,2,64,41.47
eessi_xccl,0,baseline,NA,NA,NA,osu_xccl_allreduce,8,2,128,47.19
eessi_xccl,0,baseline,NA,NA,NA,osu_xccl_allreduce,8,2,256,47.14
eessi_xccl,0,baseline,NA,NA,NA,osu_xccl_allreduce,8,2,512,47.59
eessi_xccl,0,baseline,NA,NA,NA,osu_xccl_allreduce,8,2,1024,47.88
eessi_xccl,0,baseline,NA,NA,NA,osu_xccl_allreduce,8,2,2048,48.58
eessi_xccl,0,baseline,NA,NA,NA,osu_xccl_allreduce,8,2,4096,49.75
eessi_xccl,0,baseline,NA,NA,NA,osu_xccl_allreduce,8,2,8192,50.69
eessi_xccl,0,baseline,NA,NA,NA,osu_xccl_allreduce,8,2,16384,51.95
eessi_xccl,0,baseline,NA,NA,NA,osu_xccl_allreduce,8,2,32768,51.24
eessi_xccl,0,baseline,NA,NA,NA,osu_xccl_allreduce,8,2,65536,51.51
eessi_xccl,0,baseline,NA,NA,NA,osu_xccl_allreduce,8,2,131072,52.49
eessi_xccl,0,baseline,NA,NA,NA,osu_xccl_allreduce,8,2,262144,85.57
eessi_xccl,0,baseline,NA,NA,NA,osu_xccl_allreduce,8,2,524288,108.72
eessi_xccl,0,baseline,NA,NA,NA,osu_xccl_allreduce,8,2,1048576,120.96
eessi_xccl,0,baseline,NA,NA,NA,osu_xccl_allreduce,8,3,4,38.00
eessi_xccl,0,baseline,NA,NA,NA,osu_xccl_allreduce,8,3,8,36.70
eessi_xccl,0,baseline,NA,NA,NA,osu_xccl_allreduce,8,3,16,36.61
eessi_xccl,0,baseline,NA,NA,NA,osu_xccl_allreduce,8,3,32,38.36
eessi_xccl,0,baseline,NA,NA,NA,osu_xccl_allreduce,8,3,64,41.62
eessi_xccl,0,baseline,NA,NA,NA,osu_xccl_allreduce,8,3,128,46.39
eessi_xccl,0,baseline,NA,NA,NA,osu_xccl_allreduce,8,3,256,46.38
eessi_xccl,0,baseline,NA,NA,NA,osu_xccl_allreduce,8,3,512,46.77
eessi_xccl,0,baseline,NA,NA,NA,osu_xccl_allreduce,8,3,1024,47.29
eessi_xccl,0,baseline,NA,NA,NA,osu_xccl_allreduce,8,3,2048,47.94
eessi_xccl,0,baseline,NA,NA,NA,osu_xccl_allreduce,8,3,4096,48.65
eessi_xccl,0,baseline,NA,NA,NA,osu_xccl_allreduce,8,3,8192,49.90
eessi_xccl,0,baseline,NA,NA,NA,osu_xccl_allreduce,8,3,16384,50.87
eessi_xccl,0,baseline,NA,NA,NA,osu_xccl_allreduce,8,3,32768,51.52
eessi_xccl,0,baseline,NA,NA,NA,osu_xccl_allreduce,8,3,65536,51.15
eessi_xccl,0,baseline,NA,NA,NA,osu_xccl_allreduce,8,3,131072,52.42
eessi_xccl,0,baseline,NA,NA,NA,osu_xccl_allreduce,8,3,262144,83.45
eessi_xccl,0,baseline,NA,NA,NA,osu_xccl_allreduce,8,3,524288,107.19
eessi_xccl,0,baseline,NA,NA,NA,osu_xccl_allreduce,8,3,1048576,118.97
eessi_xccl,0,baseline,NA,NA,NA,osu_xccl_allreduce,8,4,4,37.44
eessi_xccl,0,baseline,NA,NA,NA,osu_xccl_allreduce,8,4,8,37.04
eessi_xccl,0,baseline,NA,NA,NA,osu_xccl_allreduce,8,4,16,36.89
eessi_xccl,0,baseline,NA,NA,NA,osu_xccl_allreduce,8,4,32,38.18
eessi_xccl,0,baseline,NA,NA,NA,osu_xccl_allreduce,8,4,64,41.07
eessi_xccl,0,baseline,NA,NA,NA,osu_xccl_allreduce,8,4,128,47.53
eessi_xccl,0,baseline,NA,NA,NA,osu_xccl_allreduce,8,4,256,47.49
eessi_xccl,0,baseline,NA,NA,NA,osu_xccl_allreduce,8,4,512,47.79
eessi_xccl,0,baseline,NA,NA,NA,osu_xccl_allreduce,8,4,1024,48.17
eessi_xccl,0,baseline,NA,NA,NA,osu_xccl_allreduce,8,4,2048,49.00
eessi_xccl,0,baseline,NA,NA,NA,osu_xccl_allreduce,8,4,4096,49.79
eessi_xccl,0,baseline,NA,NA,NA,osu_xccl_allreduce,8,4,8192,51.03
eessi_xccl,0,baseline,NA,NA,NA,osu_xccl_allreduce,8,4,16384,52.12
eessi_xccl,0,baseline,NA,NA,NA,osu_xccl_allreduce,8,4,32768,51.72
eessi_xccl,0,baseline,NA,NA,NA,osu_xccl_allreduce,8,4,65536,51.86
eessi_xccl,0,baseline,NA,NA,NA,osu_xccl_allreduce,8,4,131072,52.71
eessi_xccl,0,baseline,NA,NA,NA,osu_xccl_allreduce,8,4,262144,85.01
eessi_xccl,0,baseline,NA,NA,NA,osu_xccl_allreduce,8,4,524288,108.13
eessi_xccl,0,baseline,NA,NA,NA,osu_xccl_allreduce,8,4,1048576,119.92
eessi_xccl,0,baseline,NA,NA,NA,osu_xccl_allreduce,8,5,4,34.80
eessi_xccl,0,baseline,NA,NA,NA,osu_xccl_allreduce,8,5,8,34.61
eessi_xccl,0,baseline,NA,NA,NA,osu_xccl_allreduce,8,5,16,34.39
eessi_xccl,0,baseline,NA,NA,NA,osu_xccl_allreduce,8,5,32,36.33
eessi_xccl,0,baseline,NA,NA,NA,osu_xccl_allreduce,8,5,64,39.50
eessi_xccl,0,baseline,NA,NA,NA,osu_xccl_allreduce,8,5,128,45.17
eessi_xccl,0,baseline,NA,NA,NA,osu_xccl_allreduce,8,5,256,45.15
eessi_xccl,0,baseline,NA,NA,NA,osu_xccl_allreduce,8,5,512,45.54
eessi_xccl,0,baseline,NA,NA,NA,osu_xccl_allreduce,8,5,1024,46.03
eessi_xccl,0,baseline,NA,NA,NA,osu_xccl_allreduce,8,5,2048,46.69
eessi_xccl,0,baseline,NA,NA,NA,osu_xccl_allreduce,8,5,4096,47.51
eessi_xccl,0,baseline,NA,NA,NA,osu_xccl_allreduce,8,5,8192,48.75
eessi_xccl,0,baseline,NA,NA,NA,osu_xccl_allreduce,8,5,16384,49.81
eessi_xccl,0,baseline,NA,NA,NA,osu_xccl_allreduce,8,5,32768,49.83
eessi_xccl,0,baseline,NA,NA,NA,osu_xccl_allreduce,8,5,65536,49.48
eessi_xccl,0,baseline,NA,NA,NA,osu_xccl_allreduce,8,5,131072,50.17
eessi_xccl,0,baseline,NA,NA,NA,osu_xccl_allreduce,8,5,262144,83.53
eessi_xccl,0,baseline,NA,NA,NA,osu_xccl_allreduce,8,5,524288,107.29
eessi_xccl,0,baseline,NA,NA,NA,osu_xccl_allreduce,8,5,1048576,119.58
eessi_xccl,0,baseline,NA,NA,NA,osu_xccl_allreduce,8,6,4,37.49
eessi_xccl,0,baseline,NA,NA,NA,osu_xccl_allreduce,8,6,8,36.84
eessi_xccl,0,baseline,NA,NA,NA,osu_xccl_allreduce,8,6,16,36.70
eessi_xccl,0,baseline,NA,NA,NA,osu_xccl_allreduce,8,6,32,37.88
eessi_xccl,0,baseline,NA,NA,NA,osu_xccl_allreduce,8,6,64,40.84
eessi_xccl,0,baseline,NA,NA,NA,osu_xccl_allreduce,8,6,128,46.88
eessi_xccl,0,baseline,NA,NA,NA,osu_xccl_allreduce,8,6,256,46.90
eessi_xccl,0,baseline,NA,NA,NA,osu_xccl_allreduce,8,6,512,47.33
eessi_xccl,0,baseline,NA,NA,NA,osu_xccl_allreduce,8,6,1024,47.79
eessi_xccl,0,baseline,NA,NA,NA,osu_xccl_allreduce,8,6,2048,48.60
eessi_xccl,0,baseline,NA,NA,NA,osu_xccl_allreduce,8,6,4096,49.26
eessi_xccl,0,baseline,NA,NA,NA,osu_xccl_allreduce,8,6,8192,50.40
eessi_xccl,0,baseline,NA,NA,NA,osu_xccl_allreduce,8,6,16384,51.59
eessi_xccl,0,baseline,NA,NA,NA,osu_xccl_allreduce,8,6,32768,51.45
eessi_xccl,0,baseline,NA,NA,NA,osu_xccl_allreduce,8,6,65536,51.62
eessi_xccl,0,baseline,NA,NA,NA,osu_xccl_allreduce,8,6,131072,52.05
eessi_xccl,0,baseline,NA,NA,NA,osu_xccl_allreduce,8,6,262144,85.07
eessi_xccl,0,baseline,NA,NA,NA,osu_xccl_allreduce,8,6,524288,108.83
eessi_xccl,0,baseline,NA,NA,NA,osu_xccl_allreduce,8,6,1048576,120.72
eessi_xccl,0,baseline,NA,NA,NA,osu_xccl_alltoall,8,2,1,33.00
eessi_xccl,0,baseline,NA,NA,NA,osu_xccl_alltoall,8,2,2,32.47
eessi_xccl,0,baseline,NA,NA,NA,osu_xccl_alltoall,8,2,4,32.51
eessi_xccl,0,baseline,NA,NA,NA,osu_xccl_alltoall,8,2,8,32.62
eessi_xccl,0,baseline,NA,NA,NA,osu_xccl_alltoall,8,2,16,32.59
eessi_xccl,0,baseline,NA,NA,NA,osu_xccl_alltoall,8,2,32,32.66
eessi_xccl,0,baseline,NA,NA,NA,osu_xccl_alltoall,8,2,64,32.71
eessi_xccl,0,baseline,NA,NA,NA,osu_xccl_alltoall,8,2,128,32.82
eessi_xccl,0,baseline,NA,NA,NA,osu_xccl_alltoall,8,2,256,32.96
eessi_xccl,0,baseline,NA,NA,NA,osu_xccl_alltoall,8,2,512,33.13
eessi_xccl,0,baseline,NA,NA,NA,osu_xccl_alltoall,8,2,1024,33.41
eessi_xccl,0,baseline,NA,NA,NA,osu_xccl_alltoall,8,2,2048,34.00
eessi_xccl,0,baseline,NA,NA,NA,osu_xccl_alltoall,8,2,4096,35.44
eessi_xccl,0,baseline,NA,NA,NA,osu_xccl_alltoall,8,2,8192,35.64
eessi_xccl,0,baseline,NA,NA,NA,osu_xccl_alltoall,8,2,16384,38.77
eessi_xccl,0,baseline,NA,NA,NA,osu_xccl_alltoall,8,2,32768,45.19
eessi_xccl,0,baseline,NA,NA,NA,osu_xccl_alltoall,8,2,65536,45.16
eessi_xccl,0,baseline,NA,NA,NA,osu_xccl_alltoall,8,2,131072,50.67
eessi_xccl,0,baseline,NA,NA,NA,osu_xccl_alltoall,8,2,262144,67.22
eessi_xccl,0,baseline,NA,NA,NA,osu_xccl_alltoall,8,2,524288,100.03
eessi_xccl,0,baseline,NA,NA,NA,osu_xccl_alltoall,8,2,1048576,166.93
eessi_xccl,0,baseline,NA,NA,NA,osu_xccl_alltoall,8,3,1,26.99
eessi_xccl,0,baseline,NA,NA,NA,osu_xccl_alltoall,8,3,2,26.54
eessi_xccl,0,baseline,NA,NA,NA,osu_xccl_alltoall,8,3,4,26.46
eessi_xccl,0,baseline,NA,NA,NA,osu_xccl_alltoall,8,3,8,26.48
eessi_xccl,0,baseline,NA,NA,NA,osu_xccl_alltoall,8,3,16,26.44
eessi_xccl,0,baseline,NA,NA,NA,osu_xccl_alltoall,8,3,32,26.60
eessi_xccl,0,baseline,NA,NA,NA,osu_xccl_alltoall,8,3,64,26.70
eessi_xccl,0,baseline,NA,NA,NA,osu_xccl_alltoall,8,3,128,26.65
eessi_xccl,0,baseline,NA,NA,NA,osu_xccl_alltoall,8,3,256,26.76
eessi_xccl,0,baseline,NA,NA,NA,osu_xccl_alltoall,8,3,512,27.02
eessi_xccl,0,baseline,NA,NA,NA,osu_xccl_alltoall,8,3,1024,27.33
eessi_xccl,0,baseline,NA,NA,NA,osu_xccl_alltoall,8,3,2048,28.06
eessi_xccl,0,baseline,NA,NA,NA,osu_xccl_alltoall,8,3,4096,29.71
eessi_xccl,0,baseline,NA,NA,NA,osu_xccl_alltoall,8,3,8192,30.38
eessi_xccl,0,baseline,NA,NA,NA,osu_xccl_alltoall,8,3,16384,33.70
eessi_xccl,0,baseline,NA,NA,NA,osu_xccl_alltoall,8,3,32768,40.81
eessi_xccl,0,baseline,NA,NA,NA,osu_xccl_alltoall,8,3,65536,39.51
eessi_xccl,0,baseline,NA,NA,NA,osu_xccl_alltoall,8,3,131072,46.66
eessi_xccl,0,baseline,NA,NA,NA,osu_xccl_alltoall,8,3,262144,64.71
eessi_xccl,0,baseline,NA,NA,NA,osu_xccl_alltoall,8,3,524288,98.45
eessi_xccl,0,baseline,NA,NA,NA,osu_xccl_alltoall,8,3,1048576,166.23
eessi_xccl,0,baseline,NA,NA,NA,osu_xccl_alltoall,8,4,1,26.58
eessi_xccl,0,baseline,NA,NA,NA,osu_xccl_alltoall,8,4,2,26.49
eessi_xccl,0,baseline,NA,NA,NA,osu_xccl_alltoall,8,4,4,26.38
eessi_xccl,0,baseline,NA,NA,NA,osu_xccl_alltoall,8,4,8,26.45
eessi_xccl,0,baseline,NA,NA,NA,osu_xccl_alltoall,8,4,16,26.42
eessi_xccl,0,baseline,NA,NA,NA,osu_xccl_alltoall,8,4,32,26.54
eessi_xccl,0,baseline,NA,NA,NA,osu_xccl_alltoall,8,4,64,26.68
eessi_xccl,0,baseline,NA,NA,NA,osu_xccl_alltoall,8,4,128,26.68
eessi_xccl,0,baseline,NA,NA,NA,osu_xccl_alltoall,8,4,256,26.92
eessi_xccl,0,baseline,NA,NA,NA,osu_xccl_alltoall,8,4,512,27.02
eessi_xccl,0,baseline,NA,NA,NA,osu_xccl_alltoall,8,4,1024,27.28
eessi_xccl,0,baseline,NA,NA,NA,osu_xccl_alltoall,8,4,2048,28.11
eessi_xccl,0,baseline,NA,NA,NA,osu_xccl_alltoall,8,4,4096,29.72
eessi_xccl,0,baseline,NA,NA,NA,osu_xccl_alltoall,8,4,8192,30.47
eessi_xccl,0,baseline,NA,NA,NA,osu_xccl_alltoall,8,4,16384,33.83
eessi_xccl,0,baseline,NA,NA,NA,osu_xccl_alltoall,8,4,32768,40.78
eessi_xccl,0,baseline,NA,NA,NA,osu_xccl_alltoall,8,4,65536,39.65
eessi_xccl,0,baseline,NA,NA,NA,osu_xccl_alltoall,8,4,131072,46.56
eessi_xccl,0,baseline,NA,NA,NA,osu_xccl_alltoall,8,4,262144,64.60
eessi_xccl,0,baseline,NA,NA,NA,osu_xccl_alltoall,8,4,524288,98.48
eessi_xccl,0,baseline,NA,NA,NA,osu_xccl_alltoall,8,4,1048576,165.99
eessi_xccl,0,baseline,NA,NA,NA,osu_xccl_alltoall,8,5,1,33.34
eessi_xccl,0,baseline,NA,NA,NA,osu_xccl_alltoall,8,5,2,33.21
eessi_xccl,0,baseline,NA,NA,NA,osu_xccl_alltoall,8,5,4,33.22
eessi_xccl,0,baseline,NA,NA,NA,osu_xccl_alltoall,8,5,8,33.25
eessi_xccl,0,baseline,NA,NA,NA,osu_xccl_alltoall,8,5,16,33.23
eessi_xccl,0,baseline,NA,NA,NA,osu_xccl_alltoall,8,5,32,33.32
eessi_xccl,0,baseline,NA,NA,NA,osu_xccl_alltoall,8,5,64,33.40
eessi_xccl,0,baseline,NA,NA,NA,osu_xccl_alltoall,8,5,128,33.33
eessi_xccl,0,baseline,NA,NA,NA,osu_xccl_alltoall,8,5,256,33.51
eessi_xccl,0,baseline,NA,NA,NA,osu_xccl_alltoall,8,5,512,33.71
eessi_xccl,0,baseline,NA,NA,NA,osu_xccl_alltoall,8,5,1024,33.96
eessi_xccl,0,baseline,NA,NA,NA,osu_xccl_alltoall,8,5,2048,34.73
eessi_xccl,0,baseline,NA,NA,NA,osu_xccl_alltoall,8,5,4096,35.97
eessi_xccl,0,baseline,NA,NA,NA,osu_xccl_alltoall,8,5,8192,36.59
eessi_xccl,0,baseline,NA,NA,NA,osu_xccl_alltoall,8,5,16384,39.78
eessi_xccl,0,baseline,NA,NA,NA,osu_xccl_alltoall,8,5,32768,46.54
eessi_xccl,0,baseline,NA,NA,NA,osu_xccl_alltoall,8,5,65536,46.05
eessi_xccl,0,baseline,NA,NA,NA,osu_xccl_alltoall,8,5,131072,51.75
eessi_xccl,0,baseline,NA,NA,NA,osu_xccl_alltoall,8,5,262144,68.21
eessi_xccl,0,baseline,NA,NA,NA,osu_xccl_alltoall,8,5,524288,100.20
eessi_xccl,0,baseline,NA,NA,NA,osu_xccl_alltoall,8,5,1048576,166.25
eessi_xccl,0,baseline,NA,NA,NA,osu_xccl_alltoall,8,6,1,32.04
eessi_xccl,0,baseline,NA,NA,NA,osu_xccl_alltoall,8,6,2,31.87
eessi_xccl,0,baseline,NA,NA,NA,osu_xccl_alltoall,8,6,4,32.07
eessi_xccl,0,baseline,NA,NA,NA,osu_xccl_alltoall,8,6,8,32.62
eessi_xccl,0,baseline,NA,NA,NA,osu_xccl_alltoall,8,6,16,32.62
eessi_xccl,0,baseline,NA,NA,NA,osu_xccl_alltoall,8,6,32,32.70
eessi_xccl,0,baseline,NA,NA,NA,osu_xccl_alltoall,8,6,64,32.80
eessi_xccl,0,baseline,NA,NA,NA,osu_xccl_alltoall,8,6,128,32.76
eessi_xccl,0,baseline,NA,NA,NA,osu_xccl_alltoall,8,6,256,32.94
eessi_xccl,0,baseline,NA,NA,NA,osu_xccl_alltoall,8,6,512,33.01
eessi_xccl,0,baseline,NA,NA,NA,osu_xccl_alltoall,8,6,1024,33.35
eessi_xccl,0,baseline,NA,NA,NA,osu_xccl_alltoall,8,6,2048,33.74
eessi_xccl,0,baseline,NA,NA,NA,osu_xccl_alltoall,8,6,4096,35.43
eessi_xccl,0,baseline,NA,NA,NA,osu_xccl_alltoall,8,6,8192,36.12
eessi_xccl,0,baseline,NA,NA,NA,osu_xccl_alltoall,8,6,16384,39.20
eessi_xccl,0,baseline,NA,NA,NA,osu_xccl_alltoall,8,6,32768,46.06
eessi_xccl,0,baseline,NA,NA,NA,osu_xccl_alltoall,8,6,65536,46.14
eessi_xccl,0,baseline,NA,NA,NA,osu_xccl_alltoall,8,6,131072,51.80
eessi_xccl,0,baseline,NA,NA,NA,osu_xccl_alltoall,8,6,262144,67.93
eessi_xccl,0,baseline,NA,NA,NA,osu_xccl_alltoall,8,6,524288,100.07
eessi_xccl,0,baseline,NA,NA,NA,osu_xccl_alltoall,8,6,1048576,166.26
eessi_xccl,0,channels32,32,NA,NA,osu_xccl_allreduce,8,2,4,37.39
eessi_xccl,0,channels32,32,NA,NA,osu_xccl_allreduce,8,2,8,37.03
eessi_xccl,0,channels32,32,NA,NA,osu_xccl_allreduce,8,2,16,36.82
eessi_xccl,0,channels32,32,NA,NA,osu_xccl_allreduce,8,2,32,37.71
eessi_xccl,0,channels32,32,NA,NA,osu_xccl_allreduce,8,2,64,40.04
eessi_xccl,0,channels32,32,NA,NA,osu_xccl_allreduce,8,2,128,46.32
eessi_xccl,0,channels32,32,NA,NA,osu_xccl_allreduce,8,2,256,46.37
eessi_xccl,0,channels32,32,NA,NA,osu_xccl_allreduce,8,2,512,46.84
eessi_xccl,0,channels32,32,NA,NA,osu_xccl_allreduce,8,2,1024,46.95
eessi_xccl,0,channels32,32,NA,NA,osu_xccl_allreduce,8,2,2048,47.97
eessi_xccl,0,channels32,32,NA,NA,osu_xccl_allreduce,8,2,4096,48.63
eessi_xccl,0,channels32,32,NA,NA,osu_xccl_allreduce,8,2,8192,49.79
eessi_xccl,0,channels32,32,NA,NA,osu_xccl_allreduce,8,2,16384,50.93
eessi_xccl,0,channels32,32,NA,NA,osu_xccl_allreduce,8,2,32768,50.39
eessi_xccl,0,channels32,32,NA,NA,osu_xccl_allreduce,8,2,65536,51.13
eessi_xccl,0,channels32,32,NA,NA,osu_xccl_allreduce,8,2,131072,51.92
eessi_xccl,0,channels32,32,NA,NA,osu_xccl_allreduce,8,2,262144,83.17
eessi_xccl,0,channels32,32,NA,NA,osu_xccl_allreduce,8,2,524288,107.00
eessi_xccl,0,channels32,32,NA,NA,osu_xccl_allreduce,8,2,1048576,118.95
eessi_xccl,0,channels32,32,NA,NA,osu_xccl_allreduce,8,3,4,37.61
eessi_xccl,0,channels32,32,NA,NA,osu_xccl_allreduce,8,3,8,36.82
eessi_xccl,0,channels32,32,NA,NA,osu_xccl_allreduce,8,3,16,36.72
eessi_xccl,0,channels32,32,NA,NA,osu_xccl_allreduce,8,3,32,38.58
eessi_xccl,0,channels32,32,NA,NA,osu_xccl_allreduce,8,3,64,42.06
eessi_xccl,0,channels32,32,NA,NA,osu_xccl_allreduce,8,3,128,47.83
eessi_xccl,0,channels32,32,NA,NA,osu_xccl_allreduce,8,3,256,47.82
eessi_xccl,0,channels32,32,NA,NA,osu_xccl_allreduce,8,3,512,48.28
eessi_xccl,0,channels32,32,NA,NA,osu_xccl_allreduce,8,3,1024,48.65
eessi_xccl,0,channels32,32,NA,NA,osu_xccl_allreduce,8,3,2048,49.35
eessi_xccl,0,channels32,32,NA,NA,osu_xccl_allreduce,8,3,4096,50.19
eessi_xccl,0,channels32,32,NA,NA,osu_xccl_allreduce,8,3,8192,51.43
eessi_xccl,0,channels32,32,NA,NA,osu_xccl_allreduce,8,3,16384,52.41
eessi_xccl,0,channels32,32,NA,NA,osu_xccl_allreduce,8,3,32768,52.18
eessi_xccl,0,channels32,32,NA,NA,osu_xccl_allreduce,8,3,65536,52.18
eessi_xccl,0,channels32,32,NA,NA,osu_xccl_allreduce,8,3,131072,52.99
eessi_xccl,0,channels32,32,NA,NA,osu_xccl_allreduce,8,3,262144,84.12
eessi_xccl,0,channels32,32,NA,NA,osu_xccl_allreduce,8,3,524288,107.30
eessi_xccl,0,channels32,32,NA,NA,osu_xccl_allreduce,8,3,1048576,119.33
eessi_xccl,0,channels32,32,NA,NA,osu_xccl_allreduce,8,4,4,43.17
eessi_xccl,0,channels32,32,NA,NA,osu_xccl_allreduce,8,4,8,36.45
eessi_xccl,0,channels32,32,NA,NA,osu_xccl_allreduce,8,4,16,36.39
eessi_xccl,0,channels32,32,NA,NA,osu_xccl_allreduce,8,4,32,38.04
eessi_xccl,0,channels32,32,NA,NA,osu_xccl_allreduce,8,4,64,41.33
eessi_xccl,0,channels32,32,NA,NA,osu_xccl_allreduce,8,4,128,46.99
eessi_xccl,0,channels32,32,NA,NA,osu_xccl_allreduce,8,4,256,46.98
eessi_xccl,0,channels32,32,NA,NA,osu_xccl_allreduce,8,4,512,47.22
eessi_xccl,0,channels32,32,NA,NA,osu_xccl_allreduce,8,4,1024,47.69
eessi_xccl,0,channels32,32,NA,NA,osu_xccl_allreduce,8,4,2048,48.61
eessi_xccl,0,channels32,32,NA,NA,osu_xccl_allreduce,8,4,4096,49.41
eessi_xccl,0,channels32,32,NA,NA,osu_xccl_allreduce,8,4,8192,50.77
eessi_xccl,0,channels32,32,NA,NA,osu_xccl_allreduce,8,4,16384,51.86
eessi_xccl,0,channels32,32,NA,NA,osu_xccl_allreduce,8,4,32768,52.03
eessi_xccl,0,channels32,32,NA,NA,osu_xccl_allreduce,8,4,65536,51.47
eessi_xccl,0,channels32,32,NA,NA,osu_xccl_allreduce,8,4,131072,52.52
eessi_xccl,0,channels32,32,NA,NA,osu_xccl_allreduce,8,4,262144,85.08
eessi_xccl,0,channels32,32,NA,NA,osu_xccl_allreduce,8,4,524288,108.69
eessi_xccl,0,channels32,32,NA,NA,osu_xccl_allreduce,8,4,1048576,120.67
eessi_xccl,0,channels32,32,NA,NA,osu_xccl_allreduce,8,5,4,37.93
eessi_xccl,0,channels32,32,NA,NA,osu_xccl_allreduce,8,5,8,36.54
eessi_xccl,0,channels32,32,NA,NA,osu_xccl_allreduce,8,5,16,36.41
eessi_xccl,0,channels32,32,NA,NA,osu_xccl_allreduce,8,5,32,38.26
eessi_xccl,0,channels32,32,NA,NA,osu_xccl_allreduce,8,5,64,41.33
eessi_xccl,0,channels32,32,NA,NA,osu_xccl_allreduce,8,5,128,47.25
eessi_xccl,0,channels32,32,NA,NA,osu_xccl_allreduce,8,5,256,47.26
eessi_xccl,0,channels32,32,NA,NA,osu_xccl_allreduce,8,5,512,47.56
eessi_xccl,0,channels32,32,NA,NA,osu_xccl_allreduce,8,5,1024,48.08
eessi_xccl,0,channels32,32,NA,NA,osu_xccl_allreduce,8,5,2048,48.84
eessi_xccl,0,channels32,32,NA,NA,osu_xccl_allreduce,8,5,4096,49.56
eessi_xccl,0,channels32,32,NA,NA,osu_xccl_allreduce,8,5,8192,50.86
eessi_xccl,0,channels32,32,NA,NA,osu_xccl_allreduce,8,5,16384,52.02
eessi_xccl,0,channels32,32,NA,NA,osu_xccl_allreduce,8,5,32768,51.63
eessi_xccl,0,channels32,32,NA,NA,osu_xccl_allreduce,8,5,65536,51.46
eessi_xccl,0,channels32,32,NA,NA,osu_xccl_allreduce,8,5,131072,52.32
eessi_xccl,0,channels32,32,NA,NA,osu_xccl_allreduce,8,5,262144,85.76
eessi_xccl,0,channels32,32,NA,NA,osu_xccl_allreduce,8,5,524288,109.35
eessi_xccl,0,channels32,32,NA,NA,osu_xccl_allreduce,8,5,1048576,121.61
eessi_xccl,0,channels32,32,NA,NA,osu_xccl_allreduce,8,6,4,37.37
eessi_xccl,0,channels32,32,NA,NA,osu_xccl_allreduce,8,6,8,37.01
eessi_xccl,0,channels32,32,NA,NA,osu_xccl_allreduce,8,6,16,36.96
eessi_xccl,0,channels32,32,NA,NA,osu_xccl_allreduce,8,6,32,38.73
eessi_xccl,0,channels32,32,NA,NA,osu_xccl_allreduce,8,6,64,41.98
eessi_xccl,0,channels32,32,NA,NA,osu_xccl_allreduce,8,6,128,47.01
eessi_xccl,0,channels32,32,NA,NA,osu_xccl_allreduce,8,6,256,47.10
eessi_xccl,0,channels32,32,NA,NA,osu_xccl_allreduce,8,6,512,47.41
eessi_xccl,0,channels32,32,NA,NA,osu_xccl_allreduce,8,6,1024,47.87
eessi_xccl,0,channels32,32,NA,NA,osu_xccl_allreduce,8,6,2048,48.70
eessi_xccl,0,channels32,32,NA,NA,osu_xccl_allreduce,8,6,4096,49.29
eessi_xccl,0,channels32,32,NA,NA,osu_xccl_allreduce,8,6,8192,50.58
eessi_xccl,0,channels32,32,NA,NA,osu_xccl_allreduce,8,6,16384,51.79
eessi_xccl,0,channels32,32,NA,NA,osu_xccl_allreduce,8,6,32768,51.86
eessi_xccl,0,channels32,32,NA,NA,osu_xccl_allreduce,8,6,65536,52.31
eessi_xccl,0,channels32,32,NA,NA,osu_xccl_allreduce,8,6,131072,52.77
eessi_xccl,0,channels32,32,NA,NA,osu_xccl_allreduce,8,6,262144,83.98
eessi_xccl,0,channels32,32,NA,NA,osu_xccl_allreduce,8,6,524288,107.34
eessi_xccl,0,channels32,32,NA,NA,osu_xccl_allreduce,8,6,1048576,119.26
eessi_xccl,0,channels32,32,NA,NA,osu_xccl_alltoall,8,2,1,84.12
eessi_xccl,0,channels32,32,NA,NA,osu_xccl_alltoall,8,2,2,84.01
eessi_xccl,0,channels32,32,NA,NA,osu_xccl_alltoall,8,2,4,84.17
eessi_xccl,0,channels32,32,NA,NA,osu_xccl_alltoall,8,2,8,84.61
eessi_xccl,0,channels32,32,NA,NA,osu_xccl_alltoall,8,2,16,84.53
eessi_xccl,0,channels32,32,NA,NA,osu_xccl_alltoall,8,2,32,84.83
eessi_xccl,0,channels32,32,NA,NA,osu_xccl_alltoall,8,2,64,85.66
eessi_xccl,0,channels32,32,NA,NA,osu_xccl_alltoall,8,2,128,86.13
eessi_xccl,0,channels32,32,NA,NA,osu_xccl_alltoall,8,2,256,87.16
eessi_xccl,0,channels32,32,NA,NA,osu_xccl_alltoall,8,2,512,88.39
eessi_xccl,0,channels32,32,NA,NA,osu_xccl_alltoall,8,2,1024,89.83
eessi_xccl,0,channels32,32,NA,NA,osu_xccl_alltoall,8,2,2048,95.72
eessi_xccl,0,channels32,32,NA,NA,osu_xccl_alltoall,8,2,4096,107.55
eessi_xccl,0,channels32,32,NA,NA,osu_xccl_alltoall,8,2,8192,102.68
eessi_xccl,0,channels32,32,NA,NA,osu_xccl_alltoall,8,2,16384,125.43
eessi_xccl,0,channels32,32,NA,NA,osu_xccl_alltoall,8,2,32768,173.42
eessi_xccl,0,channels32,32,NA,NA,osu_xccl_alltoall,8,2,65536,273.22
eessi_xccl,0,channels32,32,NA,NA,osu_xccl_alltoall,8,2,131072,475.57
eessi_xccl,0,channels32,32,NA,NA,osu_xccl_alltoall,8,2,262144,877.24
eessi_xccl,0,channels32,32,NA,NA,osu_xccl_alltoall,8,2,524288,1679.61
eessi_xccl,0,channels32,32,NA,NA,osu_xccl_alltoall,8,2,1048576,722.53
eessi_xccl,0,channels32,32,NA,NA,osu_xccl_alltoall,8,3,1,84.45
eessi_xccl,0,channels32,32,NA,NA,osu_xccl_alltoall,8,3,2,84.29
eessi_xccl,0,channels32,32,NA,NA,osu_xccl_alltoall,8,3,4,84.46
eessi_xccl,0,channels32,32,NA,NA,osu_xccl_alltoall,8,3,8,84.88
eessi_xccl,0,channels32,32,NA,NA,osu_xccl_alltoall,8,3,16,84.77
eessi_xccl,0,channels32,32,NA,NA,osu_xccl_alltoall,8,3,32,85.03
eessi_xccl,0,channels32,32,NA,NA,osu_xccl_alltoall,8,3,64,85.73
eessi_xccl,0,channels32,32,NA,NA,osu_xccl_alltoall,8,3,128,86.43
eessi_xccl,0,channels32,32,NA,NA,osu_xccl_alltoall,8,3,256,87.59
eessi_xccl,0,channels32,32,NA,NA,osu_xccl_alltoall,8,3,512,88.76
eessi_xccl,0,channels32,32,NA,NA,osu_xccl_alltoall,8,3,1024,89.96
eessi_xccl,0,channels32,32,NA,NA,osu_xccl_alltoall,8,3,2048,95.99
eessi_xccl,0,channels32,32,NA,NA,osu_xccl_alltoall,8,3,4096,108.11
eessi_xccl,0,channels32,32,NA,NA,osu_xccl_alltoall,8,3,8192,102.83
eessi_xccl,0,channels32,32,NA,NA,osu_xccl_alltoall,8,3,16384,125.81
eessi_xccl,0,channels32,32,NA,NA,osu_xccl_alltoall,8,3,32768,173.89
eessi_xccl,0,channels32,32,NA,NA,osu_xccl_alltoall,8,3,65536,273.37
eessi_xccl,0,channels32,32,NA,NA,osu_xccl_alltoall,8,3,131072,476.40
eessi_xccl,0,channels32,32,NA,NA,osu_xccl_alltoall,8,3,262144,878.74
eessi_xccl,0,channels32,32,NA,NA,osu_xccl_alltoall,8,3,524288,1682.99
eessi_xccl,0,channels32,32,NA,NA,osu_xccl_alltoall,8,3,1048576,721.68
eessi_xccl,0,channels32,32,NA,NA,osu_xccl_alltoall,8,4,1,84.26
eessi_xccl,0,channels32,32,NA,NA,osu_xccl_alltoall,8,4,2,84.10
eessi_xccl,0,channels32,32,NA,NA,osu_xccl_alltoall,8,4,4,84.25
eessi_xccl,0,channels32,32,NA,NA,osu_xccl_alltoall,8,4,8,84.68
eessi_xccl,0,channels32,32,NA,NA,osu_xccl_alltoall,8,4,16,84.51
eessi_xccl,0,channels32,32,NA,NA,osu_xccl_alltoall,8,4,32,84.81
eessi_xccl,0,channels32,32,NA,NA,osu_xccl_alltoall,8,4,64,85.45
eessi_xccl,0,channels32,32,NA,NA,osu_xccl_alltoall,8,4,128,86.23
eessi_xccl,0,channels32,32,NA,NA,osu_xccl_alltoall,8,4,256,87.17
eessi_xccl,0,channels32,32,NA,NA,osu_xccl_alltoall,8,4,512,88.23
eessi_xccl,0,channels32,32,NA,NA,osu_xccl_alltoall,8,4,1024,89.45
eessi_xccl,0,channels32,32,NA,NA,osu_xccl_alltoall,8,4,2048,95.58
eessi_xccl,0,channels32,32,NA,NA,osu_xccl_alltoall,8,4,4096,107.20
eessi_xccl,0,channels32,32,NA,NA,osu_xccl_alltoall,8,4,8192,102.52
eessi_xccl,0,channels32,32,NA,NA,osu_xccl_alltoall,8,4,16384,125.58
eessi_xccl,0,channels32,32,NA,NA,osu_xccl_alltoall,8,4,32768,173.71
eessi_xccl,0,channels32,32,NA,NA,osu_xccl_alltoall,8,4,65536,273.49
eessi_xccl,0,channels32,32,NA,NA,osu_xccl_alltoall,8,4,131072,475.83
eessi_xccl,0,channels32,32,NA,NA,osu_xccl_alltoall,8,4,262144,877.75
eessi_xccl,0,channels32,32,NA,NA,osu_xccl_alltoall,8,4,524288,1682.13
eessi_xccl,0,channels32,32,NA,NA,osu_xccl_alltoall,8,4,1048576,718.66
eessi_xccl,0,channels32,32,NA,NA,osu_xccl_alltoall,8,5,1,84.35
eessi_xccl,0,channels32,32,NA,NA,osu_xccl_alltoall,8,5,2,84.17
eessi_xccl,0,channels32,32,NA,NA,osu_xccl_alltoall,8,5,4,84.23
eessi_xccl,0,channels32,32,NA,NA,osu_xccl_alltoall,8,5,8,84.68
eessi_xccl,0,channels32,32,NA,NA,osu_xccl_alltoall,8,5,16,84.59
eessi_xccl,0,channels32,32,NA,NA,osu_xccl_alltoall,8,5,32,84.91
eessi_xccl,0,channels32,32,NA,NA,osu_xccl_alltoall,8,5,64,85.63
eessi_xccl,0,channels32,32,NA,NA,osu_xccl_alltoall,8,5,128,86.22
eessi_xccl,0,channels32,32,NA,NA,osu_xccl_alltoall,8,5,256,87.30
eessi_xccl,0,channels32,32,NA,NA,osu_xccl_alltoall,8,5,512,88.36
eessi_xccl,0,channels32,32,NA,NA,osu_xccl_alltoall,8,5,1024,89.71
eessi_xccl,0,channels32,32,NA,NA,osu_xccl_alltoall,8,5,2048,95.50
eessi_xccl,0,channels32,32,NA,NA,osu_xccl_alltoall,8,5,4096,107.67
eessi_xccl,0,channels32,32,NA,NA,osu_xccl_alltoall,8,5,8192,102.95
eessi_xccl,0,channels32,32,NA,NA,osu_xccl_alltoall,8,5,16384,125.71
eessi_xccl,0,channels32,32,NA,NA,osu_xccl_alltoall,8,5,32768,173.56
eessi_xccl,0,channels32,32,NA,NA,osu_xccl_alltoall,8,5,65536,273.30
eessi_xccl,0,channels32,32,NA,NA,osu_xccl_alltoall,8,5,131072,475.84
eessi_xccl,0,channels32,32,NA,NA,osu_xccl_alltoall,8,5,262144,878.36
eessi_xccl,0,channels32,32,NA,NA,osu_xccl_alltoall,8,5,524288,1681.13
eessi_xccl,0,channels32,32,NA,NA,osu_xccl_alltoall,8,5,1048576,721.42
eessi_xccl,0,channels32,32,NA,NA,osu_xccl_alltoall,8,6,1,84.33
eessi_xccl,0,channels32,32,NA,NA,osu_xccl_alltoall,8,6,2,84.17
eessi_xccl,0,channels32,32,NA,NA,osu_xccl_alltoall,8,6,4,84.31
eessi_xccl,0,channels32,32,NA,NA,osu_xccl_alltoall,8,6,8,84.86
eessi_xccl,0,channels32,32,NA,NA,osu_xccl_alltoall,8,6,16,84.67
eessi_xccl,0,channels32,32,NA,NA,osu_xccl_alltoall,8,6,32,84.88
eessi_xccl,0,channels32,32,NA,NA,osu_xccl_alltoall,8,6,64,85.74
eessi_xccl,0,channels32,32,NA,NA,osu_xccl_alltoall,8,6,128,86.30
eessi_xccl,0,channels32,32,NA,NA,osu_xccl_alltoall,8,6,256,87.48
eessi_xccl,0,channels32,32,NA,NA,osu_xccl_alltoall,8,6,512,88.82
eessi_xccl,0,channels32,32,NA,NA,osu_xccl_alltoall,8,6,1024,90.23
eessi_xccl,0,channels32,32,NA,NA,osu_xccl_alltoall,8,6,2048,95.72
eessi_xccl,0,channels32,32,NA,NA,osu_xccl_alltoall,8,6,4096,107.72
eessi_xccl,0,channels32,32,NA,NA,osu_xccl_alltoall,8,6,8192,102.94
eessi_xccl,0,channels32,32,NA,NA,osu_xccl_alltoall,8,6,16384,125.73
eessi_xccl,0,channels32,32,NA,NA,osu_xccl_alltoall,8,6,32768,173.74
eessi_xccl,0,channels32,32,NA,NA,osu_xccl_alltoall,8,6,65536,273.43
eessi_xccl,0,channels32,32,NA,NA,osu_xccl_alltoall,8,6,131072,475.93
eessi_xccl,0,channels32,32,NA,NA,osu_xccl_alltoall,8,6,262144,878.34
eessi_xccl,0,channels32,32,NA,NA,osu_xccl_alltoall,8,6,524288,1681.84
eessi_xccl,0,channels32,32,NA,NA,osu_xccl_alltoall,8,6,1048576,723.90
eessi_xccl,0,affinity,NA,1,NA,osu_xccl_allreduce,8,2,4,36.70
eessi_xccl,0,affinity,NA,1,NA,osu_xccl_allreduce,8,2,8,36.46
eessi_xccl,0,affinity,NA,1,NA,osu_xccl_allreduce,8,2,16,36.31
eessi_xccl,0,affinity,NA,1,NA,osu_xccl_allreduce,8,2,32,37.76
eessi_xccl,0,affinity,NA,1,NA,osu_xccl_allreduce,8,2,64,40.73
eessi_xccl,0,affinity,NA,1,NA,osu_xccl_allreduce,8,2,128,46.89
eessi_xccl,0,affinity,NA,1,NA,osu_xccl_allreduce,8,2,256,46.91
eessi_xccl,0,affinity,NA,1,NA,osu_xccl_allreduce,8,2,512,47.31
eessi_xccl,0,affinity,NA,1,NA,osu_xccl_allreduce,8,2,1024,47.46
eessi_xccl,0,affinity,NA,1,NA,osu_xccl_allreduce,8,2,2048,48.42
eessi_xccl,0,affinity,NA,1,NA,osu_xccl_allreduce,8,2,4096,49.45
eessi_xccl,0,affinity,NA,1,NA,osu_xccl_allreduce,8,2,8192,50.53
eessi_xccl,0,affinity,NA,1,NA,osu_xccl_allreduce,8,2,16384,51.68
eessi_xccl,0,affinity,NA,1,NA,osu_xccl_allreduce,8,2,32768,51.54
eessi_xccl,0,affinity,NA,1,NA,osu_xccl_allreduce,8,2,65536,51.37
eessi_xccl,0,affinity,NA,1,NA,osu_xccl_allreduce,8,2,131072,52.13
eessi_xccl,0,affinity,NA,1,NA,osu_xccl_allreduce,8,2,262144,85.80
eessi_xccl,0,affinity,NA,1,NA,osu_xccl_allreduce,8,2,524288,109.34
eessi_xccl,0,affinity,NA,1,NA,osu_xccl_allreduce,8,2,1048576,121.47
eessi_xccl,0,affinity,NA,1,NA,osu_xccl_allreduce,8,3,4,36.48
eessi_xccl,0,affinity,NA,1,NA,osu_xccl_allreduce,8,3,8,36.25
eessi_xccl,0,affinity,NA,1,NA,osu_xccl_allreduce,8,3,16,36.07
eessi_xccl,0,affinity,NA,1,NA,osu_xccl_allreduce,8,3,32,37.79
eessi_xccl,0,affinity,NA,1,NA,osu_xccl_allreduce,8,3,64,41.00
eessi_xccl,0,affinity,NA,1,NA,osu_xccl_allreduce,8,3,128,46.98
eessi_xccl,0,affinity,NA,1,NA,osu_xccl_allreduce,8,3,256,46.98
eessi_xccl,0,affinity,NA,1,NA,osu_xccl_allreduce,8,3,512,47.34
eessi_xccl,0,affinity,NA,1,NA,osu_xccl_allreduce,8,3,1024,47.85
eessi_xccl,0,affinity,NA,1,NA,osu_xccl_allreduce,8,3,2048,48.47
eessi_xccl,0,affinity,NA,1,NA,osu_xccl_allreduce,8,3,4096,49.34
eessi_xccl,0,affinity,NA,1,NA,osu_xccl_allreduce,8,3,8192,50.68
eessi_xccl,0,affinity,NA,1,NA,osu_xccl_allreduce,8,3,16384,51.86
eessi_xccl,0,affinity,NA,1,NA,osu_xccl_allreduce,8,3,32768,51.75
eessi_xccl,0,affinity,NA,1,NA,osu_xccl_allreduce,8,3,65536,51.37
eessi_xccl,0,affinity,NA,1,NA,osu_xccl_allreduce,8,3,131072,52.14
eessi_xccl,0,affinity,NA,1,NA,osu_xccl_allreduce,8,3,262144,85.70
eessi_xccl,0,affinity,NA,1,NA,osu_xccl_allreduce,8,3,524288,109.40
eessi_xccl,0,affinity,NA,1,NA,osu_xccl_allreduce,8,3,1048576,121.42
eessi_xccl,0,affinity,NA,1,NA,osu_xccl_allreduce,8,4,4,36.30
eessi_xccl,0,affinity,NA,1,NA,osu_xccl_allreduce,8,4,8,36.32
eessi_xccl,0,affinity,NA,1,NA,osu_xccl_allreduce,8,4,16,36.19
eessi_xccl,0,affinity,NA,1,NA,osu_xccl_allreduce,8,4,32,37.85
eessi_xccl,0,affinity,NA,1,NA,osu_xccl_allreduce,8,4,64,41.15
eessi_xccl,0,affinity,NA,1,NA,osu_xccl_allreduce,8,4,128,47.28
eessi_xccl,0,affinity,NA,1,NA,osu_xccl_allreduce,8,4,256,47.24
eessi_xccl,0,affinity,NA,1,NA,osu_xccl_allreduce,8,4,512,47.52
eessi_xccl,0,affinity,NA,1,NA,osu_xccl_allreduce,8,4,1024,48.01
eessi_xccl,0,affinity,NA,1,NA,osu_xccl_allreduce,8,4,2048,48.65
eessi_xccl,0,affinity,NA,1,NA,osu_xccl_allreduce,8,4,4096,49.44
eessi_xccl,0,affinity,NA,1,NA,osu_xccl_allreduce,8,4,8192,50.71
eessi_xccl,0,affinity,NA,1,NA,osu_xccl_allreduce,8,4,16384,51.81
eessi_xccl,0,affinity,NA,1,NA,osu_xccl_allreduce,8,4,32768,52.12
eessi_xccl,0,affinity,NA,1,NA,osu_xccl_allreduce,8,4,65536,52.25
eessi_xccl,0,affinity,NA,1,NA,osu_xccl_allreduce,8,4,131072,52.74
eessi_xccl,0,affinity,NA,1,NA,osu_xccl_allreduce,8,4,262144,86.16
eessi_xccl,0,affinity,NA,1,NA,osu_xccl_allreduce,8,4,524288,109.22
eessi_xccl,0,affinity,NA,1,NA,osu_xccl_allreduce,8,4,1048576,121.37
eessi_xccl,0,affinity,NA,1,NA,osu_xccl_allreduce,8,5,4,36.59
eessi_xccl,0,affinity,NA,1,NA,osu_xccl_allreduce,8,5,8,36.19
eessi_xccl,0,affinity,NA,1,NA,osu_xccl_allreduce,8,5,16,36.05
eessi_xccl,0,affinity,NA,1,NA,osu_xccl_allreduce,8,5,32,37.84
eessi_xccl,0,affinity,NA,1,NA,osu_xccl_allreduce,8,5,64,41.00
eessi_xccl,0,affinity,NA,1,NA,osu_xccl_allreduce,8,5,128,46.82
eessi_xccl,0,affinity,NA,1,NA,osu_xccl_allreduce,8,5,256,46.79
eessi_xccl,0,affinity,NA,1,NA,osu_xccl_allreduce,8,5,512,47.16
eessi_xccl,0,affinity,NA,1,NA,osu_xccl_allreduce,8,5,1024,47.72
eessi_xccl,0,affinity,NA,1,NA,osu_xccl_allreduce,8,5,2048,48.32
eessi_xccl,0,affinity,NA,1,NA,osu_xccl_allreduce,8,5,4096,49.26
eessi_xccl,0,affinity,NA,1,NA,osu_xccl_allreduce,8,5,8192,50.39
eessi_xccl,0,affinity,NA,1,NA,osu_xccl_allreduce,8,5,16384,51.55
eessi_xccl,0,affinity,NA,1,NA,osu_xccl_allreduce,8,5,32768,51.07
eessi_xccl,0,affinity,NA,1,NA,osu_xccl_allreduce,8,5,65536,51.19
eessi_xccl,0,affinity,NA,1,NA,osu_xccl_allreduce,8,5,131072,52.26
eessi_xccl,0,affinity,NA,1,NA,osu_xccl_allreduce,8,5,262144,85.40
eessi_xccl,0,affinity,NA,1,NA,osu_xccl_allreduce,8,5,524288,108.97
eessi_xccl,0,affinity,NA,1,NA,osu_xccl_allreduce,8,5,1048576,121.15
eessi_xccl,0,affinity,NA,1,NA,osu_xccl_allreduce,8,6,4,37.09
eessi_xccl,0,affinity,NA,1,NA,osu_xccl_allreduce,8,6,8,36.84
eessi_xccl,0,affinity,NA,1,NA,osu_xccl_allreduce,8,6,16,36.73
eessi_xccl,0,affinity,NA,1,NA,osu_xccl_allreduce,8,6,32,38.97
eessi_xccl,0,affinity,NA,1,NA,osu_xccl_allreduce,8,6,64,41.35
eessi_xccl,0,affinity,NA,1,NA,osu_xccl_allreduce,8,6,128,47.27
eessi_xccl,0,affinity,NA,1,NA,osu_xccl_allreduce,8,6,256,47.73
eessi_xccl,0,affinity,NA,1,NA,osu_xccl_allreduce,8,6,512,47.77
eessi_xccl,0,affinity,NA,1,NA,osu_xccl_allreduce,8,6,1024,48.02
eessi_xccl,0,affinity,NA,1,NA,osu_xccl_allreduce,8,6,2048,48.89
eessi_xccl,0,affinity,NA,1,NA,osu_xccl_allreduce,8,6,4096,49.64
eessi_xccl,0,affinity,NA,1,NA,osu_xccl_allreduce,8,6,8192,50.85
eessi_xccl,0,affinity,NA,1,NA,osu_xccl_allreduce,8,6,16384,51.82
eessi_xccl,0,affinity,NA,1,NA,osu_xccl_allreduce,8,6,32768,51.63
eessi_xccl,0,affinity,NA,1,NA,osu_xccl_allreduce,8,6,65536,52.01
eessi_xccl,0,affinity,NA,1,NA,osu_xccl_allreduce,8,6,131072,52.88
eessi_xccl,0,affinity,NA,1,NA,osu_xccl_allreduce,8,6,262144,84.30
eessi_xccl,0,affinity,NA,1,NA,osu_xccl_allreduce,8,6,524288,107.96
eessi_xccl,0,affinity,NA,1,NA,osu_xccl_allreduce,8,6,1048576,119.91
eessi_xccl,0,affinity,NA,1,NA,osu_xccl_alltoall,8,2,1,31.88
eessi_xccl,0,affinity,NA,1,NA,osu_xccl_alltoall,8,2,2,31.79
eessi_xccl,0,affinity,NA,1,NA,osu_xccl_alltoall,8,2,4,31.78
eessi_xccl,0,affinity,NA,1,NA,osu_xccl_alltoall,8,2,8,31.81
eessi_xccl,0,affinity,NA,1,NA,osu_xccl_alltoall,8,2,16,31.82
eessi_xccl,0,affinity,NA,1,NA,osu_xccl_alltoall,8,2,32,31.99
eessi_xccl,0,affinity,NA,1,NA,osu_xccl_alltoall,8,2,64,32.07
eessi_xccl,0,affinity,NA,1,NA,osu_xccl_alltoall,8,2,128,32.09
eessi_xccl,0,affinity,NA,1,NA,osu_xccl_alltoall,8,2,256,32.20
eessi_xccl,0,affinity,NA,1,NA,osu_xccl_alltoall,8,2,512,32.40
eessi_xccl,0,affinity,NA,1,NA,osu_xccl_alltoall,8,2,1024,32.60
eessi_xccl,0,affinity,NA,1,NA,osu_xccl_alltoall,8,2,2048,33.20
eessi_xccl,0,affinity,NA,1,NA,osu_xccl_alltoall,8,2,4096,34.69
eessi_xccl,0,affinity,NA,1,NA,osu_xccl_alltoall,8,2,8192,35.25
eessi_xccl,0,affinity,NA,1,NA,osu_xccl_alltoall,8,2,16384,38.41
eessi_xccl,0,affinity,NA,1,NA,osu_xccl_alltoall,8,2,32768,44.79
eessi_xccl,0,affinity,NA,1,NA,osu_xccl_alltoall,8,2,65536,44.66
eessi_xccl,0,affinity,NA,1,NA,osu_xccl_alltoall,8,2,131072,50.51
eessi_xccl,0,affinity,NA,1,NA,osu_xccl_alltoall,8,2,262144,67.40
eessi_xccl,0,affinity,NA,1,NA,osu_xccl_alltoall,8,2,524288,100.37
eessi_xccl,0,affinity,NA,1,NA,osu_xccl_alltoall,8,2,1048576,167.59
eessi_xccl,0,affinity,NA,1,NA,osu_xccl_alltoall,8,3,1,31.97
eessi_xccl,0,affinity,NA,1,NA,osu_xccl_alltoall,8,3,2,31.95
eessi_xccl,0,affinity,NA,1,NA,osu_xccl_alltoall,8,3,4,31.96
eessi_xccl,0,affinity,NA,1,NA,osu_xccl_alltoall,8,3,8,32.04
eessi_xccl,0,affinity,NA,1,NA,osu_xccl_alltoall,8,3,16,32.05
eessi_xccl,0,affinity,NA,1,NA,osu_xccl_alltoall,8,3,32,32.11
eessi_xccl,0,affinity,NA,1,NA,osu_xccl_alltoall,8,3,64,32.17
eessi_xccl,0,affinity,NA,1,NA,osu_xccl_alltoall,8,3,128,32.16
eessi_xccl,0,affinity,NA,1,NA,osu_xccl_alltoall,8,3,256,32.28
eessi_xccl,0,affinity,NA,1,NA,osu_xccl_alltoall,8,3,512,32.43
eessi_xccl,0,affinity,NA,1,NA,osu_xccl_alltoall,8,3,1024,32.79
eessi_xccl,0,affinity,NA,1,NA,osu_xccl_alltoall,8,3,2048,33.47
eessi_xccl,0,affinity,NA,1,NA,osu_xccl_alltoall,8,3,4096,34.88
eessi_xccl,0,affinity,NA,1,NA,osu_xccl_alltoall,8,3,8192,35.46
eessi_xccl,0,affinity,NA,1,NA,osu_xccl_alltoall,8,3,16384,38.72
eessi_xccl,0,affinity,NA,1,NA,osu_xccl_alltoall,8,3,32768,45.15
eessi_xccl,0,affinity,NA,1,NA,osu_xccl_alltoall,8,3,65536,44.93
eessi_xccl,0,affinity,NA,1,NA,osu_xccl_alltoall,8,3,131072,50.69
eessi_xccl,0,affinity,NA,1,NA,osu_xccl_alltoall,8,3,262144,67.37
eessi_xccl,0,affinity,NA,1,NA,osu_xccl_alltoall,8,3,524288,100.60
eessi_xccl,0,affinity,NA,1,NA,osu_xccl_alltoall,8,3,1048576,167.44
eessi_xccl,0,affinity,NA,1,NA,osu_xccl_alltoall,8,4,1,32.35
eessi_xccl,0,affinity,NA,1,NA,osu_xccl_alltoall,8,4,2,32.28
eessi_xccl,0,affinity,NA,1,NA,osu_xccl_alltoall,8,4,4,32.20
eessi_xccl,0,affinity,NA,1,NA,osu_xccl_alltoall,8,4,8,32.25
eessi_xccl,0,affinity,NA,1,NA,osu_xccl_alltoall,8,4,16,32.28
eessi_xccl,0,affinity,NA,1,NA,osu_xccl_alltoall,8,4,32,32.41
eessi_xccl,0,affinity,NA,1,NA,osu_xccl_alltoall,8,4,64,32.45
eessi_xccl,0,affinity,NA,1,NA,osu_xccl_alltoall,8,4,128,32.45
eessi_xccl,0,affinity,NA,1,NA,osu_xccl_alltoall,8,4,256,32.46
eessi_xccl,0,affinity,NA,1,NA,osu_xccl_alltoall,8,4,512,32.70
eessi_xccl,0,affinity,NA,1,NA,osu_xccl_alltoall,8,4,1024,32.84
eessi_xccl,0,affinity,NA,1,NA,osu_xccl_alltoall,8,4,2048,33.56
eessi_xccl,0,affinity,NA,1,NA,osu_xccl_alltoall,8,4,4096,34.86
eessi_xccl,0,affinity,NA,1,NA,osu_xccl_alltoall,8,4,8192,35.42
eessi_xccl,0,affinity,NA,1,NA,osu_xccl_alltoall,8,4,16384,38.46
eessi_xccl,0,affinity,NA,1,NA,osu_xccl_alltoall,8,4,32768,44.98
eessi_xccl,0,affinity,NA,1,NA,osu_xccl_alltoall,8,4,65536,44.49
eessi_xccl,0,affinity,NA,1,NA,osu_xccl_alltoall,8,4,131072,50.73
eessi_xccl,0,affinity,NA,1,NA,osu_xccl_alltoall,8,4,262144,67.18
eessi_xccl,0,affinity,NA,1,NA,osu_xccl_alltoall,8,4,524288,100.16
eessi_xccl,0,affinity,NA,1,NA,osu_xccl_alltoall,8,4,1048576,167.13
eessi_xccl,0,affinity,NA,1,NA,osu_xccl_alltoall,8,5,1,32.04
eessi_xccl,0,affinity,NA,1,NA,osu_xccl_alltoall,8,5,2,32.76
eessi_xccl,0,affinity,NA,1,NA,osu_xccl_alltoall,8,5,4,32.83
eessi_xccl,0,affinity,NA,1,NA,osu_xccl_alltoall,8,5,8,32.81
eessi_xccl,0,affinity,NA,1,NA,osu_xccl_alltoall,8,5,16,32.85
eessi_xccl,0,affinity,NA,1,NA,osu_xccl_alltoall,8,5,32,32.93
eessi_xccl,0,affinity,NA,1,NA,osu_xccl_alltoall,8,5,64,33.03
eessi_xccl,0,affinity,NA,1,NA,osu_xccl_alltoall,8,5,128,33.03
eessi_xccl,0,affinity,NA,1,NA,osu_xccl_alltoall,8,5,256,33.04
eessi_xccl,0,affinity,NA,1,NA,osu_xccl_alltoall,8,5,512,33.16
eessi_xccl,0,affinity,NA,1,NA,osu_xccl_alltoall,8,5,1024,33.42
eessi_xccl,0,affinity,NA,1,NA,osu_xccl_alltoall,8,5,2048,34.13
eessi_xccl,0,affinity,NA,1,NA,osu_xccl_alltoall,8,5,4096,35.56
eessi_xccl,0,affinity,NA,1,NA,osu_xccl_alltoall,8,5,8192,36.03
eessi_xccl,0,affinity,NA,1,NA,osu_xccl_alltoall,8,5,16384,39.03
eessi_xccl,0,affinity,NA,1,NA,osu_xccl_alltoall,8,5,32768,45.30
eessi_xccl,0,affinity,NA,1,NA,osu_xccl_alltoall,8,5,65536,44.57
eessi_xccl,0,affinity,NA,1,NA,osu_xccl_alltoall,8,5,131072,51.30
eessi_xccl,0,affinity,NA,1,NA,osu_xccl_alltoall,8,5,262144,68.25
eessi_xccl,0,affinity,NA,1,NA,osu_xccl_alltoall,8,5,524288,100.56
eessi_xccl,0,affinity,NA,1,NA,osu_xccl_alltoall,8,5,1048576,167.65
eessi_xccl,0,affinity,NA,1,NA,osu_xccl_alltoall,8,6,1,32.89
eessi_xccl,0,affinity,NA,1,NA,osu_xccl_alltoall,8,6,2,32.57
eessi_xccl,0,affinity,NA,1,NA,osu_xccl_alltoall,8,6,4,32.56
eessi_xccl,0,affinity,NA,1,NA,osu_xccl_alltoall,8,6,8,32.58
eessi_xccl,0,affinity,NA,1,NA,osu_xccl_alltoall,8,6,16,32.57
eessi_xccl,0,affinity,NA,1,NA,osu_xccl_alltoall,8,6,32,32.63
eessi_xccl,0,affinity,NA,1,NA,osu_xccl_alltoall,8,6,64,32.78
eessi_xccl,0,affinity,NA,1,NA,osu_xccl_alltoall,8,6,128,32.77
eessi_xccl,0,affinity,NA,1,NA,osu_xccl_alltoall,8,6,256,32.85
eessi_xccl,0,affinity,NA,1,NA,osu_xccl_alltoall,8,6,512,33.05
eessi_xccl,0,affinity,NA,1,NA,osu_xccl_alltoall,8,6,1024,33.55
eessi_xccl,0,affinity,NA,1,NA,osu_xccl_alltoall,8,6,2048,34.23
eessi_xccl,0,affinity,NA,1,NA,osu_xccl_alltoall,8,6,4096,35.75
eessi_xccl,0,affinity,NA,1,NA,osu_xccl_alltoall,8,6,8192,36.21
eessi_xccl,0,affinity,NA,1,NA,osu_xccl_alltoall,8,6,16384,39.52
eessi_xccl,0,affinity,NA,1,NA,osu_xccl_alltoall,8,6,32768,46.15
eessi_xccl,0,affinity,NA,1,NA,osu_xccl_alltoall,8,6,65536,45.48
eessi_xccl,0,affinity,NA,1,NA,osu_xccl_alltoall,8,6,131072,51.81
eessi_xccl,0,affinity,NA,1,NA,osu_xccl_alltoall,8,6,262144,68.39
eessi_xccl,0,affinity,NA,1,NA,osu_xccl_alltoall,8,6,524288,100.94
eessi_xccl,0,affinity,NA,1,NA,osu_xccl_alltoall,8,6,1048576,166.76
eessi_xccl,0,gdr3,NA,NA,3,osu_xccl_allreduce,8,2,4,38.02
eessi_xccl,0,gdr3,NA,NA,3,osu_xccl_allreduce,8,2,8,37.69
eessi_xccl,0,gdr3,NA,NA,3,osu_xccl_allreduce,8,2,16,37.52
eessi_xccl,0,gdr3,NA,NA,3,osu_xccl_allreduce,8,2,32,38.40
eessi_xccl,0,gdr3,NA,NA,3,osu_xccl_allreduce,8,2,64,40.98
eessi_xccl,0,gdr3,NA,NA,3,osu_xccl_allreduce,8,2,128,46.86
eessi_xccl,0,gdr3,NA,NA,3,osu_xccl_allreduce,8,2,256,46.86
eessi_xccl,0,gdr3,NA,NA,3,osu_xccl_allreduce,8,2,512,47.28
eessi_xccl,0,gdr3,NA,NA,3,osu_xccl_allreduce,8,2,1024,47.69
eessi_xccl,0,gdr3,NA,NA,3,osu_xccl_allreduce,8,2,2048,48.62
eessi_xccl,0,gdr3,NA,NA,3,osu_xccl_allreduce,8,2,4096,49.48
eessi_xccl,0,gdr3,NA,NA,3,osu_xccl_allreduce,8,2,8192,50.60
eessi_xccl,0,gdr3,NA,NA,3,osu_xccl_allreduce,8,2,16384,51.61
eessi_xccl,0,gdr3,NA,NA,3,osu_xccl_allreduce,8,2,32768,51.14
eessi_xccl,0,gdr3,NA,NA,3,osu_xccl_allreduce,8,2,65536,51.62
eessi_xccl,0,gdr3,NA,NA,3,osu_xccl_allreduce,8,2,131072,52.11
eessi_xccl,0,gdr3,NA,NA,3,osu_xccl_allreduce,8,2,262144,84.55
eessi_xccl,0,gdr3,NA,NA,3,osu_xccl_allreduce,8,2,524288,108.50
eessi_xccl,0,gdr3,NA,NA,3,osu_xccl_allreduce,8,2,1048576,120.13
eessi_xccl,0,gdr3,NA,NA,3,osu_xccl_allreduce,8,3,4,39.43
eessi_xccl,0,gdr3,NA,NA,3,osu_xccl_allreduce,8,3,8,37.13
eessi_xccl,0,gdr3,NA,NA,3,osu_xccl_allreduce,8,3,16,36.91
eessi_xccl,0,gdr3,NA,NA,3,osu_xccl_allreduce,8,3,32,38.11
eessi_xccl,0,gdr3,NA,NA,3,osu_xccl_allreduce,8,3,64,41.31
eessi_xccl,0,gdr3,NA,NA,3,osu_xccl_allreduce,8,3,128,46.98
eessi_xccl,0,gdr3,NA,NA,3,osu_xccl_allreduce,8,3,256,46.99
eessi_xccl,0,gdr3,NA,NA,3,osu_xccl_allreduce,8,3,512,47.43
eessi_xccl,0,gdr3,NA,NA,3,osu_xccl_allreduce,8,3,1024,47.62
eessi_xccl,0,gdr3,NA,NA,3,osu_xccl_allreduce,8,3,2048,48.54
eessi_xccl,0,gdr3,NA,NA,3,osu_xccl_allreduce,8,3,4096,49.40
eessi_xccl,0,gdr3,NA,NA,3,osu_xccl_allreduce,8,3,8192,50.49
eessi_xccl,0,gdr3,NA,NA,3,osu_xccl_allreduce,8,3,16384,51.67
eessi_xccl,0,gdr3,NA,NA,3,osu_xccl_allreduce,8,3,32768,51.08
eessi_xccl,0,gdr3,NA,NA,3,osu_xccl_allreduce,8,3,65536,51.42
eessi_xccl,0,gdr3,NA,NA,3,osu_xccl_allreduce,8,3,131072,52.04
eessi_xccl,0,gdr3,NA,NA,3,osu_xccl_allreduce,8,3,262144,83.95
eessi_xccl,0,gdr3,NA,NA,3,osu_xccl_allreduce,8,3,524288,107.51
eessi_xccl,0,gdr3,NA,NA,3,osu_xccl_allreduce,8,3,1048576,119.19
eessi_xccl,0,gdr3,NA,NA,3,osu_xccl_allreduce,8,4,4,37.97
eessi_xccl,0,gdr3,NA,NA,3,osu_xccl_allreduce,8,4,8,37.21
eessi_xccl,0,gdr3,NA,NA,3,osu_xccl_allreduce,8,4,16,37.02
eessi_xccl,0,gdr3,NA,NA,3,osu_xccl_allreduce,8,4,32,38.01
eessi_xccl,0,gdr3,NA,NA,3,osu_xccl_allreduce,8,4,64,40.73
eessi_xccl,0,gdr3,NA,NA,3,osu_xccl_allreduce,8,4,128,47.30
eessi_xccl,0,gdr3,NA,NA,3,osu_xccl_allreduce,8,4,256,47.36
eessi_xccl,0,gdr3,NA,NA,3,osu_xccl_allreduce,8,4,512,47.84
eessi_xccl,0,gdr3,NA,NA,3,osu_xccl_allreduce,8,4,1024,47.72
eessi_xccl,0,gdr3,NA,NA,3,osu_xccl_allreduce,8,4,2048,48.37
eessi_xccl,0,gdr3,NA,NA,3,osu_xccl_allreduce,8,4,4096,49.34
eessi_xccl,0,gdr3,NA,NA,3,osu_xccl_allreduce,8,4,8192,50.80
eessi_xccl,0,gdr3,NA,NA,3,osu_xccl_allreduce,8,4,16384,51.75
eessi_xccl,0,gdr3,NA,NA,3,osu_xccl_allreduce,8,4,32768,51.11
eessi_xccl,0,gdr3,NA,NA,3,osu_xccl_allreduce,8,4,65536,51.98
eessi_xccl,0,gdr3,NA,NA,3,osu_xccl_allreduce,8,4,131072,52.45
eessi_xccl,0,gdr3,NA,NA,3,osu_xccl_allreduce,8,4,262144,84.29
eessi_xccl,0,gdr3,NA,NA,3,osu_xccl_allreduce,8,4,524288,107.97
eessi_xccl,0,gdr3,NA,NA,3,osu_xccl_allreduce,8,4,1048576,120.09
eessi_xccl,0,gdr3,NA,NA,3,osu_xccl_allreduce,8,5,4,36.07
eessi_xccl,0,gdr3,NA,NA,3,osu_xccl_allreduce,8,5,8,34.78
eessi_xccl,0,gdr3,NA,NA,3,osu_xccl_allreduce,8,5,16,34.69
eessi_xccl,0,gdr3,NA,NA,3,osu_xccl_allreduce,8,5,32,36.38
eessi_xccl,0,gdr3,NA,NA,3,osu_xccl_allreduce,8,5,64,39.61
eessi_xccl,0,gdr3,NA,NA,3,osu_xccl_allreduce,8,5,128,45.69
eessi_xccl,0,gdr3,NA,NA,3,osu_xccl_allreduce,8,5,256,45.72
eessi_xccl,0,gdr3,NA,NA,3,osu_xccl_allreduce,8,5,512,46.30
eessi_xccl,0,gdr3,NA,NA,3,osu_xccl_allreduce,8,5,1024,46.34
eessi_xccl,0,gdr3,NA,NA,3,osu_xccl_allreduce,8,5,2048,47.17
eessi_xccl,0,gdr3,NA,NA,3,osu_xccl_allreduce,8,5,4096,48.11
eessi_xccl,0,gdr3,NA,NA,3,osu_xccl_allreduce,8,5,8192,49.09
eessi_xccl,0,gdr3,NA,NA,3,osu_xccl_allreduce,8,5,16384,50.33
eessi_xccl,0,gdr3,NA,NA,3,osu_xccl_allreduce,8,5,32768,49.66
eessi_xccl,0,gdr3,NA,NA,3,osu_xccl_allreduce,8,5,65536,50.33
eessi_xccl,0,gdr3,NA,NA,3,osu_xccl_allreduce,8,5,131072,51.23
eessi_xccl,0,gdr3,NA,NA,3,osu_xccl_allreduce,8,5,262144,84.18
eessi_xccl,0,gdr3,NA,NA,3,osu_xccl_allreduce,8,5,524288,107.66
eessi_xccl,0,gdr3,NA,NA,3,osu_xccl_allreduce,8,5,1048576,119.54
eessi_xccl,0,gdr3,NA,NA,3,osu_xccl_allreduce,8,6,4,35.83
eessi_xccl,0,gdr3,NA,NA,3,osu_xccl_allreduce,8,6,8,34.77
eessi_xccl,0,gdr3,NA,NA,3,osu_xccl_allreduce,8,6,16,34.57
eessi_xccl,0,gdr3,NA,NA,3,osu_xccl_allreduce,8,6,32,36.58
eessi_xccl,0,gdr3,NA,NA,3,osu_xccl_allreduce,8,6,64,39.34
eessi_xccl,0,gdr3,NA,NA,3,osu_xccl_allreduce,8,6,128,45.20
eessi_xccl,0,gdr3,NA,NA,3,osu_xccl_allreduce,8,6,256,45.18
eessi_xccl,0,gdr3,NA,NA,3,osu_xccl_allreduce,8,6,512,45.51
eessi_xccl,0,gdr3,NA,NA,3,osu_xccl_allreduce,8,6,1024,46.06
eessi_xccl,0,gdr3,NA,NA,3,osu_xccl_allreduce,8,6,2048,46.82
eessi_xccl,0,gdr3,NA,NA,3,osu_xccl_allreduce,8,6,4096,47.61
eessi_xccl,0,gdr3,NA,NA,3,osu_xccl_allreduce,8,6,8192,48.56
eessi_xccl,0,gdr3,NA,NA,3,osu_xccl_allreduce,8,6,16384,49.83
eessi_xccl,0,gdr3,NA,NA,3,osu_xccl_allreduce,8,6,32768,49.05
eessi_xccl,0,gdr3,NA,NA,3,osu_xccl_allreduce,8,6,65536,49.38
eessi_xccl,0,gdr3,NA,NA,3,osu_xccl_allreduce,8,6,131072,50.17
eessi_xccl,0,gdr3,NA,NA,3,osu_xccl_allreduce,8,6,262144,83.38
eessi_xccl,0,gdr3,NA,NA,3,osu_xccl_allreduce,8,6,524288,107.10
eessi_xccl,0,gdr3,NA,NA,3,osu_xccl_allreduce,8,6,1048576,118.97
eessi_xccl,0,gdr3,NA,NA,3,osu_xccl_alltoall,8,2,1,26.92
eessi_xccl,0,gdr3,NA,NA,3,osu_xccl_alltoall,8,2,2,26.57
eessi_xccl,0,gdr3,NA,NA,3,osu_xccl_alltoall,8,2,4,26.48
eessi_xccl,0,gdr3,NA,NA,3,osu_xccl_alltoall,8,2,8,26.59
eessi_xccl,0,gdr3,NA,NA,3,osu_xccl_alltoall,8,2,16,26.54
eessi_xccl,0,gdr3,NA,NA,3,osu_xccl_alltoall,8,2,32,26.61
eessi_xccl,0,gdr3,NA,NA,3,osu_xccl_alltoall,8,2,64,26.74
eessi_xccl,0,gdr3,NA,NA,3,osu_xccl_alltoall,8,2,128,26.72
eessi_xccl,0,gdr3,NA,NA,3,osu_xccl_alltoall,8,2,256,26.86
eessi_xccl,0,gdr3,NA,NA,3,osu_xccl_alltoall,8,2,512,27.03
eessi_xccl,0,gdr3,NA,NA,3,osu_xccl_alltoall,8,2,1024,27.38
eessi_xccl,0,gdr3,NA,NA,3,osu_xccl_alltoall,8,2,2048,28.15
eessi_xccl,0,gdr3,NA,NA,3,osu_xccl_alltoall,8,2,4096,29.74
eessi_xccl,0,gdr3,NA,NA,3,osu_xccl_alltoall,8,2,8192,30.44
eessi_xccl,0,gdr3,NA,NA,3,osu_xccl_alltoall,8,2,16384,33.78
eessi_xccl,0,gdr3,NA,NA,3,osu_xccl_alltoall,8,2,32768,40.82
eessi_xccl,0,gdr3,NA,NA,3,osu_xccl_alltoall,8,2,65536,39.69
eessi_xccl,0,gdr3,NA,NA,3,osu_xccl_alltoall,8,2,131072,46.70
eessi_xccl,0,gdr3,NA,NA,3,osu_xccl_alltoall,8,2,262144,64.67
eessi_xccl,0,gdr3,NA,NA,3,osu_xccl_alltoall,8,2,524288,98.52
eessi_xccl,0,gdr3,NA,NA,3,osu_xccl_alltoall,8,2,1048576,166.13
eessi_xccl,0,gdr3,NA,NA,3,osu_xccl_alltoall,8,3,1,26.67
eessi_xccl,0,gdr3,NA,NA,3,osu_xccl_alltoall,8,3,2,26.54
eessi_xccl,0,gdr3,NA,NA,3,osu_xccl_alltoall,8,3,4,26.45
eessi_xccl,0,gdr3,NA,NA,3,osu_xccl_alltoall,8,3,8,26.48
eessi_xccl,0,gdr3,NA,NA,3,osu_xccl_alltoall,8,3,16,26.46
eessi_xccl,0,gdr3,NA,NA,3,osu_xccl_alltoall,8,3,32,26.60
eessi_xccl,0,gdr3,NA,NA,3,osu_xccl_alltoall,8,3,64,26.72
eessi_xccl,0,gdr3,NA,NA,3,osu_xccl_alltoall,8,3,128,26.71
eessi_xccl,0,gdr3,NA,NA,3,osu_xccl_alltoall,8,3,256,26.82
eessi_xccl,0,gdr3,NA,NA,3,osu_xccl_alltoall,8,3,512,26.97
eessi_xccl,0,gdr3,NA,NA,3,osu_xccl_alltoall,8,3,1024,27.24
eessi_xccl,0,gdr3,NA,NA,3,osu_xccl_alltoall,8,3,2048,28.05
eessi_xccl,0,gdr3,NA,NA,3,osu_xccl_alltoall,8,3,4096,29.72
eessi_xccl,0,gdr3,NA,NA,3,osu_xccl_alltoall,8,3,8192,30.45
eessi_xccl,0,gdr3,NA,NA,3,osu_xccl_alltoall,8,3,16384,33.75
eessi_xccl,0,gdr3,NA,NA,3,osu_xccl_alltoall,8,3,32768,40.82
eessi_xccl,0,gdr3,NA,NA,3,osu_xccl_alltoall,8,3,65536,39.52
eessi_xccl,0,gdr3,NA,NA,3,osu_xccl_alltoall,8,3,131072,46.47
eessi_xccl,0,gdr3,NA,NA,3,osu_xccl_alltoall,8,3,262144,64.50
eessi_xccl,0,gdr3,NA,NA,3,osu_xccl_alltoall,8,3,524288,98.32
eessi_xccl,0,gdr3,NA,NA,3,osu_xccl_alltoall,8,3,1048576,165.63
eessi_xccl,0,gdr3,NA,NA,3,osu_xccl_alltoall,8,4,1,27.20
eessi_xccl,0,gdr3,NA,NA,3,osu_xccl_alltoall,8,4,2,26.69
eessi_xccl,0,gdr3,NA,NA,3,osu_xccl_alltoall,8,4,4,26.47
eessi_xccl,0,gdr3,NA,NA,3,osu_xccl_alltoall,8,4,8,28.55
eessi_xccl,0,gdr3,NA,NA,3,osu_xccl_alltoall,8,4,16,31.02
eessi_xccl,0,gdr3,NA,NA,3,osu_xccl_alltoall,8,4,32,31.06
eessi_xccl,0,gdr3,NA,NA,3,osu_xccl_alltoall,8,4,64,27.61
eessi_xccl,0,gdr3,NA,NA,3,osu_xccl_alltoall,8,4,128,26.83
eessi_xccl,0,gdr3,NA,NA,3,osu_xccl_alltoall,8,4,256,26.91
eessi_xccl,0,gdr3,NA,NA,3,osu_xccl_alltoall,8,4,512,27.16
eessi_xccl,0,gdr3,NA,NA,3,osu_xccl_alltoall,8,4,1024,27.42
eessi_xccl,0,gdr3,NA,NA,3,osu_xccl_alltoall,8,4,2048,28.12
eessi_xccl,0,gdr3,NA,NA,3,osu_xccl_alltoall,8,4,4096,29.78
eessi_xccl,0,gdr3,NA,NA,3,osu_xccl_alltoall,8,4,8192,30.53
eessi_xccl,0,gdr3,NA,NA,3,osu_xccl_alltoall,8,4,16384,33.80
eessi_xccl,0,gdr3,NA,NA,3,osu_xccl_alltoall,8,4,32768,40.90
eessi_xccl,0,gdr3,NA,NA,3,osu_xccl_alltoall,8,4,65536,39.66
eessi_xccl,0,gdr3,NA,NA,3,osu_xccl_alltoall,8,4,131072,46.76
eessi_xccl,0,gdr3,NA,NA,3,osu_xccl_alltoall,8,4,262144,64.73
eessi_xccl,0,gdr3,NA,NA,3,osu_xccl_alltoall,8,4,524288,98.60
eessi_xccl,0,gdr3,NA,NA,3,osu_xccl_alltoall,8,4,1048576,166.09
eessi_xccl,0,gdr3,NA,NA,3,osu_xccl_alltoall,8,5,1,33.03
eessi_xccl,0,gdr3,NA,NA,3,osu_xccl_alltoall,8,5,2,32.81
eessi_xccl,0,gdr3,NA,NA,3,osu_xccl_alltoall,8,5,4,32.87
eessi_xccl,0,gdr3,NA,NA,3,osu_xccl_alltoall,8,5,8,32.90
eessi_xccl,0,gdr3,NA,NA,3,osu_xccl_alltoall,8,5,16,32.88
eessi_xccl,0,gdr3,NA,NA,3,osu_xccl_alltoall,8,5,32,32.98
eessi_xccl,0,gdr3,NA,NA,3,osu_xccl_alltoall,8,5,64,33.11
eessi_xccl,0,gdr3,NA,NA,3,osu_xccl_alltoall,8,5,128,33.08
eessi_xccl,0,gdr3,NA,NA,3,osu_xccl_alltoall,8,5,256,33.25
eessi_xccl,0,gdr3,NA,NA,3,osu_xccl_alltoall,8,5,512,33.20
eessi_xccl,0,gdr3,NA,NA,3,osu_xccl_alltoall,8,5,1024,33.63
eessi_xccl,0,gdr3,NA,NA,3,osu_xccl_alltoall,8,5,2048,34.24
eessi_xccl,0,gdr3,NA,NA,3,osu_xccl_alltoall,8,5,4096,35.72
eessi_xccl,0,gdr3,NA,NA,3,osu_xccl_alltoall,8,5,8192,35.94
eessi_xccl,0,gdr3,NA,NA,3,osu_xccl_alltoall,8,5,16384,38.94
eessi_xccl,0,gdr3,NA,NA,3,osu_xccl_alltoall,8,5,32768,46.13
eessi_xccl,0,gdr3,NA,NA,3,osu_xccl_alltoall,8,5,65536,44.68
eessi_xccl,0,gdr3,NA,NA,3,osu_xccl_alltoall,8,5,131072,49.14
eessi_xccl,0,gdr3,NA,NA,3,osu_xccl_alltoall,8,5,262144,66.08
eessi_xccl,0,gdr3,NA,NA,3,osu_xccl_alltoall,8,5,524288,99.29
eessi_xccl,0,gdr3,NA,NA,3,osu_xccl_alltoall,8,5,1048576,166.28
eessi_xccl,0,gdr3,NA,NA,3,osu_xccl_alltoall,8,6,1,26.58
eessi_xccl,0,gdr3,NA,NA,3,osu_xccl_alltoall,8,6,2,26.50
eessi_xccl,0,gdr3,NA,NA,3,osu_xccl_alltoall,8,6,4,26.39
eessi_xccl,0,gdr3,NA,NA,3,osu_xccl_alltoall,8,6,8,26.48
eessi_xccl,0,gdr3,NA,NA,3,osu_xccl_alltoall,8,6,16,26.42
eessi_xccl,0,gdr3,NA,NA,3,osu_xccl_alltoall,8,6,32,26.54
eessi_xccl,0,gdr3,NA,NA,3,osu_xccl_alltoall,8,6,64,26.74
eessi_xccl,0,gdr3,NA,NA,3,osu_xccl_alltoall,8,6,128,26.63
eessi_xccl,0,gdr3,NA,NA,3,osu_xccl_alltoall,8,6,256,26.86
eessi_xccl,0,gdr3,NA,NA,3,osu_xccl_alltoall,8,6,512,26.96
eessi_xccl,0,gdr3,NA,NA,3,osu_xccl_alltoall,8,6,1024,27.35
eessi_xccl,0,gdr3,NA,NA,3,osu_xccl_alltoall,8,6,2048,28.11
eessi_xccl,0,gdr3,NA,NA,3,osu_xccl_alltoall,8,6,4096,29.70
eessi_xccl,0,gdr3,NA,NA,3,osu_xccl_alltoall,8,6,8192,30.49
eessi_xccl,0,gdr3,NA,NA,3,osu_xccl_alltoall,8,6,16384,33.71
eessi_xccl,0,gdr3,NA,NA,3,osu_xccl_alltoall,8,6,32768,40.78
eessi_xccl,0,gdr3,NA,NA,3,osu_xccl_alltoall,8,6,65536,39.46
eessi_xccl,0,gdr3,NA,NA,3,osu_xccl_alltoall,8,6,131072,46.57
eessi_xccl,0,gdr3,NA,NA,3,osu_xccl_alltoall,8,6,262144,64.43
eessi_xccl,0,gdr3,NA,NA,3,osu_xccl_alltoall,8,6,524288,98.47
eessi_xccl,0,gdr3,NA,NA,3,osu_xccl_alltoall,8,6,1048576,166.17
eessi_xccl,0,paper_full,32,1,3,osu_xccl_allreduce,8,2,4,36.69
eessi_xccl,0,paper_full,32,1,3,osu_xccl_allreduce,8,2,8,36.30
eessi_xccl,0,paper_full,32,1,3,osu_xccl_allreduce,8,2,16,36.12
eessi_xccl,0,paper_full,32,1,3,osu_xccl_allreduce,8,2,32,37.92
eessi_xccl,0,paper_full,32,1,3,osu_xccl_allreduce,8,2,64,41.05
eessi_xccl,0,paper_full,32,1,3,osu_xccl_allreduce,8,2,128,46.90
eessi_xccl,0,paper_full,32,1,3,osu_xccl_allreduce,8,2,256,46.92
eessi_xccl,0,paper_full,32,1,3,osu_xccl_allreduce,8,2,512,47.38
eessi_xccl,0,paper_full,32,1,3,osu_xccl_allreduce,8,2,1024,47.46
eessi_xccl,0,paper_full,32,1,3,osu_xccl_allreduce,8,2,2048,48.55
eessi_xccl,0,paper_full,32,1,3,osu_xccl_allreduce,8,2,4096,49.34
eessi_xccl,0,paper_full,32,1,3,osu_xccl_allreduce,8,2,8192,50.51
eessi_xccl,0,paper_full,32,1,3,osu_xccl_allreduce,8,2,16384,51.52
eessi_xccl,0,paper_full,32,1,3,osu_xccl_allreduce,8,2,32768,51.21
eessi_xccl,0,paper_full,32,1,3,osu_xccl_allreduce,8,2,65536,51.24
eessi_xccl,0,paper_full,32,1,3,osu_xccl_allreduce,8,2,131072,52.19
eessi_xccl,0,paper_full,32,1,3,osu_xccl_allreduce,8,2,262144,85.69
eessi_xccl,0,paper_full,32,1,3,osu_xccl_allreduce,8,2,524288,109.14
eessi_xccl,0,paper_full,32,1,3,osu_xccl_allreduce,8,2,1048576,121.65
eessi_xccl,0,paper_full,32,1,3,osu_xccl_allreduce,8,3,4,36.58
eessi_xccl,0,paper_full,32,1,3,osu_xccl_allreduce,8,3,8,36.34
eessi_xccl,0,paper_full,32,1,3,osu_xccl_allreduce,8,3,16,36.26
eessi_xccl,0,paper_full,32,1,3,osu_xccl_allreduce,8,3,32,38.22
eessi_xccl,0,paper_full,32,1,3,osu_xccl_allreduce,8,3,64,41.13
eessi_xccl,0,paper_full,32,1,3,osu_xccl_allreduce,8,3,128,46.98
eessi_xccl,0,paper_full,32,1,3,osu_xccl_allreduce,8,3,256,46.97
eessi_xccl,0,paper_full,32,1,3,osu_xccl_allreduce,8,3,512,47.43
eessi_xccl,0,paper_full,32,1,3,osu_xccl_allreduce,8,3,1024,47.64
eessi_xccl,0,paper_full,32,1,3,osu_xccl_allreduce,8,3,2048,48.09
eessi_xccl,0,paper_full,32,1,3,osu_xccl_allreduce,8,3,4096,49.30
eessi_xccl,0,paper_full,32,1,3,osu_xccl_allreduce,8,3,8192,50.48
eessi_xccl,0,paper_full,32,1,3,osu_xccl_allreduce,8,3,16384,51.59
eessi_xccl,0,paper_full,32,1,3,osu_xccl_allreduce,8,3,32768,51.15
eessi_xccl,0,paper_full,32,1,3,osu_xccl_allreduce,8,3,65536,51.55
eessi_xccl,0,paper_full,32,1,3,osu_xccl_allreduce,8,3,131072,52.23
eessi_xccl,0,paper_full,32,1,3,osu_xccl_allreduce,8,3,262144,85.52
eessi_xccl,0,paper_full,32,1,3,osu_xccl_allreduce,8,3,524288,109.25
eessi_xccl,0,paper_full,32,1,3,osu_xccl_allreduce,8,3,1048576,121.24
eessi_xccl,0,paper_full,32,1,3,osu_xccl_allreduce,8,4,4,36.54
eessi_xccl,0,paper_full,32,1,3,osu_xccl_allreduce,8,4,8,36.17
eessi_xccl,0,paper_full,32,1,3,osu_xccl_allreduce,8,4,16,36.04
eessi_xccl,0,paper_full,32,1,3,osu_xccl_allreduce,8,4,32,38.07
eessi_xccl,0,paper_full,32,1,3,osu_xccl_allreduce,8,4,64,40.90
eessi_xccl,0,paper_full,32,1,3,osu_xccl_allreduce,8,4,128,46.83
eessi_xccl,0,paper_full,32,1,3,osu_xccl_allreduce,8,4,256,46.81
eessi_xccl,0,paper_full,32,1,3,osu_xccl_allreduce,8,4,512,47.25
eessi_xccl,0,paper_full,32,1,3,osu_xccl_allreduce,8,4,1024,47.90
eessi_xccl,0,paper_full,32,1,3,osu_xccl_allreduce,8,4,2048,48.29
eessi_xccl,0,paper_full,32,1,3,osu_xccl_allreduce,8,4,4096,49.06
eessi_xccl,0,paper_full,32,1,3,osu_xccl_allreduce,8,4,8192,50.57
eessi_xccl,0,paper_full,32,1,3,osu_xccl_allreduce,8,4,16384,51.37
eessi_xccl,0,paper_full,32,1,3,osu_xccl_allreduce,8,4,32768,50.69
eessi_xccl,0,paper_full,32,1,3,osu_xccl_allreduce,8,4,65536,50.79
eessi_xccl,0,paper_full,32,1,3,osu_xccl_allreduce,8,4,131072,51.68
eessi_xccl,0,paper_full,32,1,3,osu_xccl_allreduce,8,4,262144,84.82
eessi_xccl,0,paper_full,32,1,3,osu_xccl_allreduce,8,4,524288,108.65
eessi_xccl,0,paper_full,32,1,3,osu_xccl_allreduce,8,4,1048576,120.67
eessi_xccl,0,paper_full,32,1,3,osu_xccl_allreduce,8,5,4,36.32
eessi_xccl,0,paper_full,32,1,3,osu_xccl_allreduce,8,5,8,36.05
eessi_xccl,0,paper_full,32,1,3,osu_xccl_allreduce,8,5,16,35.89
eessi_xccl,0,paper_full,32,1,3,osu_xccl_allreduce,8,5,32,37.76
eessi_xccl,0,paper_full,32,1,3,osu_xccl_allreduce,8,5,64,40.97
eessi_xccl,0,paper_full,32,1,3,osu_xccl_allreduce,8,5,128,46.79
eessi_xccl,0,paper_full,32,1,3,osu_xccl_allreduce,8,5,256,46.79
eessi_xccl,0,paper_full,32,1,3,osu_xccl_allreduce,8,5,512,47.12
eessi_xccl,0,paper_full,32,1,3,osu_xccl_allreduce,8,5,1024,47.59
eessi_xccl,0,paper_full,32,1,3,osu_xccl_allreduce,8,5,2048,48.47
eessi_xccl,0,paper_full,32,1,3,osu_xccl_allreduce,8,5,4096,49.06
eessi_xccl,0,paper_full,32,1,3,osu_xccl_allreduce,8,5,8192,50.29
eessi_xccl,0,paper_full,32,1,3,osu_xccl_allreduce,8,5,16384,51.45
eessi_xccl,0,paper_full,32,1,3,osu_xccl_allreduce,8,5,32768,51.28
eessi_xccl,0,paper_full,32,1,3,osu_xccl_allreduce,8,5,65536,51.28
eessi_xccl,0,paper_full,32,1,3,osu_xccl_allreduce,8,5,131072,52.17
eessi_xccl,0,paper_full,32,1,3,osu_xccl_allreduce,8,5,262144,85.77
eessi_xccl,0,paper_full,32,1,3,osu_xccl_allreduce,8,5,524288,109.59
eessi_xccl,0,paper_full,32,1,3,osu_xccl_allreduce,8,5,1048576,121.62
eessi_xccl,0,paper_full,32,1,3,osu_xccl_allreduce,8,6,4,36.56
eessi_xccl,0,paper_full,32,1,3,osu_xccl_allreduce,8,6,8,36.31
eessi_xccl,0,paper_full,32,1,3,osu_xccl_allreduce,8,6,16,36.24
eessi_xccl,0,paper_full,32,1,3,osu_xccl_allreduce,8,6,32,38.28
eessi_xccl,0,paper_full,32,1,3,osu_xccl_allreduce,8,6,64,41.46
eessi_xccl,0,paper_full,32,1,3,osu_xccl_allreduce,8,6,128,47.07
eessi_xccl,0,paper_full,32,1,3,osu_xccl_allreduce,8,6,256,47.13
eessi_xccl,0,paper_full,32,1,3,osu_xccl_allreduce,8,6,512,47.51
eessi_xccl,0,paper_full,32,1,3,osu_xccl_allreduce,8,6,1024,47.98
eessi_xccl,0,paper_full,32,1,3,osu_xccl_allreduce,8,6,2048,48.68
eessi_xccl,0,paper_full,32,1,3,osu_xccl_allreduce,8,6,4096,49.38
eessi_xccl,0,paper_full,32,1,3,osu_xccl_allreduce,8,6,8192,50.68
eessi_xccl,0,paper_full,32,1,3,osu_xccl_allreduce,8,6,16384,51.91
eessi_xccl,0,paper_full,32,1,3,osu_xccl_allreduce,8,6,32768,51.57
eessi_xccl,0,paper_full,32,1,3,osu_xccl_allreduce,8,6,65536,51.42
eessi_xccl,0,paper_full,32,1,3,osu_xccl_allreduce,8,6,131072,52.57
eessi_xccl,0,paper_full,32,1,3,osu_xccl_allreduce,8,6,262144,86.12
eessi_xccl,0,paper_full,32,1,3,osu_xccl_allreduce,8,6,524288,109.73
eessi_xccl,0,paper_full,32,1,3,osu_xccl_allreduce,8,6,1048576,122.06
eessi_xccl,0,paper_full,32,1,3,osu_xccl_alltoall,8,2,1,89.41
eessi_xccl,0,paper_full,32,1,3,osu_xccl_alltoall,8,2,2,89.31
eessi_xccl,0,paper_full,32,1,3,osu_xccl_alltoall,8,2,4,89.30
eessi_xccl,0,paper_full,32,1,3,osu_xccl_alltoall,8,2,8,89.61
eessi_xccl,0,paper_full,32,1,3,osu_xccl_alltoall,8,2,16,89.89
eessi_xccl,0,paper_full,32,1,3,osu_xccl_alltoall,8,2,32,90.41
eessi_xccl,0,paper_full,32,1,3,osu_xccl_alltoall,8,2,64,90.82
eessi_xccl,0,paper_full,32,1,3,osu_xccl_alltoall,8,2,128,91.43
eessi_xccl,0,paper_full,32,1,3,osu_xccl_alltoall,8,2,256,92.21
eessi_xccl,0,paper_full,32,1,3,osu_xccl_alltoall,8,2,512,93.71
eessi_xccl,0,paper_full,32,1,3,osu_xccl_alltoall,8,2,1024,95.16
eessi_xccl,0,paper_full,32,1,3,osu_xccl_alltoall,8,2,2048,100.97
eessi_xccl,0,paper_full,32,1,3,osu_xccl_alltoall,8,2,4096,113.21
eessi_xccl,0,paper_full,32,1,3,osu_xccl_alltoall,8,2,8192,108.23
eessi_xccl,0,paper_full,32,1,3,osu_xccl_alltoall,8,2,16384,130.91
eessi_xccl,0,paper_full,32,1,3,osu_xccl_alltoall,8,2,32768,178.20
eessi_xccl,0,paper_full,32,1,3,osu_xccl_alltoall,8,2,65536,278.01
eessi_xccl,0,paper_full,32,1,3,osu_xccl_alltoall,8,2,131072,479.69
eessi_xccl,0,paper_full,32,1,3,osu_xccl_alltoall,8,2,262144,881.72
eessi_xccl,0,paper_full,32,1,3,osu_xccl_alltoall,8,2,524288,1684.58
eessi_xccl,0,paper_full,32,1,3,osu_xccl_alltoall,8,2,1048576,749.78
eessi_xccl,0,paper_full,32,1,3,osu_xccl_alltoall,8,3,1,87.75
eessi_xccl,0,paper_full,32,1,3,osu_xccl_alltoall,8,3,2,87.63
eessi_xccl,0,paper_full,32,1,3,osu_xccl_alltoall,8,3,4,87.60
eessi_xccl,0,paper_full,32,1,3,osu_xccl_alltoall,8,3,8,88.06
eessi_xccl,0,paper_full,32,1,3,osu_xccl_alltoall,8,3,16,87.77
eessi_xccl,0,paper_full,32,1,3,osu_xccl_alltoall,8,3,32,87.93
eessi_xccl,0,paper_full,32,1,3,osu_xccl_alltoall,8,3,64,88.72
eessi_xccl,0,paper_full,32,1,3,osu_xccl_alltoall,8,3,128,89.48
eessi_xccl,0,paper_full,32,1,3,osu_xccl_alltoall,8,3,256,90.46
eessi_xccl,0,paper_full,32,1,3,osu_xccl_alltoall,8,3,512,91.72
eessi_xccl,0,paper_full,32,1,3,osu_xccl_alltoall,8,3,1024,92.79
eessi_xccl,0,paper_full,32,1,3,osu_xccl_alltoall,8,3,2048,99.76
eessi_xccl,0,paper_full,32,1,3,osu_xccl_alltoall,8,3,4096,111.79
eessi_xccl,0,paper_full,32,1,3,osu_xccl_alltoall,8,3,8192,107.10
eessi_xccl,0,paper_full,32,1,3,osu_xccl_alltoall,8,3,16384,129.60
eessi_xccl,0,paper_full,32,1,3,osu_xccl_alltoall,8,3,32768,177.74
eessi_xccl,0,paper_full,32,1,3,osu_xccl_alltoall,8,3,65536,277.66
eessi_xccl,0,paper_full,32,1,3,osu_xccl_alltoall,8,3,131072,479.74
eessi_xccl,0,paper_full,32,1,3,osu_xccl_alltoall,8,3,262144,880.95
eessi_xccl,0,paper_full,32,1,3,osu_xccl_alltoall,8,3,524288,1683.08
eessi_xccl,0,paper_full,32,1,3,osu_xccl_alltoall,8,3,1048576,721.77
eessi_xccl,0,paper_full,32,1,3,osu_xccl_alltoall,8,4,1,88.02
eessi_xccl,0,paper_full,32,1,3,osu_xccl_alltoall,8,4,2,87.87
eessi_xccl,0,paper_full,32,1,3,osu_xccl_alltoall,8,4,4,87.99
eessi_xccl,0,paper_full,32,1,3,osu_xccl_alltoall,8,4,8,88.24
eessi_xccl,0,paper_full,32,1,3,osu_xccl_alltoall,8,4,16,88.19
eessi_xccl,0,paper_full,32,1,3,osu_xccl_alltoall,8,4,32,88.47
eessi_xccl,0,paper_full,32,1,3,osu_xccl_alltoall,8,4,64,89.33
eessi_xccl,0,paper_full,32,1,3,osu_xccl_alltoall,8,4,128,89.86
eessi_xccl,0,paper_full,32,1,3,osu_xccl_alltoall,8,4,256,90.91
eessi_xccl,0,paper_full,32,1,3,osu_xccl_alltoall,8,4,512,92.39
eessi_xccl,0,paper_full,32,1,3,osu_xccl_alltoall,8,4,1024,95.31
eessi_xccl,0,paper_full,32,1,3,osu_xccl_alltoall,8,4,2048,100.27
eessi_xccl,0,paper_full,32,1,3,osu_xccl_alltoall,8,4,4096,111.79
eessi_xccl,0,paper_full,32,1,3,osu_xccl_alltoall,8,4,8192,107.12
eessi_xccl,0,paper_full,32,1,3,osu_xccl_alltoall,8,4,16384,129.81
eessi_xccl,0,paper_full,32,1,3,osu_xccl_alltoall,8,4,32768,177.85
eessi_xccl,0,paper_full,32,1,3,osu_xccl_alltoall,8,4,65536,277.21
eessi_xccl,0,paper_full,32,1,3,osu_xccl_alltoall,8,4,131072,480.09
eessi_xccl,0,paper_full,32,1,3,osu_xccl_alltoall,8,4,262144,882.10
eessi_xccl,0,paper_full,32,1,3,osu_xccl_alltoall,8,4,524288,1685.02
eessi_xccl,0,paper_full,32,1,3,osu_xccl_alltoall,8,4,1048576,722.65
eessi_xccl,0,paper_full,32,1,3,osu_xccl_alltoall,8,5,1,89.08
eessi_xccl,0,paper_full,32,1,3,osu_xccl_alltoall,8,5,2,88.87
eessi_xccl,0,paper_full,32,1,3,osu_xccl_alltoall,8,5,4,88.94
eessi_xccl,0,paper_full,32,1,3,osu_xccl_alltoall,8,5,8,89.43
eessi_xccl,0,paper_full,32,1,3,osu_xccl_alltoall,8,5,16,89.29
eessi_xccl,0,paper_full,32,1,3,osu_xccl_alltoall,8,5,32,89.60
eessi_xccl,0,paper_full,32,1,3,osu_xccl_alltoall,8,5,64,90.34
eessi_xccl,0,paper_full,32,1,3,osu_xccl_alltoall,8,5,128,91.00
eessi_xccl,0,paper_full,32,1,3,osu_xccl_alltoall,8,5,256,91.99
eessi_xccl,0,paper_full,32,1,3,osu_xccl_alltoall,8,5,512,93.13
eessi_xccl,0,paper_full,32,1,3,osu_xccl_alltoall,8,5,1024,94.93
eessi_xccl,0,paper_full,32,1,3,osu_xccl_alltoall,8,5,2048,100.34
eessi_xccl,0,paper_full,32,1,3,osu_xccl_alltoall,8,5,4096,112.76
eessi_xccl,0,paper_full,32,1,3,osu_xccl_alltoall,8,5,8192,107.48
eessi_xccl,0,paper_full,32,1,3,osu_xccl_alltoall,8,5,16384,130.46
eessi_xccl,0,paper_full,32,1,3,osu_xccl_alltoall,8,5,32768,178.53
eessi_xccl,0,paper_full,32,1,3,osu_xccl_alltoall,8,5,65536,277.48
eessi_xccl,0,paper_full,32,1,3,osu_xccl_alltoall,8,5,131072,480.23
eessi_xccl,0,paper_full,32,1,3,osu_xccl_alltoall,8,5,262144,882.97
eessi_xccl,0,paper_full,32,1,3,osu_xccl_alltoall,8,5,524288,1686.19
eessi_xccl,0,paper_full,32,1,3,osu_xccl_alltoall,8,5,1048576,726.51
eessi_xccl,0,paper_full,32,1,3,osu_xccl_alltoall,8,6,1,87.07
eessi_xccl,0,paper_full,32,1,3,osu_xccl_alltoall,8,6,2,86.83
eessi_xccl,0,paper_full,32,1,3,osu_xccl_alltoall,8,6,4,86.94
eessi_xccl,0,paper_full,32,1,3,osu_xccl_alltoall,8,6,8,87.43
eessi_xccl,0,paper_full,32,1,3,osu_xccl_alltoall,8,6,16,87.37
eessi_xccl,0,paper_full,32,1,3,osu_xccl_alltoall,8,6,32,87.71
eessi_xccl,0,paper_full,32,1,3,osu_xccl_alltoall,8,6,64,88.62
eessi_xccl,0,paper_full,32,1,3,osu_xccl_alltoall,8,6,128,89.31
eessi_xccl,0,paper_full,32,1,3,osu_xccl_alltoall,8,6,256,90.47
eessi_xccl,0,paper_full,32,1,3,osu_xccl_alltoall,8,6,512,91.63
eessi_xccl,0,paper_full,32,1,3,osu_xccl_alltoall,8,6,1024,92.93
eessi_xccl,0,paper_full,32,1,3,osu_xccl_alltoall,8,6,2048,98.89
eessi_xccl,0,paper_full,32,1,3,osu_xccl_alltoall,8,6,4096,110.98
eessi_xccl,0,paper_full,32,1,3,osu_xccl_alltoall,8,6,8192,105.71
eessi_xccl,0,paper_full,32,1,3,osu_xccl_alltoall,8,6,16384,128.83
eessi_xccl,0,paper_full,32,1,3,osu_xccl_alltoall,8,6,32768,176.95
eessi_xccl,0,paper_full,32,1,3,osu_xccl_alltoall,8,6,65536,276.38
eessi_xccl,0,paper_full,32,1,3,osu_xccl_alltoall,8,6,131072,478.79
eessi_xccl,0,paper_full,32,1,3,osu_xccl_alltoall,8,6,262144,881.74
eessi_xccl,0,paper_full,32,1,3,osu_xccl_alltoall,8,6,524288,1685.16
eessi_xccl,0,paper_full,32,1,3,osu_xccl_alltoall,8,6,1048576,733.87
