config_label,pairing_desc,num_pairs,run,size_bytes,bandwidth_MBps,msg_rate_Mps
cfg_routed_split,(0,4)(1,5)(2,6)(3,7) all_routed,4,2,1,10.06,10062865.39
cfg_routed_split,(0,4)(1,5)(2,6)(3,7) all_routed,4,2,2,20.37,10183038.12
cfg_routed_split,(0,4)(1,5)(2,6)(3,7) all_routed,4,2,4,41.49,10373680.43
cfg_routed_split,(0,4)(1,5)(2,6)(3,7) all_routed,4,2,8,83.97,10495814.49
cfg_routed_split,(0,4)(1,5)(2,6)(3,7) all_routed,4,2,16,167.71,10481973.21
cfg_routed_split,(0,4)(1,5)(2,6)(3,7) all_routed,4,2,32,335.11,10472181.89
cfg_routed_split,(0,4)(1,5)(2,6)(3,7) all_routed,4,2,64,664.21,10378263.38
cfg_routed_split,(0,4)(1,5)(2,6)(3,7) all_routed,4,2,128,95.55,746455.30
cfg_routed_split,(0,4)(1,5)(2,6)(3,7) all_routed,4,2,256,190.56,744372.91
cfg_routed_split,(0,4)(1,5)(2,6)(3,7) all_routed,4,2,512,376.26,734880.71
cfg_routed_split,(0,4)(1,5)(2,6)(3,7) all_routed,4,2,1024,742.17,724773.78
cfg_routed_split,(0,4)(1,5)(2,6)(3,7) all_routed,4,2,2048,1459.17,712484.23
cfg_routed_split,(0,4)(1,5)(2,6)(3,7) all_routed,4,2,4096,2855.18,697064.84
cfg_routed_split,(0,4)(1,5)(2,6)(3,7) all_routed,4,2,8192,5541.60,676464.31
cfg_routed_split,(0,4)(1,5)(2,6)(3,7) all_routed,4,2,16384,10630.43,648830.24
cfg_routed_split,(0,4)(1,5)(2,6)(3,7) all_routed,4,2,32768,19873.95,606504.72
cfg_routed_split,(0,4)(1,5)(2,6)(3,7) all_routed,4,2,65536,35762.74,545696.05
cfg_routed_split,(0,4)(1,5)(2,6)(3,7) all_routed,4,2,131072,58109.74,443342.09
cfg_routed_split,(0,4)(1,5)(2,6)(3,7) all_routed,4,2,262144,83045.29,316792.62
cfg_routed_split,(0,4)(1,5)(2,6)(3,7) all_routed,4,2,524288,106544.62,203217.74
cfg_routed_split,(0,4)(1,5)(2,6)(3,7) all_routed,4,2,1048576,123961.33,118218.74
cfg_routed_split,(0,4)(1,5)(2,6)(3,7) all_routed,4,2,2097152,133939.03,63867.11
cfg_routed_split,(0,4)(1,5)(2,6)(3,7) all_routed,4,2,4194304,138161.38,32940.24
cfg_routed_split,(0,4)(1,5)(2,6)(3,7) all_routed,4,3,1,10.10,10104696.10
cfg_routed_split,(0,4)(1,5)(2,6)(3,7) all_routed,4,3,2,20.95,10477296.09
cfg_routed_split,(0,4)(1,5)(2,6)(3,7) all_routed,4,3,4,42.73,10682170.28
cfg_routed_split,(0,4)(1,5)(2,6)(3,7) all_routed,4,3,8,86.05,10756131.91
cfg_routed_split,(0,4)(1,5)(2,6)(3,7) all_routed,4,3,16,175.42,10963848.64
cfg_routed_split,(0,4)(1,5)(2,6)(3,7) all_routed,4,3,32,352.03,11000918.10
cfg_routed_split,(0,4)(1,5)(2,6)(3,7) all_routed,4,3,64,694.81,10856425.68
cfg_routed_split,(0,4)(1,5)(2,6)(3,7) all_routed,4,3,128,95.34,744843.06
cfg_routed_split,(0,4)(1,5)(2,6)(3,7) all_routed,4,3,256,190.40,743758.32
cfg_routed_split,(0,4)(1,5)(2,6)(3,7) all_routed,4,3,512,377.07,736462.23
cfg_routed_split,(0,4)(1,5)(2,6)(3,7) all_routed,4,3,1024,744.73,727275.32
cfg_routed_split,(0,4)(1,5)(2,6)(3,7) all_routed,4,3,2048,1455.00,710451.08
cfg_routed_split,(0,4)(1,5)(2,6)(3,7) all_routed,4,3,4096,2850.75,695984.18
cfg_routed_split,(0,4)(1,5)(2,6)(3,7) all_routed,4,3,8192,5533.72,675502.44
cfg_routed_split,(0,4)(1,5)(2,6)(3,7) all_routed,4,3,16384,10625.17,648508.97
cfg_routed_split,(0,4)(1,5)(2,6)(3,7) all_routed,4,3,32768,19916.55,607804.96
cfg_routed_split,(0,4)(1,5)(2,6)(3,7) all_routed,4,3,65536,35765.28,545734.94
cfg_routed_split,(0,4)(1,5)(2,6)(3,7) all_routed,4,3,131072,58185.20,443917.82
cfg_routed_split,(0,4)(1,5)(2,6)(3,7) all_routed,4,3,262144,82531.70,314833.45
cfg_routed_split,(0,4)(1,5)(2,6)(3,7) all_routed,4,3,524288,105940.39,202065.26
cfg_routed_split,(0,4)(1,5)(2,6)(3,7) all_routed,4,3,1048576,123646.19,117918.19
cfg_routed_split,(0,4)(1,5)(2,6)(3,7) all_routed,4,3,2097152,134083.67,63936.08
cfg_routed_split,(0,4)(1,5)(2,6)(3,7) all_routed,4,3,4194304,138256.97,32963.03
cfg_routed_split,(0,4)(1,5)(2,6)(3,7) all_routed,4,4,1,9.97,9967763.44
cfg_routed_split,(0,4)(1,5)(2,6)(3,7) all_routed,4,4,2,20.29,10144129.86
cfg_routed_split,(0,4)(1,5)(2,6)(3,7) all_routed,4,4,4,41.38,10345937.22
cfg_routed_split,(0,4)(1,5)(2,6)(3,7) all_routed,4,4,8,83.61,10451469.81
cfg_routed_split,(0,4)(1,5)(2,6)(3,7) all_routed,4,4,16,165.71,10356815.56
cfg_routed_split,(0,4)(1,5)(2,6)(3,7) all_routed,4,4,32,334.26,10445665.76
cfg_routed_split,(0,4)(1,5)(2,6)(3,7) all_routed,4,4,64,662.57,10352697.39
cfg_routed_split,(0,4)(1,5)(2,6)(3,7) all_routed,4,4,128,95.80,748465.89
cfg_routed_split,(0,4)(1,5)(2,6)(3,7) all_routed,4,4,256,189.43,739975.85
cfg_routed_split,(0,4)(1,5)(2,6)(3,7) all_routed,4,4,512,378.42,739093.59
cfg_routed_split,(0,4)(1,5)(2,6)(3,7) all_routed,4,4,1024,742.16,724763.59
cfg_routed_split,(0,4)(1,5)(2,6)(3,7) all_routed,4,4,2048,1463.25,714478.00
cfg_routed_split,(0,4)(1,5)(2,6)(3,7) all_routed,4,4,4096,2856.39,697361.92
cfg_routed_split,(0,4)(1,5)(2,6)(3,7) all_routed,4,4,8192,5539.07,676155.85
cfg_routed_split,(0,4)(1,5)(2,6)(3,7) all_routed,4,4,16384,10639.76,649399.49
cfg_routed_split,(0,4)(1,5)(2,6)(3,7) all_routed,4,4,32768,19920.04,607911.45
cfg_routed_split,(0,4)(1,5)(2,6)(3,7) all_routed,4,4,65536,35776.51,545906.18
cfg_routed_split,(0,4)(1,5)(2,6)(3,7) all_routed,4,4,131072,58096.23,443239.07
cfg_routed_split,(0,4)(1,5)(2,6)(3,7) all_routed,4,4,262144,82752.46,315675.59
cfg_routed_split,(0,4)(1,5)(2,6)(3,7) all_routed,4,4,524288,106363.00,202871.33
cfg_routed_split,(0,4)(1,5)(2,6)(3,7) all_routed,4,4,1048576,123851.80,118114.28
cfg_routed_split,(0,4)(1,5)(2,6)(3,7) all_routed,4,4,2097152,134241.30,64011.24
cfg_routed_split,(0,4)(1,5)(2,6)(3,7) all_routed,4,4,4194304,138228.41,32956.22
cfg_routed_split,(0,4)(1,5)(2,6)(3,7) all_routed,4,5,1,10.11,10113212.68
cfg_routed_split,(0,4)(1,5)(2,6)(3,7) all_routed,4,5,2,21.05,10525060.75
cfg_routed_split,(0,4)(1,5)(2,6)(3,7) all_routed,4,5,4,42.69,10672819.10
cfg_routed_split,(0,4)(1,5)(2,6)(3,7) all_routed,4,5,8,85.54,10692311.51
cfg_routed_split,(0,4)(1,5)(2,6)(3,7) all_routed,4,5,16,170.65,10665526.79
cfg_routed_split,(0,4)(1,5)(2,6)(3,7) all_routed,4,5,32,340.23,10632163.08
cfg_routed_split,(0,4)(1,5)(2,6)(3,7) all_routed,4,5,64,674.79,10543595.45
cfg_routed_split,(0,4)(1,5)(2,6)(3,7) all_routed,4,5,128,95.89,749108.80
cfg_routed_split,(0,4)(1,5)(2,6)(3,7) all_routed,4,5,256,191.02,746187.40
cfg_routed_split,(0,4)(1,5)(2,6)(3,7) all_routed,4,5,512,378.97,740176.36
cfg_routed_split,(0,4)(1,5)(2,6)(3,7) all_routed,4,5,1024,752.09,734466.22
cfg_routed_split,(0,4)(1,5)(2,6)(3,7) all_routed,4,5,2048,1476.17,720786.99
cfg_routed_split,(0,4)(1,5)(2,6)(3,7) all_routed,4,5,4096,2885.21,704396.47
cfg_routed_split,(0,4)(1,5)(2,6)(3,7) all_routed,4,5,8192,5599.28,683505.89
cfg_routed_split,(0,4)(1,5)(2,6)(3,7) all_routed,4,5,16384,10737.20,655346.39
cfg_routed_split,(0,4)(1,5)(2,6)(3,7) all_routed,4,5,32768,20181.25,615882.90
cfg_routed_split,(0,4)(1,5)(2,6)(3,7) all_routed,4,5,65536,36457.79,556301.80
cfg_routed_split,(0,4)(1,5)(2,6)(3,7) all_routed,4,5,131072,59003.39,450160.12
cfg_routed_split,(0,4)(1,5)(2,6)(3,7) all_routed,4,5,262144,83979.46,320356.20
cfg_routed_split,(0,4)(1,5)(2,6)(3,7) all_routed,4,5,524288,107613.43,205256.33
cfg_routed_split,(0,4)(1,5)(2,6)(3,7) all_routed,4,5,1048576,124315.57,118556.56
cfg_routed_split,(0,4)(1,5)(2,6)(3,7) all_routed,4,5,2097152,134222.80,64002.42
cfg_routed_split,(0,4)(1,5)(2,6)(3,7) all_routed,4,5,4194304,138253.20,32962.13
cfg_routed_split,(0,4)(1,5)(2,6)(3,7) all_routed,4,6,1,10.12,10115703.30
cfg_routed_split,(0,4)(1,5)(2,6)(3,7) all_routed,4,6,2,19.99,9992842.04
cfg_routed_split,(0,4)(1,5)(2,6)(3,7) all_routed,4,6,4,41.09,10271413.06
cfg_routed_split,(0,4)(1,5)(2,6)(3,7) all_routed,4,6,8,83.74,10467349.79
cfg_routed_split,(0,4)(1,5)(2,6)(3,7) all_routed,4,6,16,167.79,10487138.87
cfg_routed_split,(0,4)(1,5)(2,6)(3,7) all_routed,4,6,32,335.13,10472901.62
cfg_routed_split,(0,4)(1,5)(2,6)(3,7) all_routed,4,6,64,671.33,10489514.07
cfg_routed_split,(0,4)(1,5)(2,6)(3,7) all_routed,4,6,128,96.00,749990.87
cfg_routed_split,(0,4)(1,5)(2,6)(3,7) all_routed,4,6,256,190.04,742341.79
cfg_routed_split,(0,4)(1,5)(2,6)(3,7) all_routed,4,6,512,375.96,734306.59
cfg_routed_split,(0,4)(1,5)(2,6)(3,7) all_routed,4,6,1024,742.19,724798.73
cfg_routed_split,(0,4)(1,5)(2,6)(3,7) all_routed,4,6,2048,1463.43,714566.66
cfg_routed_split,(0,4)(1,5)(2,6)(3,7) all_routed,4,6,4096,2882.16,703651.22
cfg_routed_split,(0,4)(1,5)(2,6)(3,7) all_routed,4,6,8192,5583.29,681554.17
cfg_routed_split,(0,4)(1,5)(2,6)(3,7) all_routed,4,6,16384,10726.84,654714.38
cfg_routed_split,(0,4)(1,5)(2,6)(3,7) all_routed,4,6,32768,20085.97,612975.17
cfg_routed_split,(0,4)(1,5)(2,6)(3,7) all_routed,4,6,65536,36115.17,551073.73
cfg_routed_split,(0,4)(1,5)(2,6)(3,7) all_routed,4,6,131072,58642.08,447403.59
cfg_routed_split,(0,4)(1,5)(2,6)(3,7) all_routed,4,6,262144,83515.90,318587.89
cfg_routed_split,(0,4)(1,5)(2,6)(3,7) all_routed,4,6,524288,107127.17,204328.87
cfg_routed_split,(0,4)(1,5)(2,6)(3,7) all_routed,4,6,1048576,124481.13,118714.46
cfg_routed_split,(0,4)(1,5)(2,6)(3,7) all_routed,4,6,2097152,134433.91,64103.08
cfg_routed_split,(0,4)(1,5)(2,6)(3,7) all_routed,4,6,4194304,138348.14,32984.77
cfg_intra_pkg,(0,1)(2,3)(4,5)(6,7) all_intra_pkg_4link,4,2,1,10.18,10183123.18
cfg_intra_pkg,(0,1)(2,3)(4,5)(6,7) all_intra_pkg_4link,4,2,2,21.41,10703143.20
cfg_intra_pkg,(0,1)(2,3)(4,5)(6,7) all_intra_pkg_4link,4,2,4,43.61,10902360.95
cfg_intra_pkg,(0,1)(2,3)(4,5)(6,7) all_intra_pkg_4link,4,2,8,88.09,11010888.84
cfg_intra_pkg,(0,1)(2,3)(4,5)(6,7) all_intra_pkg_4link,4,2,16,173.76,10860194.20
cfg_intra_pkg,(0,1)(2,3)(4,5)(6,7) all_intra_pkg_4link,4,2,32,351.50,10984439.64
cfg_intra_pkg,(0,1)(2,3)(4,5)(6,7) all_intra_pkg_4link,4,2,64,695.30,10864096.73
cfg_intra_pkg,(0,1)(2,3)(4,5)(6,7) all_intra_pkg_4link,4,2,128,95.94,749546.32
cfg_intra_pkg,(0,1)(2,3)(4,5)(6,7) all_intra_pkg_4link,4,2,256,190.57,744403.39
cfg_intra_pkg,(0,1)(2,3)(4,5)(6,7) all_intra_pkg_4link,4,2,512,378.73,739709.55
cfg_intra_pkg,(0,1)(2,3)(4,5)(6,7) all_intra_pkg_4link,4,2,1024,747.78,730254.77
cfg_intra_pkg,(0,1)(2,3)(4,5)(6,7) all_intra_pkg_4link,4,2,2048,1466.23,715931.46
cfg_intra_pkg,(0,1)(2,3)(4,5)(6,7) all_intra_pkg_4link,4,2,4096,1503.16,366983.17
cfg_intra_pkg,(0,1)(2,3)(4,5)(6,7) all_intra_pkg_4link,4,2,8192,2971.43,362723.88
cfg_intra_pkg,(0,1)(2,3)(4,5)(6,7) all_intra_pkg_4link,4,2,16384,5910.48,360746.94
cfg_intra_pkg,(0,1)(2,3)(4,5)(6,7) all_intra_pkg_4link,4,2,32768,11754.70,358724.97
cfg_intra_pkg,(0,1)(2,3)(4,5)(6,7) all_intra_pkg_4link,4,2,65536,22880.84,349133.94
cfg_intra_pkg,(0,1)(2,3)(4,5)(6,7) all_intra_pkg_4link,4,2,131072,44138.15,336747.33
cfg_intra_pkg,(0,1)(2,3)(4,5)(6,7) all_intra_pkg_4link,4,2,262144,82554.28,314919.60
cfg_intra_pkg,(0,1)(2,3)(4,5)(6,7) all_intra_pkg_4link,4,2,524288,145621.46,277750.90
cfg_intra_pkg,(0,1)(2,3)(4,5)(6,7) all_intra_pkg_4link,4,2,1048576,234234.39,223383.32
cfg_intra_pkg,(0,1)(2,3)(4,5)(6,7) all_intra_pkg_4link,4,2,2097152,332849.41,158714.96
cfg_intra_pkg,(0,1)(2,3)(4,5)(6,7) all_intra_pkg_4link,4,2,4194304,422699.52,100779.42
cfg_intra_pkg,(0,1)(2,3)(4,5)(6,7) all_intra_pkg_4link,4,3,1,9.91,9911752.49
cfg_intra_pkg,(0,1)(2,3)(4,5)(6,7) all_intra_pkg_4link,4,3,2,20.43,10212836.92
cfg_intra_pkg,(0,1)(2,3)(4,5)(6,7) all_intra_pkg_4link,4,3,4,41.73,10431630.09
cfg_intra_pkg,(0,1)(2,3)(4,5)(6,7) all_intra_pkg_4link,4,3,8,84.80,10599728.28
cfg_intra_pkg,(0,1)(2,3)(4,5)(6,7) all_intra_pkg_4link,4,3,16,170.70,10668843.78
cfg_intra_pkg,(0,1)(2,3)(4,5)(6,7) all_intra_pkg_4link,4,3,32,353.50,11047016.60
cfg_intra_pkg,(0,1)(2,3)(4,5)(6,7) all_intra_pkg_4link,4,3,64,702.68,10979390.59
cfg_intra_pkg,(0,1)(2,3)(4,5)(6,7) all_intra_pkg_4link,4,3,128,95.16,743462.12
cfg_intra_pkg,(0,1)(2,3)(4,5)(6,7) all_intra_pkg_4link,4,3,256,190.05,742382.66
cfg_intra_pkg,(0,1)(2,3)(4,5)(6,7) all_intra_pkg_4link,4,3,512,377.38,737070.73
cfg_intra_pkg,(0,1)(2,3)(4,5)(6,7) all_intra_pkg_4link,4,3,1024,745.06,727596.07
cfg_intra_pkg,(0,1)(2,3)(4,5)(6,7) all_intra_pkg_4link,4,3,2048,1457.30,711573.77
cfg_intra_pkg,(0,1)(2,3)(4,5)(6,7) all_intra_pkg_4link,4,3,4096,1514.98,369867.91
cfg_intra_pkg,(0,1)(2,3)(4,5)(6,7) all_intra_pkg_4link,4,3,8192,2997.90,365954.94
cfg_intra_pkg,(0,1)(2,3)(4,5)(6,7) all_intra_pkg_4link,4,3,16384,5951.93,363276.75
cfg_intra_pkg,(0,1)(2,3)(4,5)(6,7) all_intra_pkg_4link,4,3,32768,11866.19,362127.52
cfg_intra_pkg,(0,1)(2,3)(4,5)(6,7) all_intra_pkg_4link,4,3,65536,23095.39,352407.69
cfg_intra_pkg,(0,1)(2,3)(4,5)(6,7) all_intra_pkg_4link,4,3,131072,44545.88,339858.08
cfg_intra_pkg,(0,1)(2,3)(4,5)(6,7) all_intra_pkg_4link,4,3,262144,83273.50,317663.19
cfg_intra_pkg,(0,1)(2,3)(4,5)(6,7) all_intra_pkg_4link,4,3,524288,146515.89,279456.89
cfg_intra_pkg,(0,1)(2,3)(4,5)(6,7) all_intra_pkg_4link,4,3,1048576,235545.11,224633.32
cfg_intra_pkg,(0,1)(2,3)(4,5)(6,7) all_intra_pkg_4link,4,3,2097152,334109.72,159315.93
cfg_intra_pkg,(0,1)(2,3)(4,5)(6,7) all_intra_pkg_4link,4,3,4194304,422821.80,100808.57
cfg_intra_pkg,(0,1)(2,3)(4,5)(6,7) all_intra_pkg_4link,4,4,1,10.63,10632563.83
cfg_intra_pkg,(0,1)(2,3)(4,5)(6,7) all_intra_pkg_4link,4,4,2,20.82,10411191.22
cfg_intra_pkg,(0,1)(2,3)(4,5)(6,7) all_intra_pkg_4link,4,4,4,42.37,10593577.60
cfg_intra_pkg,(0,1)(2,3)(4,5)(6,7) all_intra_pkg_4link,4,4,8,85.73,10715703.29
cfg_intra_pkg,(0,1)(2,3)(4,5)(6,7) all_intra_pkg_4link,4,4,16,171.62,10726077.97
cfg_intra_pkg,(0,1)(2,3)(4,5)(6,7) all_intra_pkg_4link,4,4,32,348.77,10898976.07
cfg_intra_pkg,(0,1)(2,3)(4,5)(6,7) all_intra_pkg_4link,4,4,64,695.22,10862770.22
cfg_intra_pkg,(0,1)(2,3)(4,5)(6,7) all_intra_pkg_4link,4,4,128,95.30,744562.99
cfg_intra_pkg,(0,1)(2,3)(4,5)(6,7) all_intra_pkg_4link,4,4,256,189.77,741293.16
cfg_intra_pkg,(0,1)(2,3)(4,5)(6,7) all_intra_pkg_4link,4,4,512,377.96,738211.87
cfg_intra_pkg,(0,1)(2,3)(4,5)(6,7) all_intra_pkg_4link,4,4,1024,749.73,732161.00
cfg_intra_pkg,(0,1)(2,3)(4,5)(6,7) all_intra_pkg_4link,4,4,2048,1483.57,724397.85
cfg_intra_pkg,(0,1)(2,3)(4,5)(6,7) all_intra_pkg_4link,4,4,4096,1516.42,370219.53
cfg_intra_pkg,(0,1)(2,3)(4,5)(6,7) all_intra_pkg_4link,4,4,8192,3001.05,366338.52
cfg_intra_pkg,(0,1)(2,3)(4,5)(6,7) all_intra_pkg_4link,4,4,16384,5967.19,364208.43
cfg_intra_pkg,(0,1)(2,3)(4,5)(6,7) all_intra_pkg_4link,4,4,32768,11851.34,361674.15
cfg_intra_pkg,(0,1)(2,3)(4,5)(6,7) all_intra_pkg_4link,4,4,65536,23089.92,352324.29
cfg_intra_pkg,(0,1)(2,3)(4,5)(6,7) all_intra_pkg_4link,4,4,131072,44486.36,339404.00
cfg_intra_pkg,(0,1)(2,3)(4,5)(6,7) all_intra_pkg_4link,4,4,262144,83091.98,316970.73
cfg_intra_pkg,(0,1)(2,3)(4,5)(6,7) all_intra_pkg_4link,4,4,524288,146467.78,279365.13
cfg_intra_pkg,(0,1)(2,3)(4,5)(6,7) all_intra_pkg_4link,4,4,1048576,235406.28,224500.92
cfg_intra_pkg,(0,1)(2,3)(4,5)(6,7) all_intra_pkg_4link,4,4,2097152,334597.73,159548.63
cfg_intra_pkg,(0,1)(2,3)(4,5)(6,7) all_intra_pkg_4link,4,4,4194304,423051.87,100863.42
cfg_intra_pkg,(0,1)(2,3)(4,5)(6,7) all_intra_pkg_4link,4,5,1,10.03,10032156.79
cfg_intra_pkg,(0,1)(2,3)(4,5)(6,7) all_intra_pkg_4link,4,5,2,20.48,10239686.67
cfg_intra_pkg,(0,1)(2,3)(4,5)(6,7) all_intra_pkg_4link,4,5,4,42.40,10600693.91
cfg_intra_pkg,(0,1)(2,3)(4,5)(6,7) all_intra_pkg_4link,4,5,8,85.90,10737328.35
cfg_intra_pkg,(0,1)(2,3)(4,5)(6,7) all_intra_pkg_4link,4,5,16,172.55,10784499.68
cfg_intra_pkg,(0,1)(2,3)(4,5)(6,7) all_intra_pkg_4link,4,5,32,344.16,10754933.30
cfg_intra_pkg,(0,1)(2,3)(4,5)(6,7) all_intra_pkg_4link,4,5,64,665.46,10397828.64
cfg_intra_pkg,(0,1)(2,3)(4,5)(6,7) all_intra_pkg_4link,4,5,128,95.54,746374.28
cfg_intra_pkg,(0,1)(2,3)(4,5)(6,7) all_intra_pkg_4link,4,5,256,190.65,744725.78
cfg_intra_pkg,(0,1)(2,3)(4,5)(6,7) all_intra_pkg_4link,4,5,512,376.79,735915.99
cfg_intra_pkg,(0,1)(2,3)(4,5)(6,7) all_intra_pkg_4link,4,5,1024,746.61,729112.15
cfg_intra_pkg,(0,1)(2,3)(4,5)(6,7) all_intra_pkg_4link,4,5,2048,1467.93,716764.29
cfg_intra_pkg,(0,1)(2,3)(4,5)(6,7) all_intra_pkg_4link,4,5,4096,1502.87,366911.37
cfg_intra_pkg,(0,1)(2,3)(4,5)(6,7) all_intra_pkg_4link,4,5,8192,2972.50,362853.69
cfg_intra_pkg,(0,1)(2,3)(4,5)(6,7) all_intra_pkg_4link,4,5,16384,5916.50,361114.79
cfg_intra_pkg,(0,1)(2,3)(4,5)(6,7) all_intra_pkg_4link,4,5,32768,11858.36,361888.50
cfg_intra_pkg,(0,1)(2,3)(4,5)(6,7) all_intra_pkg_4link,4,5,65536,23105.70,352565.00
cfg_intra_pkg,(0,1)(2,3)(4,5)(6,7) all_intra_pkg_4link,4,5,131072,44499.53,339504.51
cfg_intra_pkg,(0,1)(2,3)(4,5)(6,7) all_intra_pkg_4link,4,5,262144,83142.10,317161.92
cfg_intra_pkg,(0,1)(2,3)(4,5)(6,7) all_intra_pkg_4link,4,5,524288,146663.52,279738.46
cfg_intra_pkg,(0,1)(2,3)(4,5)(6,7) all_intra_pkg_4link,4,5,1048576,235478.14,224569.46
cfg_intra_pkg,(0,1)(2,3)(4,5)(6,7) all_intra_pkg_4link,4,5,2097152,334524.08,159513.51
cfg_intra_pkg,(0,1)(2,3)(4,5)(6,7) all_intra_pkg_4link,4,5,4194304,423342.83,100932.80
cfg_intra_pkg,(0,1)(2,3)(4,5)(6,7) all_intra_pkg_4link,4,6,1,10.26,10257122.21
cfg_intra_pkg,(0,1)(2,3)(4,5)(6,7) all_intra_pkg_4link,4,6,2,20.63,10316777.46
cfg_intra_pkg,(0,1)(2,3)(4,5)(6,7) all_intra_pkg_4link,4,6,4,42.33,10582663.47
cfg_intra_pkg,(0,1)(2,3)(4,5)(6,7) all_intra_pkg_4link,4,6,8,85.91,10739204.40
cfg_intra_pkg,(0,1)(2,3)(4,5)(6,7) all_intra_pkg_4link,4,6,16,172.61,10788425.28
cfg_intra_pkg,(0,1)(2,3)(4,5)(6,7) all_intra_pkg_4link,4,6,32,346.15,10817162.70
cfg_intra_pkg,(0,1)(2,3)(4,5)(6,7) all_intra_pkg_4link,4,6,64,685.02,10703484.42
cfg_intra_pkg,(0,1)(2,3)(4,5)(6,7) all_intra_pkg_4link,4,6,128,95.98,749841.25
cfg_intra_pkg,(0,1)(2,3)(4,5)(6,7) all_intra_pkg_4link,4,6,256,191.13,746611.29
cfg_intra_pkg,(0,1)(2,3)(4,5)(6,7) all_intra_pkg_4link,4,6,512,378.05,738378.37
cfg_intra_pkg,(0,1)(2,3)(4,5)(6,7) all_intra_pkg_4link,4,6,1024,749.49,731923.39
cfg_intra_pkg,(0,1)(2,3)(4,5)(6,7) all_intra_pkg_4link,4,6,2048,1463.71,714703.35
cfg_intra_pkg,(0,1)(2,3)(4,5)(6,7) all_intra_pkg_4link,4,6,4096,1502.18,366742.62
cfg_intra_pkg,(0,1)(2,3)(4,5)(6,7) all_intra_pkg_4link,4,6,8192,2970.09,362560.17
cfg_intra_pkg,(0,1)(2,3)(4,5)(6,7) all_intra_pkg_4link,4,6,16384,5966.23,364150.07
cfg_intra_pkg,(0,1)(2,3)(4,5)(6,7) all_intra_pkg_4link,4,6,32768,11851.31,361673.43
cfg_intra_pkg,(0,1)(2,3)(4,5)(6,7) all_intra_pkg_4link,4,6,65536,23111.84,352658.74
cfg_intra_pkg,(0,1)(2,3)(4,5)(6,7) all_intra_pkg_4link,4,6,131072,44480.89,339362.30
cfg_intra_pkg,(0,1)(2,3)(4,5)(6,7) all_intra_pkg_4link,4,6,262144,83063.45,316861.91
cfg_intra_pkg,(0,1)(2,3)(4,5)(6,7) all_intra_pkg_4link,4,6,524288,146566.80,279553.98
cfg_intra_pkg,(0,1)(2,3)(4,5)(6,7) all_intra_pkg_4link,4,6,1048576,235322.24,224420.77
cfg_intra_pkg,(0,1)(2,3)(4,5)(6,7) all_intra_pkg_4link,4,6,2097152,334137.11,159328.99
cfg_intra_pkg,(0,1)(2,3)(4,5)(6,7) all_intra_pkg_4link,4,6,4194304,422642.52,100765.83
cfg_mixed_1link,(0,2)(1,3)(4,6)(5,7) all_inter_pkg_1link,4,2,1,10.17,10166422.55
cfg_mixed_1link,(0,2)(1,3)(4,6)(5,7) all_inter_pkg_1link,4,2,2,20.42,10208414.15
cfg_mixed_1link,(0,2)(1,3)(4,6)(5,7) all_inter_pkg_1link,4,2,4,41.73,10432502.62
cfg_mixed_1link,(0,2)(1,3)(4,6)(5,7) all_inter_pkg_1link,4,2,8,84.82,10602436.88
cfg_mixed_1link,(0,2)(1,3)(4,6)(5,7) all_inter_pkg_1link,4,2,16,170.47,10654089.29
cfg_mixed_1link,(0,2)(1,3)(4,6)(5,7) all_inter_pkg_1link,4,2,32,353.61,11050255.57
cfg_mixed_1link,(0,2)(1,3)(4,6)(5,7) all_inter_pkg_1link,4,2,64,708.39,11068592.63
cfg_mixed_1link,(0,2)(1,3)(4,6)(5,7) all_inter_pkg_1link,4,2,128,98.68,770969.01
cfg_mixed_1link,(0,2)(1,3)(4,6)(5,7) all_inter_pkg_1link,4,2,256,195.41,763324.45
cfg_mixed_1link,(0,2)(1,3)(4,6)(5,7) all_inter_pkg_1link,4,2,512,387.41,756654.72
cfg_mixed_1link,(0,2)(1,3)(4,6)(5,7) all_inter_pkg_1link,4,2,1024,769.09,751067.89
cfg_mixed_1link,(0,2)(1,3)(4,6)(5,7) all_inter_pkg_1link,4,2,2048,1515.66,740069.80
cfg_mixed_1link,(0,2)(1,3)(4,6)(5,7) all_inter_pkg_1link,4,2,4096,2950.71,720388.38
cfg_mixed_1link,(0,2)(1,3)(4,6)(5,7) all_inter_pkg_1link,4,2,8192,5719.86,698225.12
cfg_mixed_1link,(0,2)(1,3)(4,6)(5,7) all_inter_pkg_1link,4,2,16384,10945.96,668088.29
cfg_mixed_1link,(0,2)(1,3)(4,6)(5,7) all_inter_pkg_1link,4,2,32768,20502.90,625698.91
cfg_mixed_1link,(0,2)(1,3)(4,6)(5,7) all_inter_pkg_1link,4,2,65536,36876.59,562692.11
cfg_mixed_1link,(0,2)(1,3)(4,6)(5,7) all_inter_pkg_1link,4,2,131072,59629.44,454936.56
cfg_mixed_1link,(0,2)(1,3)(4,6)(5,7) all_inter_pkg_1link,4,2,262144,85131.48,324750.82
cfg_mixed_1link,(0,2)(1,3)(4,6)(5,7) all_inter_pkg_1link,4,2,524288,109332.03,208534.30
cfg_mixed_1link,(0,2)(1,3)(4,6)(5,7) all_inter_pkg_1link,4,2,1048576,127182.02,121290.22
cfg_mixed_1link,(0,2)(1,3)(4,6)(5,7) all_inter_pkg_1link,4,2,2097152,137444.39,65538.59
cfg_mixed_1link,(0,2)(1,3)(4,6)(5,7) all_inter_pkg_1link,4,2,4194304,141762.45,33798.80
cfg_mixed_1link,(0,2)(1,3)(4,6)(5,7) all_inter_pkg_1link,4,3,1,10.22,10215718.26
cfg_mixed_1link,(0,2)(1,3)(4,6)(5,7) all_inter_pkg_1link,4,3,2,20.15,10077044.12
cfg_mixed_1link,(0,2)(1,3)(4,6)(5,7) all_inter_pkg_1link,4,3,4,41.19,10297586.16
cfg_mixed_1link,(0,2)(1,3)(4,6)(5,7) all_inter_pkg_1link,4,3,8,81.95,10243248.13
cfg_mixed_1link,(0,2)(1,3)(4,6)(5,7) all_inter_pkg_1link,4,3,16,167.32,10457698.97
cfg_mixed_1link,(0,2)(1,3)(4,6)(5,7) all_inter_pkg_1link,4,3,32,336.33,10510236.04
cfg_mixed_1link,(0,2)(1,3)(4,6)(5,7) all_inter_pkg_1link,4,3,64,661.16,10330628.54
cfg_mixed_1link,(0,2)(1,3)(4,6)(5,7) all_inter_pkg_1link,4,3,128,97.65,762868.54
cfg_mixed_1link,(0,2)(1,3)(4,6)(5,7) all_inter_pkg_1link,4,3,256,193.96,757653.60
cfg_mixed_1link,(0,2)(1,3)(4,6)(5,7) all_inter_pkg_1link,4,3,512,383.47,748971.32
cfg_mixed_1link,(0,2)(1,3)(4,6)(5,7) all_inter_pkg_1link,4,3,1024,758.90,741118.13
cfg_mixed_1link,(0,2)(1,3)(4,6)(5,7) all_inter_pkg_1link,4,3,2048,1489.58,727331.91
cfg_mixed_1link,(0,2)(1,3)(4,6)(5,7) all_inter_pkg_1link,4,3,4096,2911.00,710692.56
cfg_mixed_1link,(0,2)(1,3)(4,6)(5,7) all_inter_pkg_1link,4,3,8192,5651.83,689921.22
cfg_mixed_1link,(0,2)(1,3)(4,6)(5,7) all_inter_pkg_1link,4,3,16384,10838.58,661534.50
cfg_mixed_1link,(0,2)(1,3)(4,6)(5,7) all_inter_pkg_1link,4,3,32768,20346.78,620934.46
cfg_mixed_1link,(0,2)(1,3)(4,6)(5,7) all_inter_pkg_1link,4,3,65536,36542.23,557590.21
cfg_mixed_1link,(0,2)(1,3)(4,6)(5,7) all_inter_pkg_1link,4,3,131072,59311.54,452511.11
cfg_mixed_1link,(0,2)(1,3)(4,6)(5,7) all_inter_pkg_1link,4,3,262144,84648.14,322907.03
cfg_mixed_1link,(0,2)(1,3)(4,6)(5,7) all_inter_pkg_1link,4,3,524288,109250.61,208379.00
cfg_mixed_1link,(0,2)(1,3)(4,6)(5,7) all_inter_pkg_1link,4,3,1048576,127218.90,121325.40
cfg_mixed_1link,(0,2)(1,3)(4,6)(5,7) all_inter_pkg_1link,4,3,2097152,137724.30,65672.06
cfg_mixed_1link,(0,2)(1,3)(4,6)(5,7) all_inter_pkg_1link,4,3,4194304,141802.38,33808.32
cfg_mixed_1link,(0,2)(1,3)(4,6)(5,7) all_inter_pkg_1link,4,4,1,10.11,10109678.16
cfg_mixed_1link,(0,2)(1,3)(4,6)(5,7) all_inter_pkg_1link,4,4,2,20.49,10245265.04
cfg_mixed_1link,(0,2)(1,3)(4,6)(5,7) all_inter_pkg_1link,4,4,4,41.32,10329928.22
cfg_mixed_1link,(0,2)(1,3)(4,6)(5,7) all_inter_pkg_1link,4,4,8,83.74,10467905.14
cfg_mixed_1link,(0,2)(1,3)(4,6)(5,7) all_inter_pkg_1link,4,4,16,170.45,10653302.32
cfg_mixed_1link,(0,2)(1,3)(4,6)(5,7) all_inter_pkg_1link,4,4,32,339.81,10618908.13
cfg_mixed_1link,(0,2)(1,3)(4,6)(5,7) all_inter_pkg_1link,4,4,64,673.97,10530710.80
cfg_mixed_1link,(0,2)(1,3)(4,6)(5,7) all_inter_pkg_1link,4,4,128,98.47,769324.63
cfg_mixed_1link,(0,2)(1,3)(4,6)(5,7) all_inter_pkg_1link,4,4,256,194.92,761424.63
cfg_mixed_1link,(0,2)(1,3)(4,6)(5,7) all_inter_pkg_1link,4,4,512,383.82,749638.69
cfg_mixed_1link,(0,2)(1,3)(4,6)(5,7) all_inter_pkg_1link,4,4,1024,760.63,742802.39
cfg_mixed_1link,(0,2)(1,3)(4,6)(5,7) all_inter_pkg_1link,4,4,2048,1486.77,725962.80
cfg_mixed_1link,(0,2)(1,3)(4,6)(5,7) all_inter_pkg_1link,4,4,4096,2907.62,709867.28
cfg_mixed_1link,(0,2)(1,3)(4,6)(5,7) all_inter_pkg_1link,4,4,8192,5639.71,688441.72
cfg_mixed_1link,(0,2)(1,3)(4,6)(5,7) all_inter_pkg_1link,4,4,16384,10854.17,662486.04
cfg_mixed_1link,(0,2)(1,3)(4,6)(5,7) all_inter_pkg_1link,4,4,32768,20438.50,623733.57
cfg_mixed_1link,(0,2)(1,3)(4,6)(5,7) all_inter_pkg_1link,4,4,65536,36695.29,559925.76
cfg_mixed_1link,(0,2)(1,3)(4,6)(5,7) all_inter_pkg_1link,4,4,131072,59509.27,454019.70
cfg_mixed_1link,(0,2)(1,3)(4,6)(5,7) all_inter_pkg_1link,4,4,262144,84969.53,324133.03
cfg_mixed_1link,(0,2)(1,3)(4,6)(5,7) all_inter_pkg_1link,4,4,524288,109304.74,208482.25
cfg_mixed_1link,(0,2)(1,3)(4,6)(5,7) all_inter_pkg_1link,4,4,1048576,127176.03,121284.51
cfg_mixed_1link,(0,2)(1,3)(4,6)(5,7) all_inter_pkg_1link,4,4,2097152,137638.88,65631.33
cfg_mixed_1link,(0,2)(1,3)(4,6)(5,7) all_inter_pkg_1link,4,4,4194304,141902.41,33832.17
cfg_mixed_1link,(0,2)(1,3)(4,6)(5,7) all_inter_pkg_1link,4,5,1,10.19,10187316.29
cfg_mixed_1link,(0,2)(1,3)(4,6)(5,7) all_inter_pkg_1link,4,5,2,20.46,10231533.41
cfg_mixed_1link,(0,2)(1,3)(4,6)(5,7) all_inter_pkg_1link,4,5,4,41.39,10346282.18
cfg_mixed_1link,(0,2)(1,3)(4,6)(5,7) all_inter_pkg_1link,4,5,8,84.06,10507308.02
cfg_mixed_1link,(0,2)(1,3)(4,6)(5,7) all_inter_pkg_1link,4,5,16,170.52,10657584.41
cfg_mixed_1link,(0,2)(1,3)(4,6)(5,7) all_inter_pkg_1link,4,5,32,341.15,10661061.84
cfg_mixed_1link,(0,2)(1,3)(4,6)(5,7) all_inter_pkg_1link,4,5,64,675.84,10559935.42
cfg_mixed_1link,(0,2)(1,3)(4,6)(5,7) all_inter_pkg_1link,4,5,128,97.73,763492.04
cfg_mixed_1link,(0,2)(1,3)(4,6)(5,7) all_inter_pkg_1link,4,5,256,193.28,755004.30
cfg_mixed_1link,(0,2)(1,3)(4,6)(5,7) all_inter_pkg_1link,4,5,512,383.25,748544.59
cfg_mixed_1link,(0,2)(1,3)(4,6)(5,7) all_inter_pkg_1link,4,5,1024,759.33,741529.09
cfg_mixed_1link,(0,2)(1,3)(4,6)(5,7) all_inter_pkg_1link,4,5,2048,1498.37,731626.88
cfg_mixed_1link,(0,2)(1,3)(4,6)(5,7) all_inter_pkg_1link,4,5,4096,2946.14,719273.38
cfg_mixed_1link,(0,2)(1,3)(4,6)(5,7) all_inter_pkg_1link,4,5,8192,5721.65,698443.21
cfg_mixed_1link,(0,2)(1,3)(4,6)(5,7) all_inter_pkg_1link,4,5,16384,10942.87,667899.58
cfg_mixed_1link,(0,2)(1,3)(4,6)(5,7) all_inter_pkg_1link,4,5,32768,20403.54,622666.74
cfg_mixed_1link,(0,2)(1,3)(4,6)(5,7) all_inter_pkg_1link,4,5,65536,36801.56,561547.19
cfg_mixed_1link,(0,2)(1,3)(4,6)(5,7) all_inter_pkg_1link,4,5,131072,59602.10,454727.97
cfg_mixed_1link,(0,2)(1,3)(4,6)(5,7) all_inter_pkg_1link,4,5,262144,85167.18,324887.02
cfg_mixed_1link,(0,2)(1,3)(4,6)(5,7) all_inter_pkg_1link,4,5,524288,109103.57,208098.55
cfg_mixed_1link,(0,2)(1,3)(4,6)(5,7) all_inter_pkg_1link,4,5,1048576,127014.90,121130.85
cfg_mixed_1link,(0,2)(1,3)(4,6)(5,7) all_inter_pkg_1link,4,5,2097152,137692.36,65656.83
cfg_mixed_1link,(0,2)(1,3)(4,6)(5,7) all_inter_pkg_1link,4,5,4194304,141745.78,33794.83
cfg_mixed_1link,(0,2)(1,3)(4,6)(5,7) all_inter_pkg_1link,4,6,1,10.72,10721607.09
cfg_mixed_1link,(0,2)(1,3)(4,6)(5,7) all_inter_pkg_1link,4,6,2,20.82,10412476.42
cfg_mixed_1link,(0,2)(1,3)(4,6)(5,7) all_inter_pkg_1link,4,6,4,42.28,10569096.29
cfg_mixed_1link,(0,2)(1,3)(4,6)(5,7) all_inter_pkg_1link,4,6,8,85.78,10722416.53
cfg_mixed_1link,(0,2)(1,3)(4,6)(5,7) all_inter_pkg_1link,4,6,16,179.99,11249429.29
cfg_mixed_1link,(0,2)(1,3)(4,6)(5,7) all_inter_pkg_1link,4,6,32,334.13,10441452.16
cfg_mixed_1link,(0,2)(1,3)(4,6)(5,7) all_inter_pkg_1link,4,6,64,708.60,11071870.60
cfg_mixed_1link,(0,2)(1,3)(4,6)(5,7) all_inter_pkg_1link,4,6,128,98.01,765693.88
cfg_mixed_1link,(0,2)(1,3)(4,6)(5,7) all_inter_pkg_1link,4,6,256,192.98,753823.02
cfg_mixed_1link,(0,2)(1,3)(4,6)(5,7) all_inter_pkg_1link,4,6,512,382.90,747850.98
cfg_mixed_1link,(0,2)(1,3)(4,6)(5,7) all_inter_pkg_1link,4,6,1024,756.69,738954.97
cfg_mixed_1link,(0,2)(1,3)(4,6)(5,7) all_inter_pkg_1link,4,6,2048,1487.41,726275.31
cfg_mixed_1link,(0,2)(1,3)(4,6)(5,7) all_inter_pkg_1link,4,6,4096,2901.16,708290.61
cfg_mixed_1link,(0,2)(1,3)(4,6)(5,7) all_inter_pkg_1link,4,6,8192,5644.35,689008.10
cfg_mixed_1link,(0,2)(1,3)(4,6)(5,7) all_inter_pkg_1link,4,6,16384,10820.51,660431.56
cfg_mixed_1link,(0,2)(1,3)(4,6)(5,7) all_inter_pkg_1link,4,6,32768,20231.87,617427.67
cfg_mixed_1link,(0,2)(1,3)(4,6)(5,7) all_inter_pkg_1link,4,6,65536,36336.94,554457.63
cfg_mixed_1link,(0,2)(1,3)(4,6)(5,7) all_inter_pkg_1link,4,6,131072,59001.38,450144.83
cfg_mixed_1link,(0,2)(1,3)(4,6)(5,7) all_inter_pkg_1link,4,6,262144,84405.28,321980.59
cfg_mixed_1link,(0,2)(1,3)(4,6)(5,7) all_inter_pkg_1link,4,6,524288,108870.39,207653.79
cfg_mixed_1link,(0,2)(1,3)(4,6)(5,7) all_inter_pkg_1link,4,6,1048576,126866.28,120989.12
cfg_mixed_1link,(0,2)(1,3)(4,6)(5,7) all_inter_pkg_1link,4,6,2097152,137486.80,65558.81
cfg_mixed_1link,(0,2)(1,3)(4,6)(5,7) all_inter_pkg_1link,4,6,4194304,141752.17,33796.35
