stack,sdma_enabled,pair_label,gcd_a,gcd_b,tier,num_links,run,size_bytes,latency_us
eessi,0,intra_pkg_OAM0,0,1,intra_pkg,4,2,1,2.16
eessi,0,intra_pkg_OAM0,0,1,intra_pkg,4,2,2,0.49
eessi,0,intra_pkg_OAM0,0,1,intra_pkg,4,2,4,0.49
eessi,0,intra_pkg_OAM0,0,1,intra_pkg,4,2,8,0.49
eessi,0,intra_pkg_OAM0,0,1,intra_pkg,4,2,16,0.49
eessi,0,intra_pkg_OAM0,0,1,intra_pkg,4,2,32,0.49
eessi,0,intra_pkg_OAM0,0,1,intra_pkg,4,2,64,0.58
eessi,0,intra_pkg_OAM0,0,1,intra_pkg,4,2,128,0.62
eessi,0,intra_pkg_OAM0,0,1,intra_pkg,4,2,256,0.64
eessi,0,intra_pkg_OAM0,0,1,intra_pkg,4,2,512,21.91
eessi,0,intra_pkg_OAM0,0,1,intra_pkg,4,2,1024,14.81
eessi,0,intra_pkg_OAM0,0,1,intra_pkg,4,2,2048,14.81
eessi,0,intra_pkg_OAM0,0,1,intra_pkg,4,2,4096,15.05
eessi,0,intra_pkg_OAM0,0,1,intra_pkg,4,2,8192,15.24
eessi,0,intra_pkg_OAM0,0,1,intra_pkg,4,2,16384,15.09
eessi,0,intra_pkg_OAM0,0,1,intra_pkg,4,2,32768,15.46
eessi,0,intra_pkg_OAM0,0,1,intra_pkg,4,2,65536,15.69
eessi,0,intra_pkg_OAM0,0,1,intra_pkg,4,2,131072,16.21
eessi,0,intra_pkg_OAM0,0,1,intra_pkg,4,2,262144,17.93
eessi,0,intra_pkg_OAM0,0,1,intra_pkg,4,2,524288,19.13
eessi,0,intra_pkg_OAM0,0,1,intra_pkg,4,2,1048576,23.41
eessi,0,intra_pkg_OAM0,0,1,intra_pkg,4,2,2097152,30.37
eessi,0,intra_pkg_OAM0,0,1,intra_pkg,4,2,4194304,41.26
eessi,0,intra_pkg_OAM0,0,1,intra_pkg,4,3,1,2.14
eessi,0,intra_pkg_OAM0,0,1,intra_pkg,4,3,2,0.49
eessi,0,intra_pkg_OAM0,0,1,intra_pkg,4,3,4,0.49
eessi,0,intra_pkg_OAM0,0,1,intra_pkg,4,3,8,0.49
eessi,0,intra_pkg_OAM0,0,1,intra_pkg,4,3,16,0.49
eessi,0,intra_pkg_OAM0,0,1,intra_pkg,4,3,32,0.49
eessi,0,intra_pkg_OAM0,0,1,intra_pkg,4,3,64,0.58
eessi,0,intra_pkg_OAM0,0,1,intra_pkg,4,3,128,0.57
eessi,0,intra_pkg_OAM0,0,1,intra_pkg,4,3,256,0.63
eessi,0,intra_pkg_OAM0,0,1,intra_pkg,4,3,512,21.99
eessi,0,intra_pkg_OAM0,0,1,intra_pkg,4,3,1024,14.96
eessi,0,intra_pkg_OAM0,0,1,intra_pkg,4,3,2048,15.18
eessi,0,intra_pkg_OAM0,0,1,intra_pkg,4,3,4096,15.00
eessi,0,intra_pkg_OAM0,0,1,intra_pkg,4,3,8192,15.38
eessi,0,intra_pkg_OAM0,0,1,intra_pkg,4,3,16384,15.40
eessi,0,intra_pkg_OAM0,0,1,intra_pkg,4,3,32768,15.93
eessi,0,intra_pkg_OAM0,0,1,intra_pkg,4,3,65536,15.78
eessi,0,intra_pkg_OAM0,0,1,intra_pkg,4,3,131072,16.53
eessi,0,intra_pkg_OAM0,0,1,intra_pkg,4,3,262144,17.82
eessi,0,intra_pkg_OAM0,0,1,intra_pkg,4,3,524288,19.36
eessi,0,intra_pkg_OAM0,0,1,intra_pkg,4,3,1048576,23.51
eessi,0,intra_pkg_OAM0,0,1,intra_pkg,4,3,2097152,30.49
eessi,0,intra_pkg_OAM0,0,1,intra_pkg,4,3,4194304,41.30
eessi,0,intra_pkg_OAM0,0,1,intra_pkg,4,4,1,2.15
eessi,0,intra_pkg_OAM0,0,1,intra_pkg,4,4,2,0.49
eessi,0,intra_pkg_OAM0,0,1,intra_pkg,4,4,4,0.49
eessi,0,intra_pkg_OAM0,0,1,intra_pkg,4,4,8,0.49
eessi,0,intra_pkg_OAM0,0,1,intra_pkg,4,4,16,0.49
eessi,0,intra_pkg_OAM0,0,1,intra_pkg,4,4,32,0.50
eessi,0,intra_pkg_OAM0,0,1,intra_pkg,4,4,64,0.62
eessi,0,intra_pkg_OAM0,0,1,intra_pkg,4,4,128,0.66
eessi,0,intra_pkg_OAM0,0,1,intra_pkg,4,4,256,0.72
eessi,0,intra_pkg_OAM0,0,1,intra_pkg,4,4,512,21.99
eessi,0,intra_pkg_OAM0,0,1,intra_pkg,4,4,1024,14.83
eessi,0,intra_pkg_OAM0,0,1,intra_pkg,4,4,2048,15.10
eessi,0,intra_pkg_OAM0,0,1,intra_pkg,4,4,4096,14.77
eessi,0,intra_pkg_OAM0,0,1,intra_pkg,4,4,8192,15.02
eessi,0,intra_pkg_OAM0,0,1,intra_pkg,4,4,16384,15.28
eessi,0,intra_pkg_OAM0,0,1,intra_pkg,4,4,32768,15.63
eessi,0,intra_pkg_OAM0,0,1,intra_pkg,4,4,65536,15.83
eessi,0,intra_pkg_OAM0,0,1,intra_pkg,4,4,131072,16.48
eessi,0,intra_pkg_OAM0,0,1,intra_pkg,4,4,262144,17.83
eessi,0,intra_pkg_OAM0,0,1,intra_pkg,4,4,524288,19.41
eessi,0,intra_pkg_OAM0,0,1,intra_pkg,4,4,1048576,23.46
eessi,0,intra_pkg_OAM0,0,1,intra_pkg,4,4,2097152,30.53
eessi,0,intra_pkg_OAM0,0,1,intra_pkg,4,4,4194304,41.32
eessi,0,intra_pkg_OAM0,0,1,intra_pkg,4,5,1,2.16
eessi,0,intra_pkg_OAM0,0,1,intra_pkg,4,5,2,0.49
eessi,0,intra_pkg_OAM0,0,1,intra_pkg,4,5,4,0.49
eessi,0,intra_pkg_OAM0,0,1,intra_pkg,4,5,8,0.49
eessi,0,intra_pkg_OAM0,0,1,intra_pkg,4,5,16,0.50
eessi,0,intra_pkg_OAM0,0,1,intra_pkg,4,5,32,0.49
eessi,0,intra_pkg_OAM0,0,1,intra_pkg,4,5,64,0.58
eessi,0,intra_pkg_OAM0,0,1,intra_pkg,4,5,128,0.57
eessi,0,intra_pkg_OAM0,0,1,intra_pkg,4,5,256,0.66
eessi,0,intra_pkg_OAM0,0,1,intra_pkg,4,5,512,22.17
eessi,0,intra_pkg_OAM0,0,1,intra_pkg,4,5,1024,14.83
eessi,0,intra_pkg_OAM0,0,1,intra_pkg,4,5,2048,15.04
eessi,0,intra_pkg_OAM0,0,1,intra_pkg,4,5,4096,14.79
eessi,0,intra_pkg_OAM0,0,1,intra_pkg,4,5,8192,15.01
eessi,0,intra_pkg_OAM0,0,1,intra_pkg,4,5,16384,15.19
eessi,0,intra_pkg_OAM0,0,1,intra_pkg,4,5,32768,15.79
eessi,0,intra_pkg_OAM0,0,1,intra_pkg,4,5,65536,15.76
eessi,0,intra_pkg_OAM0,0,1,intra_pkg,4,5,131072,16.56
eessi,0,intra_pkg_OAM0,0,1,intra_pkg,4,5,262144,17.89
eessi,0,intra_pkg_OAM0,0,1,intra_pkg,4,5,524288,19.31
eessi,0,intra_pkg_OAM0,0,1,intra_pkg,4,5,1048576,23.64
eessi,0,intra_pkg_OAM0,0,1,intra_pkg,4,5,2097152,30.63
eessi,0,intra_pkg_OAM0,0,1,intra_pkg,4,5,4194304,41.41
eessi,0,intra_pkg_OAM0,0,1,intra_pkg,4,6,1,2.13
eessi,0,intra_pkg_OAM0,0,1,intra_pkg,4,6,2,0.49
eessi,0,intra_pkg_OAM0,0,1,intra_pkg,4,6,4,0.49
eessi,0,intra_pkg_OAM0,0,1,intra_pkg,4,6,8,0.53
eessi,0,intra_pkg_OAM0,0,1,intra_pkg,4,6,16,0.49
eessi,0,intra_pkg_OAM0,0,1,intra_pkg,4,6,32,0.64
eessi,0,intra_pkg_OAM0,0,1,intra_pkg,4,6,64,0.66
eessi,0,intra_pkg_OAM0,0,1,intra_pkg,4,6,128,0.66
eessi,0,intra_pkg_OAM0,0,1,intra_pkg,4,6,256,0.72
eessi,0,intra_pkg_OAM0,0,1,intra_pkg,4,6,512,21.98
eessi,0,intra_pkg_OAM0,0,1,intra_pkg,4,6,1024,14.92
eessi,0,intra_pkg_OAM0,0,1,intra_pkg,4,6,2048,15.12
eessi,0,intra_pkg_OAM0,0,1,intra_pkg,4,6,4096,14.88
eessi,0,intra_pkg_OAM0,0,1,intra_pkg,4,6,8192,15.31
eessi,0,intra_pkg_OAM0,0,1,intra_pkg,4,6,16384,15.37
eessi,0,intra_pkg_OAM0,0,1,intra_pkg,4,6,32768,15.56
eessi,0,intra_pkg_OAM0,0,1,intra_pkg,4,6,65536,15.81
eessi,0,intra_pkg_OAM0,0,1,intra_pkg,4,6,131072,16.33
eessi,0,intra_pkg_OAM0,0,1,intra_pkg,4,6,262144,17.87
eessi,0,intra_pkg_OAM0,0,1,intra_pkg,4,6,524288,19.28
eessi,0,intra_pkg_OAM0,0,1,intra_pkg,4,6,1048576,23.44
eessi,0,intra_pkg_OAM0,0,1,intra_pkg,4,6,2097152,30.54
eessi,0,intra_pkg_OAM0,0,1,intra_pkg,4,6,4194304,41.50
eessi,0,intra_pkg_OAM1,2,3,intra_pkg,4,2,1,2.14
eessi,0,intra_pkg_OAM1,2,3,intra_pkg,4,2,2,0.52
eessi,0,intra_pkg_OAM1,2,3,intra_pkg,4,2,4,0.52
eessi,0,intra_pkg_OAM1,2,3,intra_pkg,4,2,8,0.53
eessi,0,intra_pkg_OAM1,2,3,intra_pkg,4,2,16,0.53
eessi,0,intra_pkg_OAM1,2,3,intra_pkg,4,2,32,0.53
eessi,0,intra_pkg_OAM1,2,3,intra_pkg,4,2,64,0.61
eessi,0,intra_pkg_OAM1,2,3,intra_pkg,4,2,128,0.58
eessi,0,intra_pkg_OAM1,2,3,intra_pkg,4,2,256,0.65
eessi,0,intra_pkg_OAM1,2,3,intra_pkg,4,2,512,21.76
eessi,0,intra_pkg_OAM1,2,3,intra_pkg,4,2,1024,14.03
eessi,0,intra_pkg_OAM1,2,3,intra_pkg,4,2,2048,14.26
eessi,0,intra_pkg_OAM1,2,3,intra_pkg,4,2,4096,13.93
eessi,0,intra_pkg_OAM1,2,3,intra_pkg,4,2,8192,14.19
eessi,0,intra_pkg_OAM1,2,3,intra_pkg,4,2,16384,14.22
eessi,0,intra_pkg_OAM1,2,3,intra_pkg,4,2,32768,14.72
eessi,0,intra_pkg_OAM1,2,3,intra_pkg,4,2,65536,15.06
eessi,0,intra_pkg_OAM1,2,3,intra_pkg,4,2,131072,15.48
eessi,0,intra_pkg_OAM1,2,3,intra_pkg,4,2,262144,17.06
eessi,0,intra_pkg_OAM1,2,3,intra_pkg,4,2,524288,18.45
eessi,0,intra_pkg_OAM1,2,3,intra_pkg,4,2,1048576,22.41
eessi,0,intra_pkg_OAM1,2,3,intra_pkg,4,2,2097152,30.07
eessi,0,intra_pkg_OAM1,2,3,intra_pkg,4,2,4194304,41.07
eessi,0,intra_pkg_OAM1,2,3,intra_pkg,4,3,1,2.16
eessi,0,intra_pkg_OAM1,2,3,intra_pkg,4,3,2,0.49
eessi,0,intra_pkg_OAM1,2,3,intra_pkg,4,3,4,0.49
eessi,0,intra_pkg_OAM1,2,3,intra_pkg,4,3,8,0.49
eessi,0,intra_pkg_OAM1,2,3,intra_pkg,4,3,16,0.49
eessi,0,intra_pkg_OAM1,2,3,intra_pkg,4,3,32,0.49
eessi,0,intra_pkg_OAM1,2,3,intra_pkg,4,3,64,0.57
eessi,0,intra_pkg_OAM1,2,3,intra_pkg,4,3,128,0.58
eessi,0,intra_pkg_OAM1,2,3,intra_pkg,4,3,256,0.65
eessi,0,intra_pkg_OAM1,2,3,intra_pkg,4,3,512,21.15
eessi,0,intra_pkg_OAM1,2,3,intra_pkg,4,3,1024,14.13
eessi,0,intra_pkg_OAM1,2,3,intra_pkg,4,3,2048,14.29
eessi,0,intra_pkg_OAM1,2,3,intra_pkg,4,3,4096,14.02
eessi,0,intra_pkg_OAM1,2,3,intra_pkg,4,3,8192,14.42
eessi,0,intra_pkg_OAM1,2,3,intra_pkg,4,3,16384,14.17
eessi,0,intra_pkg_OAM1,2,3,intra_pkg,4,3,32768,14.76
eessi,0,intra_pkg_OAM1,2,3,intra_pkg,4,3,65536,15.14
eessi,0,intra_pkg_OAM1,2,3,intra_pkg,4,3,131072,15.47
eessi,0,intra_pkg_OAM1,2,3,intra_pkg,4,3,262144,17.03
eessi,0,intra_pkg_OAM1,2,3,intra_pkg,4,3,524288,18.50
eessi,0,intra_pkg_OAM1,2,3,intra_pkg,4,3,1048576,22.62
eessi,0,intra_pkg_OAM1,2,3,intra_pkg,4,3,2097152,30.04
eessi,0,intra_pkg_OAM1,2,3,intra_pkg,4,3,4194304,41.01
eessi,0,intra_pkg_OAM1,2,3,intra_pkg,4,4,1,2.09
eessi,0,intra_pkg_OAM1,2,3,intra_pkg,4,4,2,0.49
eessi,0,intra_pkg_OAM1,2,3,intra_pkg,4,4,4,0.50
eessi,0,intra_pkg_OAM1,2,3,intra_pkg,4,4,8,0.49
eessi,0,intra_pkg_OAM1,2,3,intra_pkg,4,4,16,0.49
eessi,0,intra_pkg_OAM1,2,3,intra_pkg,4,4,32,0.49
eessi,0,intra_pkg_OAM1,2,3,intra_pkg,4,4,64,0.57
eessi,0,intra_pkg_OAM1,2,3,intra_pkg,4,4,128,0.57
eessi,0,intra_pkg_OAM1,2,3,intra_pkg,4,4,256,0.64
eessi,0,intra_pkg_OAM1,2,3,intra_pkg,4,4,512,21.04
eessi,0,intra_pkg_OAM1,2,3,intra_pkg,4,4,1024,14.23
eessi,0,intra_pkg_OAM1,2,3,intra_pkg,4,4,2048,14.41
eessi,0,intra_pkg_OAM1,2,3,intra_pkg,4,4,4096,14.16
eessi,0,intra_pkg_OAM1,2,3,intra_pkg,4,4,8192,14.56
eessi,0,intra_pkg_OAM1,2,3,intra_pkg,4,4,16384,14.43
eessi,0,intra_pkg_OAM1,2,3,intra_pkg,4,4,32768,15.04
eessi,0,intra_pkg_OAM1,2,3,intra_pkg,4,4,65536,15.24
eessi,0,intra_pkg_OAM1,2,3,intra_pkg,4,4,131072,15.83
eessi,0,intra_pkg_OAM1,2,3,intra_pkg,4,4,262144,17.41
eessi,0,intra_pkg_OAM1,2,3,intra_pkg,4,4,524288,18.53
eessi,0,intra_pkg_OAM1,2,3,intra_pkg,4,4,1048576,22.78
eessi,0,intra_pkg_OAM1,2,3,intra_pkg,4,4,2097152,30.27
eessi,0,intra_pkg_OAM1,2,3,intra_pkg,4,4,4194304,41.27
eessi,0,intra_pkg_OAM1,2,3,intra_pkg,4,5,1,2.15
eessi,0,intra_pkg_OAM1,2,3,intra_pkg,4,5,2,0.49
eessi,0,intra_pkg_OAM1,2,3,intra_pkg,4,5,4,0.53
eessi,0,intra_pkg_OAM1,2,3,intra_pkg,4,5,8,0.56
eessi,0,intra_pkg_OAM1,2,3,intra_pkg,4,5,16,0.60
eessi,0,intra_pkg_OAM1,2,3,intra_pkg,4,5,32,0.61
eessi,0,intra_pkg_OAM1,2,3,intra_pkg,4,5,64,0.70
eessi,0,intra_pkg_OAM1,2,3,intra_pkg,4,5,128,0.67
eessi,0,intra_pkg_OAM1,2,3,intra_pkg,4,5,256,0.74
eessi,0,intra_pkg_OAM1,2,3,intra_pkg,4,5,512,21.08
eessi,0,intra_pkg_OAM1,2,3,intra_pkg,4,5,1024,14.08
eessi,0,intra_pkg_OAM1,2,3,intra_pkg,4,5,2048,14.18
eessi,0,intra_pkg_OAM1,2,3,intra_pkg,4,5,4096,13.90
eessi,0,intra_pkg_OAM1,2,3,intra_pkg,4,5,8192,14.10
eessi,0,intra_pkg_OAM1,2,3,intra_pkg,4,5,16384,14.15
eessi,0,intra_pkg_OAM1,2,3,intra_pkg,4,5,32768,14.88
eessi,0,intra_pkg_OAM1,2,3,intra_pkg,4,5,65536,14.88
eessi,0,intra_pkg_OAM1,2,3,intra_pkg,4,5,131072,15.66
eessi,0,intra_pkg_OAM1,2,3,intra_pkg,4,5,262144,17.00
eessi,0,intra_pkg_OAM1,2,3,intra_pkg,4,5,524288,18.48
eessi,0,intra_pkg_OAM1,2,3,intra_pkg,4,5,1048576,22.38
eessi,0,intra_pkg_OAM1,2,3,intra_pkg,4,5,2097152,30.07
eessi,0,intra_pkg_OAM1,2,3,intra_pkg,4,5,4194304,40.99
eessi,0,intra_pkg_OAM1,2,3,intra_pkg,4,6,1,2.14
eessi,0,intra_pkg_OAM1,2,3,intra_pkg,4,6,2,0.49
eessi,0,intra_pkg_OAM1,2,3,intra_pkg,4,6,4,0.49
eessi,0,intra_pkg_OAM1,2,3,intra_pkg,4,6,8,0.49
eessi,0,intra_pkg_OAM1,2,3,intra_pkg,4,6,16,0.48
eessi,0,intra_pkg_OAM1,2,3,intra_pkg,4,6,32,0.49
eessi,0,intra_pkg_OAM1,2,3,intra_pkg,4,6,64,0.58
eessi,0,intra_pkg_OAM1,2,3,intra_pkg,4,6,128,0.57
eessi,0,intra_pkg_OAM1,2,3,intra_pkg,4,6,256,0.64
eessi,0,intra_pkg_OAM1,2,3,intra_pkg,4,6,512,21.27
eessi,0,intra_pkg_OAM1,2,3,intra_pkg,4,6,1024,13.91
eessi,0,intra_pkg_OAM1,2,3,intra_pkg,4,6,2048,14.01
eessi,0,intra_pkg_OAM1,2,3,intra_pkg,4,6,4096,14.01
eessi,0,intra_pkg_OAM1,2,3,intra_pkg,4,6,8192,14.08
eessi,0,intra_pkg_OAM1,2,3,intra_pkg,4,6,16384,14.47
eessi,0,intra_pkg_OAM1,2,3,intra_pkg,4,6,32768,14.67
eessi,0,intra_pkg_OAM1,2,3,intra_pkg,4,6,65536,14.87
eessi,0,intra_pkg_OAM1,2,3,intra_pkg,4,6,131072,15.40
eessi,0,intra_pkg_OAM1,2,3,intra_pkg,4,6,262144,17.02
eessi,0,intra_pkg_OAM1,2,3,intra_pkg,4,6,524288,18.57
eessi,0,intra_pkg_OAM1,2,3,intra_pkg,4,6,1048576,22.41
eessi,0,intra_pkg_OAM1,2,3,intra_pkg,4,6,2097152,30.14
eessi,0,intra_pkg_OAM1,2,3,intra_pkg,4,6,4194304,41.05
eessi,0,intra_pkg_OAM2,4,5,intra_pkg,4,2,1,2.16
eessi,0,intra_pkg_OAM2,4,5,intra_pkg,4,2,2,0.50
eessi,0,intra_pkg_OAM2,4,5,intra_pkg,4,2,4,0.49
eessi,0,intra_pkg_OAM2,4,5,intra_pkg,4,2,8,0.49
eessi,0,intra_pkg_OAM2,4,5,intra_pkg,4,2,16,0.53
eessi,0,intra_pkg_OAM2,4,5,intra_pkg,4,2,32,0.49
eessi,0,intra_pkg_OAM2,4,5,intra_pkg,4,2,64,0.58
eessi,0,intra_pkg_OAM2,4,5,intra_pkg,4,2,128,0.58
eessi,0,intra_pkg_OAM2,4,5,intra_pkg,4,2,256,0.64
eessi,0,intra_pkg_OAM2,4,5,intra_pkg,4,2,512,20.74
eessi,0,intra_pkg_OAM2,4,5,intra_pkg,4,2,1024,13.59
eessi,0,intra_pkg_OAM2,4,5,intra_pkg,4,2,2048,13.61
eessi,0,intra_pkg_OAM2,4,5,intra_pkg,4,2,4096,13.60
eessi,0,intra_pkg_OAM2,4,5,intra_pkg,4,2,8192,13.82
eessi,0,intra_pkg_OAM2,4,5,intra_pkg,4,2,16384,13.85
eessi,0,intra_pkg_OAM2,4,5,intra_pkg,4,2,32768,14.31
eessi,0,intra_pkg_OAM2,4,5,intra_pkg,4,2,65536,14.58
eessi,0,intra_pkg_OAM2,4,5,intra_pkg,4,2,131072,15.12
eessi,0,intra_pkg_OAM2,4,5,intra_pkg,4,2,262144,16.63
eessi,0,intra_pkg_OAM2,4,5,intra_pkg,4,2,524288,18.22
eessi,0,intra_pkg_OAM2,4,5,intra_pkg,4,2,1048576,22.05
eessi,0,intra_pkg_OAM2,4,5,intra_pkg,4,2,2097152,29.77
eessi,0,intra_pkg_OAM2,4,5,intra_pkg,4,2,4194304,40.99
eessi,0,intra_pkg_OAM2,4,5,intra_pkg,4,3,1,2.16
eessi,0,intra_pkg_OAM2,4,5,intra_pkg,4,3,2,0.49
eessi,0,intra_pkg_OAM2,4,5,intra_pkg,4,3,4,0.49
eessi,0,intra_pkg_OAM2,4,5,intra_pkg,4,3,8,0.49
eessi,0,intra_pkg_OAM2,4,5,intra_pkg,4,3,16,0.49
eessi,0,intra_pkg_OAM2,4,5,intra_pkg,4,3,32,0.49
eessi,0,intra_pkg_OAM2,4,5,intra_pkg,4,3,64,0.58
eessi,0,intra_pkg_OAM2,4,5,intra_pkg,4,3,128,0.57
eessi,0,intra_pkg_OAM2,4,5,intra_pkg,4,3,256,0.64
eessi,0,intra_pkg_OAM2,4,5,intra_pkg,4,3,512,20.71
eessi,0,intra_pkg_OAM2,4,5,intra_pkg,4,3,1024,13.85
eessi,0,intra_pkg_OAM2,4,5,intra_pkg,4,3,2048,13.59
eessi,0,intra_pkg_OAM2,4,5,intra_pkg,4,3,4096,13.57
eessi,0,intra_pkg_OAM2,4,5,intra_pkg,4,3,8192,14.07
eessi,0,intra_pkg_OAM2,4,5,intra_pkg,4,3,16384,13.86
eessi,0,intra_pkg_OAM2,4,5,intra_pkg,4,3,32768,14.39
eessi,0,intra_pkg_OAM2,4,5,intra_pkg,4,3,65536,14.64
eessi,0,intra_pkg_OAM2,4,5,intra_pkg,4,3,131072,15.16
eessi,0,intra_pkg_OAM2,4,5,intra_pkg,4,3,262144,16.69
eessi,0,intra_pkg_OAM2,4,5,intra_pkg,4,3,524288,18.09
eessi,0,intra_pkg_OAM2,4,5,intra_pkg,4,3,1048576,22.04
eessi,0,intra_pkg_OAM2,4,5,intra_pkg,4,3,2097152,29.94
eessi,0,intra_pkg_OAM2,4,5,intra_pkg,4,3,4194304,40.94
eessi,0,intra_pkg_OAM2,4,5,intra_pkg,4,4,1,2.17
eessi,0,intra_pkg_OAM2,4,5,intra_pkg,4,4,2,0.50
eessi,0,intra_pkg_OAM2,4,5,intra_pkg,4,4,4,0.53
eessi,0,intra_pkg_OAM2,4,5,intra_pkg,4,4,8,0.51
eessi,0,intra_pkg_OAM2,4,5,intra_pkg,4,4,16,0.60
eessi,0,intra_pkg_OAM2,4,5,intra_pkg,4,4,32,0.61
eessi,0,intra_pkg_OAM2,4,5,intra_pkg,4,4,64,0.70
eessi,0,intra_pkg_OAM2,4,5,intra_pkg,4,4,128,0.66
eessi,0,intra_pkg_OAM2,4,5,intra_pkg,4,4,256,0.76
eessi,0,intra_pkg_OAM2,4,5,intra_pkg,4,4,512,20.86
eessi,0,intra_pkg_OAM2,4,5,intra_pkg,4,4,1024,13.67
eessi,0,intra_pkg_OAM2,4,5,intra_pkg,4,4,2048,13.84
eessi,0,intra_pkg_OAM2,4,5,intra_pkg,4,4,4096,13.66
eessi,0,intra_pkg_OAM2,4,5,intra_pkg,4,4,8192,13.90
eessi,0,intra_pkg_OAM2,4,5,intra_pkg,4,4,16384,13.85
eessi,0,intra_pkg_OAM2,4,5,intra_pkg,4,4,32768,14.58
eessi,0,intra_pkg_OAM2,4,5,intra_pkg,4,4,65536,14.57
eessi,0,intra_pkg_OAM2,4,5,intra_pkg,4,4,131072,15.31
eessi,0,intra_pkg_OAM2,4,5,intra_pkg,4,4,262144,16.83
eessi,0,intra_pkg_OAM2,4,5,intra_pkg,4,4,524288,18.21
eessi,0,intra_pkg_OAM2,4,5,intra_pkg,4,4,1048576,22.19
eessi,0,intra_pkg_OAM2,4,5,intra_pkg,4,4,2097152,29.90
eessi,0,intra_pkg_OAM2,4,5,intra_pkg,4,4,4194304,40.94
eessi,0,intra_pkg_OAM2,4,5,intra_pkg,4,5,1,2.15
eessi,0,intra_pkg_OAM2,4,5,intra_pkg,4,5,2,0.49
eessi,0,intra_pkg_OAM2,4,5,intra_pkg,4,5,4,0.49
eessi,0,intra_pkg_OAM2,4,5,intra_pkg,4,5,8,0.50
eessi,0,intra_pkg_OAM2,4,5,intra_pkg,4,5,16,0.49
eessi,0,intra_pkg_OAM2,4,5,intra_pkg,4,5,32,0.50
eessi,0,intra_pkg_OAM2,4,5,intra_pkg,4,5,64,0.57
eessi,0,intra_pkg_OAM2,4,5,intra_pkg,4,5,128,0.58
eessi,0,intra_pkg_OAM2,4,5,intra_pkg,4,5,256,0.64
eessi,0,intra_pkg_OAM2,4,5,intra_pkg,4,5,512,20.71
eessi,0,intra_pkg_OAM2,4,5,intra_pkg,4,5,1024,13.54
eessi,0,intra_pkg_OAM2,4,5,intra_pkg,4,5,2048,13.51
eessi,0,intra_pkg_OAM2,4,5,intra_pkg,4,5,4096,13.52
eessi,0,intra_pkg_OAM2,4,5,intra_pkg,4,5,8192,13.76
eessi,0,intra_pkg_OAM2,4,5,intra_pkg,4,5,16384,13.81
eessi,0,intra_pkg_OAM2,4,5,intra_pkg,4,5,32768,14.30
eessi,0,intra_pkg_OAM2,4,5,intra_pkg,4,5,65536,14.53
eessi,0,intra_pkg_OAM2,4,5,intra_pkg,4,5,131072,15.12
eessi,0,intra_pkg_OAM2,4,5,intra_pkg,4,5,262144,16.72
eessi,0,intra_pkg_OAM2,4,5,intra_pkg,4,5,524288,18.10
eessi,0,intra_pkg_OAM2,4,5,intra_pkg,4,5,1048576,22.10
eessi,0,intra_pkg_OAM2,4,5,intra_pkg,4,5,2097152,29.89
eessi,0,intra_pkg_OAM2,4,5,intra_pkg,4,5,4194304,40.94
eessi,0,intra_pkg_OAM2,4,5,intra_pkg,4,6,1,2.15
eessi,0,intra_pkg_OAM2,4,5,intra_pkg,4,6,2,0.49
eessi,0,intra_pkg_OAM2,4,5,intra_pkg,4,6,4,0.52
eessi,0,intra_pkg_OAM2,4,5,intra_pkg,4,6,8,0.53
eessi,0,intra_pkg_OAM2,4,5,intra_pkg,4,6,16,0.54
eessi,0,intra_pkg_OAM2,4,5,intra_pkg,4,6,32,0.51
eessi,0,intra_pkg_OAM2,4,5,intra_pkg,4,6,64,0.62
eessi,0,intra_pkg_OAM2,4,5,intra_pkg,4,6,128,0.64
eessi,0,intra_pkg_OAM2,4,5,intra_pkg,4,6,256,0.67
eessi,0,intra_pkg_OAM2,4,5,intra_pkg,4,6,512,21.31
eessi,0,intra_pkg_OAM2,4,5,intra_pkg,4,6,1024,13.94
eessi,0,intra_pkg_OAM2,4,5,intra_pkg,4,6,2048,13.65
eessi,0,intra_pkg_OAM2,4,5,intra_pkg,4,6,4096,13.59
eessi,0,intra_pkg_OAM2,4,5,intra_pkg,4,6,8192,13.99
eessi,0,intra_pkg_OAM2,4,5,intra_pkg,4,6,16384,13.84
eessi,0,intra_pkg_OAM2,4,5,intra_pkg,4,6,32768,14.34
eessi,0,intra_pkg_OAM2,4,5,intra_pkg,4,6,65536,14.58
eessi,0,intra_pkg_OAM2,4,5,intra_pkg,4,6,131072,15.13
eessi,0,intra_pkg_OAM2,4,5,intra_pkg,4,6,262144,16.82
eessi,0,intra_pkg_OAM2,4,5,intra_pkg,4,6,524288,18.08
eessi,0,intra_pkg_OAM2,4,5,intra_pkg,4,6,1048576,22.17
eessi,0,intra_pkg_OAM2,4,5,intra_pkg,4,6,2097152,29.81
eessi,0,intra_pkg_OAM2,4,5,intra_pkg,4,6,4194304,41.08
eessi,0,inter_pkg_2link_06,0,6,inter_pkg_2link,2,2,1,2.16
eessi,0,inter_pkg_2link_06,0,6,inter_pkg_2link,2,2,2,0.49
eessi,0,inter_pkg_2link_06,0,6,inter_pkg_2link,2,2,4,0.49
eessi,0,inter_pkg_2link_06,0,6,inter_pkg_2link,2,2,8,0.49
eessi,0,inter_pkg_2link_06,0,6,inter_pkg_2link,2,2,16,0.49
eessi,0,inter_pkg_2link_06,0,6,inter_pkg_2link,2,2,32,0.49
eessi,0,inter_pkg_2link_06,0,6,inter_pkg_2link,2,2,64,0.57
eessi,0,inter_pkg_2link_06,0,6,inter_pkg_2link,2,2,128,0.57
eessi,0,inter_pkg_2link_06,0,6,inter_pkg_2link,2,2,256,0.64
eessi,0,inter_pkg_2link_06,0,6,inter_pkg_2link,2,2,512,22.93
eessi,0,inter_pkg_2link_06,0,6,inter_pkg_2link,2,2,1024,15.86
eessi,0,inter_pkg_2link_06,0,6,inter_pkg_2link,2,2,2048,15.90
eessi,0,inter_pkg_2link_06,0,6,inter_pkg_2link,2,2,4096,15.86
eessi,0,inter_pkg_2link_06,0,6,inter_pkg_2link,2,2,8192,15.76
eessi,0,inter_pkg_2link_06,0,6,inter_pkg_2link,2,2,16384,15.84
eessi,0,inter_pkg_2link_06,0,6,inter_pkg_2link,2,2,32768,16.42
eessi,0,inter_pkg_2link_06,0,6,inter_pkg_2link,2,2,65536,16.86
eessi,0,inter_pkg_2link_06,0,6,inter_pkg_2link,2,2,131072,17.82
eessi,0,inter_pkg_2link_06,0,6,inter_pkg_2link,2,2,262144,20.18
eessi,0,inter_pkg_2link_06,0,6,inter_pkg_2link,2,2,524288,23.05
eessi,0,inter_pkg_2link_06,0,6,inter_pkg_2link,2,2,1048576,30.77
eessi,0,inter_pkg_2link_06,0,6,inter_pkg_2link,2,2,2097152,42.55
eessi,0,inter_pkg_2link_06,0,6,inter_pkg_2link,2,2,4194304,66.50
eessi,0,inter_pkg_2link_06,0,6,inter_pkg_2link,2,3,1,2.06
eessi,0,inter_pkg_2link_06,0,6,inter_pkg_2link,2,3,2,0.49
eessi,0,inter_pkg_2link_06,0,6,inter_pkg_2link,2,3,4,0.49
eessi,0,inter_pkg_2link_06,0,6,inter_pkg_2link,2,3,8,0.49
eessi,0,inter_pkg_2link_06,0,6,inter_pkg_2link,2,3,16,0.49
eessi,0,inter_pkg_2link_06,0,6,inter_pkg_2link,2,3,32,0.49
eessi,0,inter_pkg_2link_06,0,6,inter_pkg_2link,2,3,64,0.60
eessi,0,inter_pkg_2link_06,0,6,inter_pkg_2link,2,3,128,0.57
eessi,0,inter_pkg_2link_06,0,6,inter_pkg_2link,2,3,256,0.63
eessi,0,inter_pkg_2link_06,0,6,inter_pkg_2link,2,3,512,23.22
eessi,0,inter_pkg_2link_06,0,6,inter_pkg_2link,2,3,1024,15.98
eessi,0,inter_pkg_2link_06,0,6,inter_pkg_2link,2,3,2048,16.11
eessi,0,inter_pkg_2link_06,0,6,inter_pkg_2link,2,3,4096,16.00
eessi,0,inter_pkg_2link_06,0,6,inter_pkg_2link,2,3,8192,15.79
eessi,0,inter_pkg_2link_06,0,6,inter_pkg_2link,2,3,16384,16.12
eessi,0,inter_pkg_2link_06,0,6,inter_pkg_2link,2,3,32768,16.48
eessi,0,inter_pkg_2link_06,0,6,inter_pkg_2link,2,3,65536,17.17
eessi,0,inter_pkg_2link_06,0,6,inter_pkg_2link,2,3,131072,18.07
eessi,0,inter_pkg_2link_06,0,6,inter_pkg_2link,2,3,262144,20.39
eessi,0,inter_pkg_2link_06,0,6,inter_pkg_2link,2,3,524288,23.37
eessi,0,inter_pkg_2link_06,0,6,inter_pkg_2link,2,3,1048576,30.94
eessi,0,inter_pkg_2link_06,0,6,inter_pkg_2link,2,3,2097152,42.41
eessi,0,inter_pkg_2link_06,0,6,inter_pkg_2link,2,3,4194304,66.52
eessi,0,inter_pkg_2link_06,0,6,inter_pkg_2link,2,4,1,2.06
eessi,0,inter_pkg_2link_06,0,6,inter_pkg_2link,2,4,2,0.49
eessi,0,inter_pkg_2link_06,0,6,inter_pkg_2link,2,4,4,0.49
eessi,0,inter_pkg_2link_06,0,6,inter_pkg_2link,2,4,8,0.49
eessi,0,inter_pkg_2link_06,0,6,inter_pkg_2link,2,4,16,0.48
eessi,0,inter_pkg_2link_06,0,6,inter_pkg_2link,2,4,32,0.49
eessi,0,inter_pkg_2link_06,0,6,inter_pkg_2link,2,4,64,0.57
eessi,0,inter_pkg_2link_06,0,6,inter_pkg_2link,2,4,128,0.57
eessi,0,inter_pkg_2link_06,0,6,inter_pkg_2link,2,4,256,0.63
eessi,0,inter_pkg_2link_06,0,6,inter_pkg_2link,2,4,512,23.29
eessi,0,inter_pkg_2link_06,0,6,inter_pkg_2link,2,4,1024,16.00
eessi,0,inter_pkg_2link_06,0,6,inter_pkg_2link,2,4,2048,16.09
eessi,0,inter_pkg_2link_06,0,6,inter_pkg_2link,2,4,4096,16.20
eessi,0,inter_pkg_2link_06,0,6,inter_pkg_2link,2,4,8192,15.86
eessi,0,inter_pkg_2link_06,0,6,inter_pkg_2link,2,4,16384,16.05
eessi,0,inter_pkg_2link_06,0,6,inter_pkg_2link,2,4,32768,16.73
eessi,0,inter_pkg_2link_06,0,6,inter_pkg_2link,2,4,65536,17.18
eessi,0,inter_pkg_2link_06,0,6,inter_pkg_2link,2,4,131072,18.09
eessi,0,inter_pkg_2link_06,0,6,inter_pkg_2link,2,4,262144,20.45
eessi,0,inter_pkg_2link_06,0,6,inter_pkg_2link,2,4,524288,23.29
eessi,0,inter_pkg_2link_06,0,6,inter_pkg_2link,2,4,1048576,30.83
eessi,0,inter_pkg_2link_06,0,6,inter_pkg_2link,2,4,2097152,42.61
eessi,0,inter_pkg_2link_06,0,6,inter_pkg_2link,2,4,4194304,66.62
eessi,0,inter_pkg_2link_06,0,6,inter_pkg_2link,2,5,1,2.15
eessi,0,inter_pkg_2link_06,0,6,inter_pkg_2link,2,5,2,0.49
eessi,0,inter_pkg_2link_06,0,6,inter_pkg_2link,2,5,4,0.49
eessi,0,inter_pkg_2link_06,0,6,inter_pkg_2link,2,5,8,0.49
eessi,0,inter_pkg_2link_06,0,6,inter_pkg_2link,2,5,16,0.49
eessi,0,inter_pkg_2link_06,0,6,inter_pkg_2link,2,5,32,0.49
eessi,0,inter_pkg_2link_06,0,6,inter_pkg_2link,2,5,64,0.59
eessi,0,inter_pkg_2link_06,0,6,inter_pkg_2link,2,5,128,0.57
eessi,0,inter_pkg_2link_06,0,6,inter_pkg_2link,2,5,256,0.64
eessi,0,inter_pkg_2link_06,0,6,inter_pkg_2link,2,5,512,23.00
eessi,0,inter_pkg_2link_06,0,6,inter_pkg_2link,2,5,1024,16.01
eessi,0,inter_pkg_2link_06,0,6,inter_pkg_2link,2,5,2048,15.97
eessi,0,inter_pkg_2link_06,0,6,inter_pkg_2link,2,5,4096,15.92
eessi,0,inter_pkg_2link_06,0,6,inter_pkg_2link,2,5,8192,15.94
eessi,0,inter_pkg_2link_06,0,6,inter_pkg_2link,2,5,16384,15.89
eessi,0,inter_pkg_2link_06,0,6,inter_pkg_2link,2,5,32768,16.83
eessi,0,inter_pkg_2link_06,0,6,inter_pkg_2link,2,5,65536,16.97
eessi,0,inter_pkg_2link_06,0,6,inter_pkg_2link,2,5,131072,18.14
eessi,0,inter_pkg_2link_06,0,6,inter_pkg_2link,2,5,262144,20.19
eessi,0,inter_pkg_2link_06,0,6,inter_pkg_2link,2,5,524288,23.34
eessi,0,inter_pkg_2link_06,0,6,inter_pkg_2link,2,5,1048576,30.96
eessi,0,inter_pkg_2link_06,0,6,inter_pkg_2link,2,5,2097152,42.65
eessi,0,inter_pkg_2link_06,0,6,inter_pkg_2link,2,5,4194304,66.77
eessi,0,inter_pkg_2link_06,0,6,inter_pkg_2link,2,6,1,2.11
eessi,0,inter_pkg_2link_06,0,6,inter_pkg_2link,2,6,2,0.50
eessi,0,inter_pkg_2link_06,0,6,inter_pkg_2link,2,6,4,0.50
eessi,0,inter_pkg_2link_06,0,6,inter_pkg_2link,2,6,8,0.50
eessi,0,inter_pkg_2link_06,0,6,inter_pkg_2link,2,6,16,0.50
eessi,0,inter_pkg_2link_06,0,6,inter_pkg_2link,2,6,32,0.50
eessi,0,inter_pkg_2link_06,0,6,inter_pkg_2link,2,6,64,0.58
eessi,0,inter_pkg_2link_06,0,6,inter_pkg_2link,2,6,128,0.58
eessi,0,inter_pkg_2link_06,0,6,inter_pkg_2link,2,6,256,0.65
eessi,0,inter_pkg_2link_06,0,6,inter_pkg_2link,2,6,512,23.41
eessi,0,inter_pkg_2link_06,0,6,inter_pkg_2link,2,6,1024,15.93
eessi,0,inter_pkg_2link_06,0,6,inter_pkg_2link,2,6,2048,15.89
eessi,0,inter_pkg_2link_06,0,6,inter_pkg_2link,2,6,4096,16.00
eessi,0,inter_pkg_2link_06,0,6,inter_pkg_2link,2,6,8192,16.14
eessi,0,inter_pkg_2link_06,0,6,inter_pkg_2link,2,6,16384,15.91
eessi,0,inter_pkg_2link_06,0,6,inter_pkg_2link,2,6,32768,16.89
eessi,0,inter_pkg_2link_06,0,6,inter_pkg_2link,2,6,65536,16.91
eessi,0,inter_pkg_2link_06,0,6,inter_pkg_2link,2,6,131072,18.05
eessi,0,inter_pkg_2link_06,0,6,inter_pkg_2link,2,6,262144,20.22
eessi,0,inter_pkg_2link_06,0,6,inter_pkg_2link,2,6,524288,23.31
eessi,0,inter_pkg_2link_06,0,6,inter_pkg_2link,2,6,1048576,30.88
eessi,0,inter_pkg_2link_06,0,6,inter_pkg_2link,2,6,2097152,42.65
eessi,0,inter_pkg_2link_06,0,6,inter_pkg_2link,2,6,4194304,66.73
eessi,0,inter_pkg_2link_24,2,4,inter_pkg_2link,2,2,1,2.07
eessi,0,inter_pkg_2link_24,2,4,inter_pkg_2link,2,2,2,0.49
eessi,0,inter_pkg_2link_24,2,4,inter_pkg_2link,2,2,4,0.49
eessi,0,inter_pkg_2link_24,2,4,inter_pkg_2link,2,2,8,0.49
eessi,0,inter_pkg_2link_24,2,4,inter_pkg_2link,2,2,16,0.49
eessi,0,inter_pkg_2link_24,2,4,inter_pkg_2link,2,2,32,0.49
eessi,0,inter_pkg_2link_24,2,4,inter_pkg_2link,2,2,64,0.57
eessi,0,inter_pkg_2link_24,2,4,inter_pkg_2link,2,2,128,0.57
eessi,0,inter_pkg_2link_24,2,4,inter_pkg_2link,2,2,256,0.63
eessi,0,inter_pkg_2link_24,2,4,inter_pkg_2link,2,2,512,22.64
eessi,0,inter_pkg_2link_24,2,4,inter_pkg_2link,2,2,1024,15.17
eessi,0,inter_pkg_2link_24,2,4,inter_pkg_2link,2,2,2048,15.26
eessi,0,inter_pkg_2link_24,2,4,inter_pkg_2link,2,2,4096,15.32
eessi,0,inter_pkg_2link_24,2,4,inter_pkg_2link,2,2,8192,15.14
eessi,0,inter_pkg_2link_24,2,4,inter_pkg_2link,2,2,16384,15.05
eessi,0,inter_pkg_2link_24,2,4,inter_pkg_2link,2,2,32768,15.62
eessi,0,inter_pkg_2link_24,2,4,inter_pkg_2link,2,2,65536,16.31
eessi,0,inter_pkg_2link_24,2,4,inter_pkg_2link,2,2,131072,17.06
eessi,0,inter_pkg_2link_24,2,4,inter_pkg_2link,2,2,262144,19.59
eessi,0,inter_pkg_2link_24,2,4,inter_pkg_2link,2,2,524288,22.47
eessi,0,inter_pkg_2link_24,2,4,inter_pkg_2link,2,2,1048576,30.24
eessi,0,inter_pkg_2link_24,2,4,inter_pkg_2link,2,2,2097152,42.26
eessi,0,inter_pkg_2link_24,2,4,inter_pkg_2link,2,2,4194304,66.41
eessi,0,inter_pkg_2link_24,2,4,inter_pkg_2link,2,3,1,2.16
eessi,0,inter_pkg_2link_24,2,4,inter_pkg_2link,2,3,2,0.50
eessi,0,inter_pkg_2link_24,2,4,inter_pkg_2link,2,3,4,0.50
eessi,0,inter_pkg_2link_24,2,4,inter_pkg_2link,2,3,8,0.50
eessi,0,inter_pkg_2link_24,2,4,inter_pkg_2link,2,3,16,0.50
eessi,0,inter_pkg_2link_24,2,4,inter_pkg_2link,2,3,32,0.50
eessi,0,inter_pkg_2link_24,2,4,inter_pkg_2link,2,3,64,0.58
eessi,0,inter_pkg_2link_24,2,4,inter_pkg_2link,2,3,128,0.58
eessi,0,inter_pkg_2link_24,2,4,inter_pkg_2link,2,3,256,0.64
eessi,0,inter_pkg_2link_24,2,4,inter_pkg_2link,2,3,512,22.77
eessi,0,inter_pkg_2link_24,2,4,inter_pkg_2link,2,3,1024,15.15
eessi,0,inter_pkg_2link_24,2,4,inter_pkg_2link,2,3,2048,15.28
eessi,0,inter_pkg_2link_24,2,4,inter_pkg_2link,2,3,4096,15.37
eessi,0,inter_pkg_2link_24,2,4,inter_pkg_2link,2,3,8192,15.09
eessi,0,inter_pkg_2link_24,2,4,inter_pkg_2link,2,3,16384,15.32
eessi,0,inter_pkg_2link_24,2,4,inter_pkg_2link,2,3,32768,15.69
eessi,0,inter_pkg_2link_24,2,4,inter_pkg_2link,2,3,65536,16.38
eessi,0,inter_pkg_2link_24,2,4,inter_pkg_2link,2,3,131072,17.08
eessi,0,inter_pkg_2link_24,2,4,inter_pkg_2link,2,3,262144,19.61
eessi,0,inter_pkg_2link_24,2,4,inter_pkg_2link,2,3,524288,22.26
eessi,0,inter_pkg_2link_24,2,4,inter_pkg_2link,2,3,1048576,30.34
eessi,0,inter_pkg_2link_24,2,4,inter_pkg_2link,2,3,2097152,42.10
eessi,0,inter_pkg_2link_24,2,4,inter_pkg_2link,2,3,4194304,66.20
eessi,0,inter_pkg_2link_24,2,4,inter_pkg_2link,2,4,1,2.18
eessi,0,inter_pkg_2link_24,2,4,inter_pkg_2link,2,4,2,0.54
eessi,0,inter_pkg_2link_24,2,4,inter_pkg_2link,2,4,4,0.52
eessi,0,inter_pkg_2link_24,2,4,inter_pkg_2link,2,4,8,0.52
eessi,0,inter_pkg_2link_24,2,4,inter_pkg_2link,2,4,16,0.52
eessi,0,inter_pkg_2link_24,2,4,inter_pkg_2link,2,4,32,0.52
eessi,0,inter_pkg_2link_24,2,4,inter_pkg_2link,2,4,64,0.60
eessi,0,inter_pkg_2link_24,2,4,inter_pkg_2link,2,4,128,0.60
eessi,0,inter_pkg_2link_24,2,4,inter_pkg_2link,2,4,256,0.66
eessi,0,inter_pkg_2link_24,2,4,inter_pkg_2link,2,4,512,22.26
eessi,0,inter_pkg_2link_24,2,4,inter_pkg_2link,2,4,1024,15.11
eessi,0,inter_pkg_2link_24,2,4,inter_pkg_2link,2,4,2048,15.38
eessi,0,inter_pkg_2link_24,2,4,inter_pkg_2link,2,4,4096,15.02
eessi,0,inter_pkg_2link_24,2,4,inter_pkg_2link,2,4,8192,14.97
eessi,0,inter_pkg_2link_24,2,4,inter_pkg_2link,2,4,16384,15.38
eessi,0,inter_pkg_2link_24,2,4,inter_pkg_2link,2,4,32768,15.63
eessi,0,inter_pkg_2link_24,2,4,inter_pkg_2link,2,4,65536,16.12
eessi,0,inter_pkg_2link_24,2,4,inter_pkg_2link,2,4,131072,17.05
eessi,0,inter_pkg_2link_24,2,4,inter_pkg_2link,2,4,262144,19.38
eessi,0,inter_pkg_2link_24,2,4,inter_pkg_2link,2,4,524288,22.21
eessi,0,inter_pkg_2link_24,2,4,inter_pkg_2link,2,4,1048576,30.23
eessi,0,inter_pkg_2link_24,2,4,inter_pkg_2link,2,4,2097152,41.94
eessi,0,inter_pkg_2link_24,2,4,inter_pkg_2link,2,4,4194304,66.24
eessi,0,inter_pkg_2link_24,2,4,inter_pkg_2link,2,5,1,2.16
eessi,0,inter_pkg_2link_24,2,4,inter_pkg_2link,2,5,2,0.49
eessi,0,inter_pkg_2link_24,2,4,inter_pkg_2link,2,5,4,0.49
eessi,0,inter_pkg_2link_24,2,4,inter_pkg_2link,2,5,8,0.49
eessi,0,inter_pkg_2link_24,2,4,inter_pkg_2link,2,5,16,0.49
eessi,0,inter_pkg_2link_24,2,4,inter_pkg_2link,2,5,32,0.49
eessi,0,inter_pkg_2link_24,2,4,inter_pkg_2link,2,5,64,0.60
eessi,0,inter_pkg_2link_24,2,4,inter_pkg_2link,2,5,128,0.64
eessi,0,inter_pkg_2link_24,2,4,inter_pkg_2link,2,5,256,0.73
eessi,0,inter_pkg_2link_24,2,4,inter_pkg_2link,2,5,512,22.54
eessi,0,inter_pkg_2link_24,2,4,inter_pkg_2link,2,5,1024,15.09
eessi,0,inter_pkg_2link_24,2,4,inter_pkg_2link,2,5,2048,15.32
eessi,0,inter_pkg_2link_24,2,4,inter_pkg_2link,2,5,4096,15.02
eessi,0,inter_pkg_2link_24,2,4,inter_pkg_2link,2,5,8192,15.49
eessi,0,inter_pkg_2link_24,2,4,inter_pkg_2link,2,5,16384,15.28
eessi,0,inter_pkg_2link_24,2,4,inter_pkg_2link,2,5,32768,15.67
eessi,0,inter_pkg_2link_24,2,4,inter_pkg_2link,2,5,65536,16.19
eessi,0,inter_pkg_2link_24,2,4,inter_pkg_2link,2,5,131072,17.27
eessi,0,inter_pkg_2link_24,2,4,inter_pkg_2link,2,5,262144,19.43
eessi,0,inter_pkg_2link_24,2,4,inter_pkg_2link,2,5,524288,22.26
eessi,0,inter_pkg_2link_24,2,4,inter_pkg_2link,2,5,1048576,30.42
eessi,0,inter_pkg_2link_24,2,4,inter_pkg_2link,2,5,2097152,42.18
eessi,0,inter_pkg_2link_24,2,4,inter_pkg_2link,2,5,4194304,66.49
eessi,0,inter_pkg_2link_24,2,4,inter_pkg_2link,2,6,1,2.16
eessi,0,inter_pkg_2link_24,2,4,inter_pkg_2link,2,6,2,0.49
eessi,0,inter_pkg_2link_24,2,4,inter_pkg_2link,2,6,4,0.49
eessi,0,inter_pkg_2link_24,2,4,inter_pkg_2link,2,6,8,0.49
eessi,0,inter_pkg_2link_24,2,4,inter_pkg_2link,2,6,16,0.49
eessi,0,inter_pkg_2link_24,2,4,inter_pkg_2link,2,6,32,0.49
eessi,0,inter_pkg_2link_24,2,4,inter_pkg_2link,2,6,64,0.57
eessi,0,inter_pkg_2link_24,2,4,inter_pkg_2link,2,6,128,0.62
eessi,0,inter_pkg_2link_24,2,4,inter_pkg_2link,2,6,256,0.63
eessi,0,inter_pkg_2link_24,2,4,inter_pkg_2link,2,6,512,22.13
eessi,0,inter_pkg_2link_24,2,4,inter_pkg_2link,2,6,1024,15.13
eessi,0,inter_pkg_2link_24,2,4,inter_pkg_2link,2,6,2048,15.11
eessi,0,inter_pkg_2link_24,2,4,inter_pkg_2link,2,6,4096,15.26
eessi,0,inter_pkg_2link_24,2,4,inter_pkg_2link,2,6,8192,14.94
eessi,0,inter_pkg_2link_24,2,4,inter_pkg_2link,2,6,16384,15.04
eessi,0,inter_pkg_2link_24,2,4,inter_pkg_2link,2,6,32768,15.63
eessi,0,inter_pkg_2link_24,2,4,inter_pkg_2link,2,6,65536,16.24
eessi,0,inter_pkg_2link_24,2,4,inter_pkg_2link,2,6,131072,17.22
eessi,0,inter_pkg_2link_24,2,4,inter_pkg_2link,2,6,262144,19.32
eessi,0,inter_pkg_2link_24,2,4,inter_pkg_2link,2,6,524288,22.18
eessi,0,inter_pkg_2link_24,2,4,inter_pkg_2link,2,6,1048576,30.22
eessi,0,inter_pkg_2link_24,2,4,inter_pkg_2link,2,6,2097152,41.94
eessi,0,inter_pkg_2link_24,2,4,inter_pkg_2link,2,6,4194304,66.38
eessi,0,inter_pkg_1link_02,0,2,inter_pkg_1link,1,2,1,2.17
eessi,0,inter_pkg_1link_02,0,2,inter_pkg_1link,1,2,2,0.50
eessi,0,inter_pkg_1link_02,0,2,inter_pkg_1link,1,2,4,0.50
eessi,0,inter_pkg_1link_02,0,2,inter_pkg_1link,1,2,8,0.50
eessi,0,inter_pkg_1link_02,0,2,inter_pkg_1link,1,2,16,0.50
eessi,0,inter_pkg_1link_02,0,2,inter_pkg_1link,1,2,32,0.50
eessi,0,inter_pkg_1link_02,0,2,inter_pkg_1link,1,2,64,0.59
eessi,0,inter_pkg_1link_02,0,2,inter_pkg_1link,1,2,128,0.58
eessi,0,inter_pkg_1link_02,0,2,inter_pkg_1link,1,2,256,0.64
eessi,0,inter_pkg_1link_02,0,2,inter_pkg_1link,1,2,512,22.80
eessi,0,inter_pkg_1link_02,0,2,inter_pkg_1link,1,2,1024,15.89
eessi,0,inter_pkg_1link_02,0,2,inter_pkg_1link,1,2,2048,15.93
eessi,0,inter_pkg_1link_02,0,2,inter_pkg_1link,1,2,4096,15.89
eessi,0,inter_pkg_1link_02,0,2,inter_pkg_1link,1,2,8192,15.64
eessi,0,inter_pkg_1link_02,0,2,inter_pkg_1link,1,2,16384,15.83
eessi,0,inter_pkg_1link_02,0,2,inter_pkg_1link,1,2,32768,16.63
eessi,0,inter_pkg_1link_02,0,2,inter_pkg_1link,1,2,65536,17.44
eessi,0,inter_pkg_1link_02,0,2,inter_pkg_1link,1,2,131072,19.25
eessi,0,inter_pkg_1link_02,0,2,inter_pkg_1link,1,2,262144,23.15
eessi,0,inter_pkg_1link_02,0,2,inter_pkg_1link,1,2,524288,29.92
eessi,0,inter_pkg_1link_02,0,2,inter_pkg_1link,1,2,1048576,43.37
eessi,0,inter_pkg_1link_02,0,2,inter_pkg_1link,1,2,2097152,66.54
eessi,0,inter_pkg_1link_02,0,2,inter_pkg_1link,1,2,4194304,118.43
eessi,0,inter_pkg_1link_02,0,2,inter_pkg_1link,1,3,1,2.14
eessi,0,inter_pkg_1link_02,0,2,inter_pkg_1link,1,3,2,0.49
eessi,0,inter_pkg_1link_02,0,2,inter_pkg_1link,1,3,4,0.49
eessi,0,inter_pkg_1link_02,0,2,inter_pkg_1link,1,3,8,0.49
eessi,0,inter_pkg_1link_02,0,2,inter_pkg_1link,1,3,16,0.49
eessi,0,inter_pkg_1link_02,0,2,inter_pkg_1link,1,3,32,0.49
eessi,0,inter_pkg_1link_02,0,2,inter_pkg_1link,1,3,64,0.58
eessi,0,inter_pkg_1link_02,0,2,inter_pkg_1link,1,3,128,0.57
eessi,0,inter_pkg_1link_02,0,2,inter_pkg_1link,1,3,256,0.64
eessi,0,inter_pkg_1link_02,0,2,inter_pkg_1link,1,3,512,22.76
eessi,0,inter_pkg_1link_02,0,2,inter_pkg_1link,1,3,1024,15.59
eessi,0,inter_pkg_1link_02,0,2,inter_pkg_1link,1,3,2048,15.62
eessi,0,inter_pkg_1link_02,0,2,inter_pkg_1link,1,3,4096,15.58
eessi,0,inter_pkg_1link_02,0,2,inter_pkg_1link,1,3,8192,15.62
eessi,0,inter_pkg_1link_02,0,2,inter_pkg_1link,1,3,16384,15.81
eessi,0,inter_pkg_1link_02,0,2,inter_pkg_1link,1,3,32768,16.89
eessi,0,inter_pkg_1link_02,0,2,inter_pkg_1link,1,3,65536,18.71
eessi,0,inter_pkg_1link_02,0,2,inter_pkg_1link,1,3,131072,19.61
eessi,0,inter_pkg_1link_02,0,2,inter_pkg_1link,1,3,262144,23.27
eessi,0,inter_pkg_1link_02,0,2,inter_pkg_1link,1,3,524288,29.98
eessi,0,inter_pkg_1link_02,0,2,inter_pkg_1link,1,3,1048576,43.30
eessi,0,inter_pkg_1link_02,0,2,inter_pkg_1link,1,3,2097152,66.58
eessi,0,inter_pkg_1link_02,0,2,inter_pkg_1link,1,3,4194304,118.49
eessi,0,inter_pkg_1link_02,0,2,inter_pkg_1link,1,4,1,2.16
eessi,0,inter_pkg_1link_02,0,2,inter_pkg_1link,1,4,2,0.49
eessi,0,inter_pkg_1link_02,0,2,inter_pkg_1link,1,4,4,0.49
eessi,0,inter_pkg_1link_02,0,2,inter_pkg_1link,1,4,8,0.49
eessi,0,inter_pkg_1link_02,0,2,inter_pkg_1link,1,4,16,0.50
eessi,0,inter_pkg_1link_02,0,2,inter_pkg_1link,1,4,32,0.49
eessi,0,inter_pkg_1link_02,0,2,inter_pkg_1link,1,4,64,0.58
eessi,0,inter_pkg_1link_02,0,2,inter_pkg_1link,1,4,128,0.58
eessi,0,inter_pkg_1link_02,0,2,inter_pkg_1link,1,4,256,0.64
eessi,0,inter_pkg_1link_02,0,2,inter_pkg_1link,1,4,512,22.72
eessi,0,inter_pkg_1link_02,0,2,inter_pkg_1link,1,4,1024,15.94
eessi,0,inter_pkg_1link_02,0,2,inter_pkg_1link,1,4,2048,15.69
eessi,0,inter_pkg_1link_02,0,2,inter_pkg_1link,1,4,4096,15.60
eessi,0,inter_pkg_1link_02,0,2,inter_pkg_1link,1,4,8192,15.64
eessi,0,inter_pkg_1link_02,0,2,inter_pkg_1link,1,4,16384,15.88
eessi,0,inter_pkg_1link_02,0,2,inter_pkg_1link,1,4,32768,16.63
eessi,0,inter_pkg_1link_02,0,2,inter_pkg_1link,1,4,65536,17.44
eessi,0,inter_pkg_1link_02,0,2,inter_pkg_1link,1,4,131072,19.25
eessi,0,inter_pkg_1link_02,0,2,inter_pkg_1link,1,4,262144,23.18
eessi,0,inter_pkg_1link_02,0,2,inter_pkg_1link,1,4,524288,29.92
eessi,0,inter_pkg_1link_02,0,2,inter_pkg_1link,1,4,1048576,43.34
eessi,0,inter_pkg_1link_02,0,2,inter_pkg_1link,1,4,2097152,66.58
eessi,0,inter_pkg_1link_02,0,2,inter_pkg_1link,1,4,4194304,118.53
eessi,0,inter_pkg_1link_02,0,2,inter_pkg_1link,1,5,1,2.15
eessi,0,inter_pkg_1link_02,0,2,inter_pkg_1link,1,5,2,0.51
eessi,0,inter_pkg_1link_02,0,2,inter_pkg_1link,1,5,4,0.51
eessi,0,inter_pkg_1link_02,0,2,inter_pkg_1link,1,5,8,0.50
eessi,0,inter_pkg_1link_02,0,2,inter_pkg_1link,1,5,16,0.50
eessi,0,inter_pkg_1link_02,0,2,inter_pkg_1link,1,5,32,0.50
eessi,0,inter_pkg_1link_02,0,2,inter_pkg_1link,1,5,64,0.59
eessi,0,inter_pkg_1link_02,0,2,inter_pkg_1link,1,5,128,0.59
eessi,0,inter_pkg_1link_02,0,2,inter_pkg_1link,1,5,256,0.65
eessi,0,inter_pkg_1link_02,0,2,inter_pkg_1link,1,5,512,23.53
eessi,0,inter_pkg_1link_02,0,2,inter_pkg_1link,1,5,1024,15.64
eessi,0,inter_pkg_1link_02,0,2,inter_pkg_1link,1,5,2048,15.66
eessi,0,inter_pkg_1link_02,0,2,inter_pkg_1link,1,5,4096,15.84
eessi,0,inter_pkg_1link_02,0,2,inter_pkg_1link,1,5,8192,15.95
eessi,0,inter_pkg_1link_02,0,2,inter_pkg_1link,1,5,16384,15.87
eessi,0,inter_pkg_1link_02,0,2,inter_pkg_1link,1,5,32768,16.67
eessi,0,inter_pkg_1link_02,0,2,inter_pkg_1link,1,5,65536,17.58
eessi,0,inter_pkg_1link_02,0,2,inter_pkg_1link,1,5,131072,19.25
eessi,0,inter_pkg_1link_02,0,2,inter_pkg_1link,1,5,262144,23.17
eessi,0,inter_pkg_1link_02,0,2,inter_pkg_1link,1,5,524288,30.05
eessi,0,inter_pkg_1link_02,0,2,inter_pkg_1link,1,5,1048576,43.32
eessi,0,inter_pkg_1link_02,0,2,inter_pkg_1link,1,5,2097152,66.47
eessi,0,inter_pkg_1link_02,0,2,inter_pkg_1link,1,5,4194304,118.51
eessi,0,inter_pkg_1link_02,0,2,inter_pkg_1link,1,6,1,2.14
eessi,0,inter_pkg_1link_02,0,2,inter_pkg_1link,1,6,2,0.49
eessi,0,inter_pkg_1link_02,0,2,inter_pkg_1link,1,6,4,0.50
eessi,0,inter_pkg_1link_02,0,2,inter_pkg_1link,1,6,8,0.49
eessi,0,inter_pkg_1link_02,0,2,inter_pkg_1link,1,6,16,0.49
eessi,0,inter_pkg_1link_02,0,2,inter_pkg_1link,1,6,32,0.49
eessi,0,inter_pkg_1link_02,0,2,inter_pkg_1link,1,6,64,0.57
eessi,0,inter_pkg_1link_02,0,2,inter_pkg_1link,1,6,128,0.58
eessi,0,inter_pkg_1link_02,0,2,inter_pkg_1link,1,6,256,0.64
eessi,0,inter_pkg_1link_02,0,2,inter_pkg_1link,1,6,512,22.70
eessi,0,inter_pkg_1link_02,0,2,inter_pkg_1link,1,6,1024,15.61
eessi,0,inter_pkg_1link_02,0,2,inter_pkg_1link,1,6,2048,15.60
eessi,0,inter_pkg_1link_02,0,2,inter_pkg_1link,1,6,4096,15.61
eessi,0,inter_pkg_1link_02,0,2,inter_pkg_1link,1,6,8192,15.62
eessi,0,inter_pkg_1link_02,0,2,inter_pkg_1link,1,6,16384,16.12
eessi,0,inter_pkg_1link_02,0,2,inter_pkg_1link,1,6,32768,16.85
eessi,0,inter_pkg_1link_02,0,2,inter_pkg_1link,1,6,65536,17.44
eessi,0,inter_pkg_1link_02,0,2,inter_pkg_1link,1,6,131072,19.22
eessi,0,inter_pkg_1link_02,0,2,inter_pkg_1link,1,6,262144,23.15
eessi,0,inter_pkg_1link_02,0,2,inter_pkg_1link,1,6,524288,29.87
eessi,0,inter_pkg_1link_02,0,2,inter_pkg_1link,1,6,1048576,43.33
eessi,0,inter_pkg_1link_02,0,2,inter_pkg_1link,1,6,2097152,66.38
eessi,0,inter_pkg_1link_02,0,2,inter_pkg_1link,1,6,4194304,118.43
eessi,0,inter_pkg_1link_15,1,5,inter_pkg_1link,1,2,1,2.16
eessi,0,inter_pkg_1link_15,1,5,inter_pkg_1link,1,2,2,0.50
eessi,0,inter_pkg_1link_15,1,5,inter_pkg_1link,1,2,4,0.50
eessi,0,inter_pkg_1link_15,1,5,inter_pkg_1link,1,2,8,0.50
eessi,0,inter_pkg_1link_15,1,5,inter_pkg_1link,1,2,16,0.50
eessi,0,inter_pkg_1link_15,1,5,inter_pkg_1link,1,2,32,0.50
eessi,0,inter_pkg_1link_15,1,5,inter_pkg_1link,1,2,64,0.59
eessi,0,inter_pkg_1link_15,1,5,inter_pkg_1link,1,2,128,0.60
eessi,0,inter_pkg_1link_15,1,5,inter_pkg_1link,1,2,256,0.64
eessi,0,inter_pkg_1link_15,1,5,inter_pkg_1link,1,2,512,20.58
eessi,0,inter_pkg_1link_15,1,5,inter_pkg_1link,1,2,1024,13.39
eessi,0,inter_pkg_1link_15,1,5,inter_pkg_1link,1,2,2048,13.03
eessi,0,inter_pkg_1link_15,1,5,inter_pkg_1link,1,2,4096,13.20
eessi,0,inter_pkg_1link_15,1,5,inter_pkg_1link,1,2,8192,14.03
eessi,0,inter_pkg_1link_15,1,5,inter_pkg_1link,1,2,16384,13.87
eessi,0,inter_pkg_1link_15,1,5,inter_pkg_1link,1,2,32768,14.69
eessi,0,inter_pkg_1link_15,1,5,inter_pkg_1link,1,2,65536,15.65
eessi,0,inter_pkg_1link_15,1,5,inter_pkg_1link,1,2,131072,17.28
eessi,0,inter_pkg_1link_15,1,5,inter_pkg_1link,1,2,262144,21.32
eessi,0,inter_pkg_1link_15,1,5,inter_pkg_1link,1,2,524288,27.89
eessi,0,inter_pkg_1link_15,1,5,inter_pkg_1link,1,2,1048576,41.70
eessi,0,inter_pkg_1link_15,1,5,inter_pkg_1link,1,2,2097152,65.01
eessi,0,inter_pkg_1link_15,1,5,inter_pkg_1link,1,2,4194304,117.41
eessi,0,inter_pkg_1link_15,1,5,inter_pkg_1link,1,3,1,2.17
eessi,0,inter_pkg_1link_15,1,5,inter_pkg_1link,1,3,2,0.49
eessi,0,inter_pkg_1link_15,1,5,inter_pkg_1link,1,3,4,0.49
eessi,0,inter_pkg_1link_15,1,5,inter_pkg_1link,1,3,8,0.52
eessi,0,inter_pkg_1link_15,1,5,inter_pkg_1link,1,3,16,0.64
eessi,0,inter_pkg_1link_15,1,5,inter_pkg_1link,1,3,32,0.59
eessi,0,inter_pkg_1link_15,1,5,inter_pkg_1link,1,3,64,0.67
eessi,0,inter_pkg_1link_15,1,5,inter_pkg_1link,1,3,128,0.64
eessi,0,inter_pkg_1link_15,1,5,inter_pkg_1link,1,3,256,0.72
eessi,0,inter_pkg_1link_15,1,5,inter_pkg_1link,1,3,512,20.37
eessi,0,inter_pkg_1link_15,1,5,inter_pkg_1link,1,3,1024,13.20
eessi,0,inter_pkg_1link_15,1,5,inter_pkg_1link,1,3,2048,13.31
eessi,0,inter_pkg_1link_15,1,5,inter_pkg_1link,1,3,4096,13.10
eessi,0,inter_pkg_1link_15,1,5,inter_pkg_1link,1,3,8192,13.73
eessi,0,inter_pkg_1link_15,1,5,inter_pkg_1link,1,3,16384,13.93
eessi,0,inter_pkg_1link_15,1,5,inter_pkg_1link,1,3,32768,14.73
eessi,0,inter_pkg_1link_15,1,5,inter_pkg_1link,1,3,65536,15.55
eessi,0,inter_pkg_1link_15,1,5,inter_pkg_1link,1,3,131072,17.28
eessi,0,inter_pkg_1link_15,1,5,inter_pkg_1link,1,3,262144,21.22
eessi,0,inter_pkg_1link_15,1,5,inter_pkg_1link,1,3,524288,28.11
eessi,0,inter_pkg_1link_15,1,5,inter_pkg_1link,1,3,1048576,41.54
eessi,0,inter_pkg_1link_15,1,5,inter_pkg_1link,1,3,2097152,65.05
eessi,0,inter_pkg_1link_15,1,5,inter_pkg_1link,1,3,4194304,117.42
eessi,0,inter_pkg_1link_15,1,5,inter_pkg_1link,1,4,1,2.15
eessi,0,inter_pkg_1link_15,1,5,inter_pkg_1link,1,4,2,0.48
eessi,0,inter_pkg_1link_15,1,5,inter_pkg_1link,1,4,4,0.49
eessi,0,inter_pkg_1link_15,1,5,inter_pkg_1link,1,4,8,0.49
eessi,0,inter_pkg_1link_15,1,5,inter_pkg_1link,1,4,16,0.49
eessi,0,inter_pkg_1link_15,1,5,inter_pkg_1link,1,4,32,0.49
eessi,0,inter_pkg_1link_15,1,5,inter_pkg_1link,1,4,64,0.57
eessi,0,inter_pkg_1link_15,1,5,inter_pkg_1link,1,4,128,0.57
eessi,0,inter_pkg_1link_15,1,5,inter_pkg_1link,1,4,256,0.63
eessi,0,inter_pkg_1link_15,1,5,inter_pkg_1link,1,4,512,20.17
eessi,0,inter_pkg_1link_15,1,5,inter_pkg_1link,1,4,1024,13.11
eessi,0,inter_pkg_1link_15,1,5,inter_pkg_1link,1,4,2048,13.10
eessi,0,inter_pkg_1link_15,1,5,inter_pkg_1link,1,4,4096,13.10
eessi,0,inter_pkg_1link_15,1,5,inter_pkg_1link,1,4,8192,13.69
eessi,0,inter_pkg_1link_15,1,5,inter_pkg_1link,1,4,16384,13.84
eessi,0,inter_pkg_1link_15,1,5,inter_pkg_1link,1,4,32768,14.86
eessi,0,inter_pkg_1link_15,1,5,inter_pkg_1link,1,4,65536,15.55
eessi,0,inter_pkg_1link_15,1,5,inter_pkg_1link,1,4,131072,17.55
eessi,0,inter_pkg_1link_15,1,5,inter_pkg_1link,1,4,262144,21.16
eessi,0,inter_pkg_1link_15,1,5,inter_pkg_1link,1,4,524288,27.91
eessi,0,inter_pkg_1link_15,1,5,inter_pkg_1link,1,4,1048576,41.54
eessi,0,inter_pkg_1link_15,1,5,inter_pkg_1link,1,4,2097152,65.09
eessi,0,inter_pkg_1link_15,1,5,inter_pkg_1link,1,4,4194304,117.39
eessi,0,inter_pkg_1link_15,1,5,inter_pkg_1link,1,5,1,2.16
eessi,0,inter_pkg_1link_15,1,5,inter_pkg_1link,1,5,2,0.51
eessi,0,inter_pkg_1link_15,1,5,inter_pkg_1link,1,5,4,0.51
eessi,0,inter_pkg_1link_15,1,5,inter_pkg_1link,1,5,8,0.50
eessi,0,inter_pkg_1link_15,1,5,inter_pkg_1link,1,5,16,0.51
eessi,0,inter_pkg_1link_15,1,5,inter_pkg_1link,1,5,32,0.50
eessi,0,inter_pkg_1link_15,1,5,inter_pkg_1link,1,5,64,0.59
eessi,0,inter_pkg_1link_15,1,5,inter_pkg_1link,1,5,128,0.58
eessi,0,inter_pkg_1link_15,1,5,inter_pkg_1link,1,5,256,0.65
eessi,0,inter_pkg_1link_15,1,5,inter_pkg_1link,1,5,512,20.25
eessi,0,inter_pkg_1link_15,1,5,inter_pkg_1link,1,5,1024,13.17
eessi,0,inter_pkg_1link_15,1,5,inter_pkg_1link,1,5,2048,13.13
eessi,0,inter_pkg_1link_15,1,5,inter_pkg_1link,1,5,4096,13.19
eessi,0,inter_pkg_1link_15,1,5,inter_pkg_1link,1,5,8192,13.79
eessi,0,inter_pkg_1link_15,1,5,inter_pkg_1link,1,5,16384,14.22
eessi,0,inter_pkg_1link_15,1,5,inter_pkg_1link,1,5,32768,14.77
eessi,0,inter_pkg_1link_15,1,5,inter_pkg_1link,1,5,65536,15.70
eessi,0,inter_pkg_1link_15,1,5,inter_pkg_1link,1,5,131072,17.37
eessi,0,inter_pkg_1link_15,1,5,inter_pkg_1link,1,5,262144,21.53
eessi,0,inter_pkg_1link_15,1,5,inter_pkg_1link,1,5,524288,28.07
eessi,0,inter_pkg_1link_15,1,5,inter_pkg_1link,1,5,1048576,41.70
eessi,0,inter_pkg_1link_15,1,5,inter_pkg_1link,1,5,2097152,65.12
eessi,0,inter_pkg_1link_15,1,5,inter_pkg_1link,1,5,4194304,117.44
eessi,0,inter_pkg_1link_15,1,5,inter_pkg_1link,1,6,1,2.18
eessi,0,inter_pkg_1link_15,1,5,inter_pkg_1link,1,6,2,0.50
eessi,0,inter_pkg_1link_15,1,5,inter_pkg_1link,1,6,4,0.49
eessi,0,inter_pkg_1link_15,1,5,inter_pkg_1link,1,6,8,0.49
eessi,0,inter_pkg_1link_15,1,5,inter_pkg_1link,1,6,16,0.49
eessi,0,inter_pkg_1link_15,1,5,inter_pkg_1link,1,6,32,0.50
eessi,0,inter_pkg_1link_15,1,5,inter_pkg_1link,1,6,64,0.58
eessi,0,inter_pkg_1link_15,1,5,inter_pkg_1link,1,6,128,0.57
eessi,0,inter_pkg_1link_15,1,5,inter_pkg_1link,1,6,256,0.64
eessi,0,inter_pkg_1link_15,1,5,inter_pkg_1link,1,6,512,20.14
eessi,0,inter_pkg_1link_15,1,5,inter_pkg_1link,1,6,1024,13.26
eessi,0,inter_pkg_1link_15,1,5,inter_pkg_1link,1,6,2048,13.17
eessi,0,inter_pkg_1link_15,1,5,inter_pkg_1link,1,6,4096,13.13
eessi,0,inter_pkg_1link_15,1,5,inter_pkg_1link,1,6,8192,13.78
eessi,0,inter_pkg_1link_15,1,5,inter_pkg_1link,1,6,16384,14.21
eessi,0,inter_pkg_1link_15,1,5,inter_pkg_1link,1,6,32768,14.76
eessi,0,inter_pkg_1link_15,1,5,inter_pkg_1link,1,6,65536,15.96
eessi,0,inter_pkg_1link_15,1,5,inter_pkg_1link,1,6,131072,17.39
eessi,0,inter_pkg_1link_15,1,5,inter_pkg_1link,1,6,262144,21.25
eessi,0,inter_pkg_1link_15,1,5,inter_pkg_1link,1,6,524288,28.02
eessi,0,inter_pkg_1link_15,1,5,inter_pkg_1link,1,6,1048576,41.74
eessi,0,inter_pkg_1link_15,1,5,inter_pkg_1link,1,6,2097152,65.27
eessi,0,inter_pkg_1link_15,1,5,inter_pkg_1link,1,6,4194304,117.57
eessi,0,inter_pkg_1link_37,3,7,inter_pkg_1link,1,2,1,2.15
eessi,0,inter_pkg_1link_37,3,7,inter_pkg_1link,1,2,2,0.49
eessi,0,inter_pkg_1link_37,3,7,inter_pkg_1link,1,2,4,0.49
eessi,0,inter_pkg_1link_37,3,7,inter_pkg_1link,1,2,8,0.49
eessi,0,inter_pkg_1link_37,3,7,inter_pkg_1link,1,2,16,0.49
eessi,0,inter_pkg_1link_37,3,7,inter_pkg_1link,1,2,32,0.49
eessi,0,inter_pkg_1link_37,3,7,inter_pkg_1link,1,2,64,0.58
eessi,0,inter_pkg_1link_37,3,7,inter_pkg_1link,1,2,128,0.58
eessi,0,inter_pkg_1link_37,3,7,inter_pkg_1link,1,2,256,0.64
eessi,0,inter_pkg_1link_37,3,7,inter_pkg_1link,1,2,512,20.26
eessi,0,inter_pkg_1link_37,3,7,inter_pkg_1link,1,2,1024,12.99
eessi,0,inter_pkg_1link_37,3,7,inter_pkg_1link,1,2,2048,12.99
eessi,0,inter_pkg_1link_37,3,7,inter_pkg_1link,1,2,4096,13.34
eessi,0,inter_pkg_1link_37,3,7,inter_pkg_1link,1,2,8192,13.64
eessi,0,inter_pkg_1link_37,3,7,inter_pkg_1link,1,2,16384,14.17
eessi,0,inter_pkg_1link_37,3,7,inter_pkg_1link,1,2,32768,14.66
eessi,0,inter_pkg_1link_37,3,7,inter_pkg_1link,1,2,65536,15.87
eessi,0,inter_pkg_1link_37,3,7,inter_pkg_1link,1,2,131072,17.25
eessi,0,inter_pkg_1link_37,3,7,inter_pkg_1link,1,2,262144,21.16
eessi,0,inter_pkg_1link_37,3,7,inter_pkg_1link,1,2,524288,27.89
eessi,0,inter_pkg_1link_37,3,7,inter_pkg_1link,1,2,1048576,41.60
eessi,0,inter_pkg_1link_37,3,7,inter_pkg_1link,1,2,2097152,65.02
eessi,0,inter_pkg_1link_37,3,7,inter_pkg_1link,1,2,4194304,117.66
eessi,0,inter_pkg_1link_37,3,7,inter_pkg_1link,1,3,1,2.08
eessi,0,inter_pkg_1link_37,3,7,inter_pkg_1link,1,3,2,0.50
eessi,0,inter_pkg_1link_37,3,7,inter_pkg_1link,1,3,4,0.50
eessi,0,inter_pkg_1link_37,3,7,inter_pkg_1link,1,3,8,0.49
eessi,0,inter_pkg_1link_37,3,7,inter_pkg_1link,1,3,16,0.49
eessi,0,inter_pkg_1link_37,3,7,inter_pkg_1link,1,3,32,0.54
eessi,0,inter_pkg_1link_37,3,7,inter_pkg_1link,1,3,64,0.58
eessi,0,inter_pkg_1link_37,3,7,inter_pkg_1link,1,3,128,0.58
eessi,0,inter_pkg_1link_37,3,7,inter_pkg_1link,1,3,256,0.64
eessi,0,inter_pkg_1link_37,3,7,inter_pkg_1link,1,3,512,20.64
eessi,0,inter_pkg_1link_37,3,7,inter_pkg_1link,1,3,1024,13.71
eessi,0,inter_pkg_1link_37,3,7,inter_pkg_1link,1,3,2048,13.19
eessi,0,inter_pkg_1link_37,3,7,inter_pkg_1link,1,3,4096,13.33
eessi,0,inter_pkg_1link_37,3,7,inter_pkg_1link,1,3,8192,13.95
eessi,0,inter_pkg_1link_37,3,7,inter_pkg_1link,1,3,16384,13.91
eessi,0,inter_pkg_1link_37,3,7,inter_pkg_1link,1,3,32768,14.73
eessi,0,inter_pkg_1link_37,3,7,inter_pkg_1link,1,3,65536,15.57
eessi,0,inter_pkg_1link_37,3,7,inter_pkg_1link,1,3,131072,17.35
eessi,0,inter_pkg_1link_37,3,7,inter_pkg_1link,1,3,262144,21.35
eessi,0,inter_pkg_1link_37,3,7,inter_pkg_1link,1,3,524288,27.99
eessi,0,inter_pkg_1link_37,3,7,inter_pkg_1link,1,3,1048576,41.61
eessi,0,inter_pkg_1link_37,3,7,inter_pkg_1link,1,3,2097152,65.02
eessi,0,inter_pkg_1link_37,3,7,inter_pkg_1link,1,3,4194304,117.73
eessi,0,inter_pkg_1link_37,3,7,inter_pkg_1link,1,4,1,2.15
eessi,0,inter_pkg_1link_37,3,7,inter_pkg_1link,1,4,2,0.50
eessi,0,inter_pkg_1link_37,3,7,inter_pkg_1link,1,4,4,0.50
eessi,0,inter_pkg_1link_37,3,7,inter_pkg_1link,1,4,8,0.50
eessi,0,inter_pkg_1link_37,3,7,inter_pkg_1link,1,4,16,0.50
eessi,0,inter_pkg_1link_37,3,7,inter_pkg_1link,1,4,32,0.50
eessi,0,inter_pkg_1link_37,3,7,inter_pkg_1link,1,4,64,0.58
eessi,0,inter_pkg_1link_37,3,7,inter_pkg_1link,1,4,128,0.58
eessi,0,inter_pkg_1link_37,3,7,inter_pkg_1link,1,4,256,0.68
eessi,0,inter_pkg_1link_37,3,7,inter_pkg_1link,1,4,512,20.74
eessi,0,inter_pkg_1link_37,3,7,inter_pkg_1link,1,4,1024,13.39
eessi,0,inter_pkg_1link_37,3,7,inter_pkg_1link,1,4,2048,13.18
eessi,0,inter_pkg_1link_37,3,7,inter_pkg_1link,1,4,4096,13.10
eessi,0,inter_pkg_1link_37,3,7,inter_pkg_1link,1,4,8192,13.89
eessi,0,inter_pkg_1link_37,3,7,inter_pkg_1link,1,4,16384,14.13
eessi,0,inter_pkg_1link_37,3,7,inter_pkg_1link,1,4,32768,14.66
eessi,0,inter_pkg_1link_37,3,7,inter_pkg_1link,1,4,65536,15.52
eessi,0,inter_pkg_1link_37,3,7,inter_pkg_1link,1,4,131072,17.23
eessi,0,inter_pkg_1link_37,3,7,inter_pkg_1link,1,4,262144,21.31
eessi,0,inter_pkg_1link_37,3,7,inter_pkg_1link,1,4,524288,27.97
eessi,0,inter_pkg_1link_37,3,7,inter_pkg_1link,1,4,1048576,41.47
eessi,0,inter_pkg_1link_37,3,7,inter_pkg_1link,1,4,2097152,64.95
eessi,0,inter_pkg_1link_37,3,7,inter_pkg_1link,1,4,4194304,117.66
eessi,0,inter_pkg_1link_37,3,7,inter_pkg_1link,1,5,1,2.16
eessi,0,inter_pkg_1link_37,3,7,inter_pkg_1link,1,5,2,0.49
eessi,0,inter_pkg_1link_37,3,7,inter_pkg_1link,1,5,4,0.51
eessi,0,inter_pkg_1link_37,3,7,inter_pkg_1link,1,5,8,0.56
eessi,0,inter_pkg_1link_37,3,7,inter_pkg_1link,1,5,16,0.56
eessi,0,inter_pkg_1link_37,3,7,inter_pkg_1link,1,5,32,0.56
eessi,0,inter_pkg_1link_37,3,7,inter_pkg_1link,1,5,64,0.65
eessi,0,inter_pkg_1link_37,3,7,inter_pkg_1link,1,5,128,0.69
eessi,0,inter_pkg_1link_37,3,7,inter_pkg_1link,1,5,256,0.64
eessi,0,inter_pkg_1link_37,3,7,inter_pkg_1link,1,5,512,20.12
eessi,0,inter_pkg_1link_37,3,7,inter_pkg_1link,1,5,1024,13.00
eessi,0,inter_pkg_1link_37,3,7,inter_pkg_1link,1,5,2048,13.05
eessi,0,inter_pkg_1link_37,3,7,inter_pkg_1link,1,5,4096,13.04
eessi,0,inter_pkg_1link_37,3,7,inter_pkg_1link,1,5,8192,13.66
eessi,0,inter_pkg_1link_37,3,7,inter_pkg_1link,1,5,16384,13.89
eessi,0,inter_pkg_1link_37,3,7,inter_pkg_1link,1,5,32768,14.69
eessi,0,inter_pkg_1link_37,3,7,inter_pkg_1link,1,5,65536,15.53
eessi,0,inter_pkg_1link_37,3,7,inter_pkg_1link,1,5,131072,17.27
eessi,0,inter_pkg_1link_37,3,7,inter_pkg_1link,1,5,262144,21.21
eessi,0,inter_pkg_1link_37,3,7,inter_pkg_1link,1,5,524288,28.04
eessi,0,inter_pkg_1link_37,3,7,inter_pkg_1link,1,5,1048576,41.70
eessi,0,inter_pkg_1link_37,3,7,inter_pkg_1link,1,5,2097152,64.94
eessi,0,inter_pkg_1link_37,3,7,inter_pkg_1link,1,5,4194304,117.77
eessi,0,inter_pkg_1link_37,3,7,inter_pkg_1link,1,6,1,2.14
eessi,0,inter_pkg_1link_37,3,7,inter_pkg_1link,1,6,2,0.49
eessi,0,inter_pkg_1link_37,3,7,inter_pkg_1link,1,6,4,0.51
eessi,0,inter_pkg_1link_37,3,7,inter_pkg_1link,1,6,8,0.53
eessi,0,inter_pkg_1link_37,3,7,inter_pkg_1link,1,6,16,0.51
eessi,0,inter_pkg_1link_37,3,7,inter_pkg_1link,1,6,32,0.52
eessi,0,inter_pkg_1link_37,3,7,inter_pkg_1link,1,6,64,0.59
eessi,0,inter_pkg_1link_37,3,7,inter_pkg_1link,1,6,128,0.60
eessi,0,inter_pkg_1link_37,3,7,inter_pkg_1link,1,6,256,0.69
eessi,0,inter_pkg_1link_37,3,7,inter_pkg_1link,1,6,512,20.11
eessi,0,inter_pkg_1link_37,3,7,inter_pkg_1link,1,6,1024,13.06
eessi,0,inter_pkg_1link_37,3,7,inter_pkg_1link,1,6,2048,13.29
eessi,0,inter_pkg_1link_37,3,7,inter_pkg_1link,1,6,4096,13.01
eessi,0,inter_pkg_1link_37,3,7,inter_pkg_1link,1,6,8192,13.63
eessi,0,inter_pkg_1link_37,3,7,inter_pkg_1link,1,6,16384,13.86
eessi,0,inter_pkg_1link_37,3,7,inter_pkg_1link,1,6,32768,14.65
eessi,0,inter_pkg_1link_37,3,7,inter_pkg_1link,1,6,65536,15.52
eessi,0,inter_pkg_1link_37,3,7,inter_pkg_1link,1,6,131072,17.29
eessi,0,inter_pkg_1link_37,3,7,inter_pkg_1link,1,6,262144,21.14
eessi,0,inter_pkg_1link_37,3,7,inter_pkg_1link,1,6,524288,28.04
eessi,0,inter_pkg_1link_37,3,7,inter_pkg_1link,1,6,1048576,41.49
eessi,0,inter_pkg_1link_37,3,7,inter_pkg_1link,1,6,2097152,64.94
eessi,0,inter_pkg_1link_37,3,7,inter_pkg_1link,1,6,4194304,117.66
eessi,0,inter_pkg_1link_57,5,7,inter_pkg_1link,1,2,1,2.16
eessi,0,inter_pkg_1link_57,5,7,inter_pkg_1link,1,2,2,0.50
eessi,0,inter_pkg_1link_57,5,7,inter_pkg_1link,1,2,4,0.49
eessi,0,inter_pkg_1link_57,5,7,inter_pkg_1link,1,2,8,0.50
eessi,0,inter_pkg_1link_57,5,7,inter_pkg_1link,1,2,16,0.49
eessi,0,inter_pkg_1link_57,5,7,inter_pkg_1link,1,2,32,0.49
eessi,0,inter_pkg_1link_57,5,7,inter_pkg_1link,1,2,64,0.58
eessi,0,inter_pkg_1link_57,5,7,inter_pkg_1link,1,2,128,0.58
eessi,0,inter_pkg_1link_57,5,7,inter_pkg_1link,1,2,256,0.64
eessi,0,inter_pkg_1link_57,5,7,inter_pkg_1link,1,2,512,20.61
eessi,0,inter_pkg_1link_57,5,7,inter_pkg_1link,1,2,1024,13.06
eessi,0,inter_pkg_1link_57,5,7,inter_pkg_1link,1,2,2048,13.26
eessi,0,inter_pkg_1link_57,5,7,inter_pkg_1link,1,2,4096,12.86
eessi,0,inter_pkg_1link_57,5,7,inter_pkg_1link,1,2,8192,13.50
eessi,0,inter_pkg_1link_57,5,7,inter_pkg_1link,1,2,16384,13.66
eessi,0,inter_pkg_1link_57,5,7,inter_pkg_1link,1,2,32768,14.46
eessi,0,inter_pkg_1link_57,5,7,inter_pkg_1link,1,2,65536,15.34
eessi,0,inter_pkg_1link_57,5,7,inter_pkg_1link,1,2,131072,17.07
eessi,0,inter_pkg_1link_57,5,7,inter_pkg_1link,1,2,262144,20.92
eessi,0,inter_pkg_1link_57,5,7,inter_pkg_1link,1,2,524288,27.69
eessi,0,inter_pkg_1link_57,5,7,inter_pkg_1link,1,2,1048576,41.24
eessi,0,inter_pkg_1link_57,5,7,inter_pkg_1link,1,2,2097152,64.57
eessi,0,inter_pkg_1link_57,5,7,inter_pkg_1link,1,2,4194304,116.97
eessi,0,inter_pkg_1link_57,5,7,inter_pkg_1link,1,3,1,2.16
eessi,0,inter_pkg_1link_57,5,7,inter_pkg_1link,1,3,2,0.51
eessi,0,inter_pkg_1link_57,5,7,inter_pkg_1link,1,3,4,0.51
eessi,0,inter_pkg_1link_57,5,7,inter_pkg_1link,1,3,8,0.51
eessi,0,inter_pkg_1link_57,5,7,inter_pkg_1link,1,3,16,0.50
eessi,0,inter_pkg_1link_57,5,7,inter_pkg_1link,1,3,32,0.51
eessi,0,inter_pkg_1link_57,5,7,inter_pkg_1link,1,3,64,0.59
eessi,0,inter_pkg_1link_57,5,7,inter_pkg_1link,1,3,128,0.59
eessi,0,inter_pkg_1link_57,5,7,inter_pkg_1link,1,3,256,0.66
eessi,0,inter_pkg_1link_57,5,7,inter_pkg_1link,1,3,512,20.40
eessi,0,inter_pkg_1link_57,5,7,inter_pkg_1link,1,3,1024,13.23
eessi,0,inter_pkg_1link_57,5,7,inter_pkg_1link,1,3,2048,12.93
eessi,0,inter_pkg_1link_57,5,7,inter_pkg_1link,1,3,4096,13.05
eessi,0,inter_pkg_1link_57,5,7,inter_pkg_1link,1,3,8192,13.87
eessi,0,inter_pkg_1link_57,5,7,inter_pkg_1link,1,3,16384,13.83
eessi,0,inter_pkg_1link_57,5,7,inter_pkg_1link,1,3,32768,14.70
eessi,0,inter_pkg_1link_57,5,7,inter_pkg_1link,1,3,65536,15.61
eessi,0,inter_pkg_1link_57,5,7,inter_pkg_1link,1,3,131072,17.15
eessi,0,inter_pkg_1link_57,5,7,inter_pkg_1link,1,3,262144,21.18
eessi,0,inter_pkg_1link_57,5,7,inter_pkg_1link,1,3,524288,27.96
eessi,0,inter_pkg_1link_57,5,7,inter_pkg_1link,1,3,1048576,41.45
eessi,0,inter_pkg_1link_57,5,7,inter_pkg_1link,1,3,2097152,64.93
eessi,0,inter_pkg_1link_57,5,7,inter_pkg_1link,1,3,4194304,117.22
eessi,0,inter_pkg_1link_57,5,7,inter_pkg_1link,1,4,1,2.16
eessi,0,inter_pkg_1link_57,5,7,inter_pkg_1link,1,4,2,0.49
eessi,0,inter_pkg_1link_57,5,7,inter_pkg_1link,1,4,4,0.49
eessi,0,inter_pkg_1link_57,5,7,inter_pkg_1link,1,4,8,0.49
eessi,0,inter_pkg_1link_57,5,7,inter_pkg_1link,1,4,16,0.49
eessi,0,inter_pkg_1link_57,5,7,inter_pkg_1link,1,4,32,0.49
eessi,0,inter_pkg_1link_57,5,7,inter_pkg_1link,1,4,64,0.58
eessi,0,inter_pkg_1link_57,5,7,inter_pkg_1link,1,4,128,0.58
eessi,0,inter_pkg_1link_57,5,7,inter_pkg_1link,1,4,256,0.64
eessi,0,inter_pkg_1link_57,5,7,inter_pkg_1link,1,4,512,20.41
eessi,0,inter_pkg_1link_57,5,7,inter_pkg_1link,1,4,1024,12.98
eessi,0,inter_pkg_1link_57,5,7,inter_pkg_1link,1,4,2048,13.15
eessi,0,inter_pkg_1link_57,5,7,inter_pkg_1link,1,4,4096,12.93
eessi,0,inter_pkg_1link_57,5,7,inter_pkg_1link,1,4,8192,13.54
eessi,0,inter_pkg_1link_57,5,7,inter_pkg_1link,1,4,16384,13.73
eessi,0,inter_pkg_1link_57,5,7,inter_pkg_1link,1,4,32768,14.68
eessi,0,inter_pkg_1link_57,5,7,inter_pkg_1link,1,4,65536,15.36
eessi,0,inter_pkg_1link_57,5,7,inter_pkg_1link,1,4,131072,17.31
eessi,0,inter_pkg_1link_57,5,7,inter_pkg_1link,1,4,262144,20.93
eessi,0,inter_pkg_1link_57,5,7,inter_pkg_1link,1,4,524288,27.78
eessi,0,inter_pkg_1link_57,5,7,inter_pkg_1link,1,4,1048576,41.35
eessi,0,inter_pkg_1link_57,5,7,inter_pkg_1link,1,4,2097152,64.71
eessi,0,inter_pkg_1link_57,5,7,inter_pkg_1link,1,4,4194304,117.06
eessi,0,inter_pkg_1link_57,5,7,inter_pkg_1link,1,5,1,2.17
eessi,0,inter_pkg_1link_57,5,7,inter_pkg_1link,1,5,2,0.50
eessi,0,inter_pkg_1link_57,5,7,inter_pkg_1link,1,5,4,0.50
eessi,0,inter_pkg_1link_57,5,7,inter_pkg_1link,1,5,8,0.50
eessi,0,inter_pkg_1link_57,5,7,inter_pkg_1link,1,5,16,0.50
eessi,0,inter_pkg_1link_57,5,7,inter_pkg_1link,1,5,32,0.50
eessi,0,inter_pkg_1link_57,5,7,inter_pkg_1link,1,5,64,0.58
eessi,0,inter_pkg_1link_57,5,7,inter_pkg_1link,1,5,128,0.59
eessi,0,inter_pkg_1link_57,5,7,inter_pkg_1link,1,5,256,0.65
eessi,0,inter_pkg_1link_57,5,7,inter_pkg_1link,1,5,512,20.29
eessi,0,inter_pkg_1link_57,5,7,inter_pkg_1link,1,5,1024,12.97
eessi,0,inter_pkg_1link_57,5,7,inter_pkg_1link,1,5,2048,12.82
eessi,0,inter_pkg_1link_57,5,7,inter_pkg_1link,1,5,4096,12.93
eessi,0,inter_pkg_1link_57,5,7,inter_pkg_1link,1,5,8192,13.58
eessi,0,inter_pkg_1link_57,5,7,inter_pkg_1link,1,5,16384,13.78
eessi,0,inter_pkg_1link_57,5,7,inter_pkg_1link,1,5,32768,14.46
eessi,0,inter_pkg_1link_57,5,7,inter_pkg_1link,1,5,65536,15.49
eessi,0,inter_pkg_1link_57,5,7,inter_pkg_1link,1,5,131072,17.05
eessi,0,inter_pkg_1link_57,5,7,inter_pkg_1link,1,5,262144,21.17
eessi,0,inter_pkg_1link_57,5,7,inter_pkg_1link,1,5,524288,27.67
eessi,0,inter_pkg_1link_57,5,7,inter_pkg_1link,1,5,1048576,41.32
eessi,0,inter_pkg_1link_57,5,7,inter_pkg_1link,1,5,2097152,64.69
eessi,0,inter_pkg_1link_57,5,7,inter_pkg_1link,1,5,4194304,117.11
eessi,0,inter_pkg_1link_57,5,7,inter_pkg_1link,1,6,1,2.16
eessi,0,inter_pkg_1link_57,5,7,inter_pkg_1link,1,6,2,0.49
eessi,0,inter_pkg_1link_57,5,7,inter_pkg_1link,1,6,4,0.49
eessi,0,inter_pkg_1link_57,5,7,inter_pkg_1link,1,6,8,0.52
eessi,0,inter_pkg_1link_57,5,7,inter_pkg_1link,1,6,16,0.51
eessi,0,inter_pkg_1link_57,5,7,inter_pkg_1link,1,6,32,0.56
eessi,0,inter_pkg_1link_57,5,7,inter_pkg_1link,1,6,64,0.65
eessi,0,inter_pkg_1link_57,5,7,inter_pkg_1link,1,6,128,0.64
eessi,0,inter_pkg_1link_57,5,7,inter_pkg_1link,1,6,256,0.72
eessi,0,inter_pkg_1link_57,5,7,inter_pkg_1link,1,6,512,20.01
eessi,0,inter_pkg_1link_57,5,7,inter_pkg_1link,1,6,1024,13.12
eessi,0,inter_pkg_1link_57,5,7,inter_pkg_1link,1,6,2048,12.98
eessi,0,inter_pkg_1link_57,5,7,inter_pkg_1link,1,6,4096,12.93
eessi,0,inter_pkg_1link_57,5,7,inter_pkg_1link,1,6,8192,13.79
eessi,0,inter_pkg_1link_57,5,7,inter_pkg_1link,1,6,16384,13.78
eessi,0,inter_pkg_1link_57,5,7,inter_pkg_1link,1,6,32768,14.63
eessi,0,inter_pkg_1link_57,5,7,inter_pkg_1link,1,6,65536,15.39
eessi,0,inter_pkg_1link_57,5,7,inter_pkg_1link,1,6,131072,17.21
eessi,0,inter_pkg_1link_57,5,7,inter_pkg_1link,1,6,262144,21.20
eessi,0,inter_pkg_1link_57,5,7,inter_pkg_1link,1,6,524288,27.83
eessi,0,inter_pkg_1link_57,5,7,inter_pkg_1link,1,6,1048576,41.41
eessi,0,inter_pkg_1link_57,5,7,inter_pkg_1link,1,6,2097152,64.72
eessi,0,inter_pkg_1link_57,5,7,inter_pkg_1link,1,6,4194304,117.05
eessi,0,routed_07,0,7,routed,0,2,1,2.39
eessi,0,routed_07,0,7,routed,0,2,2,0.50
eessi,0,routed_07,0,7,routed,0,2,4,0.50
eessi,0,routed_07,0,7,routed,0,2,8,0.50
eessi,0,routed_07,0,7,routed,0,2,16,0.50
eessi,0,routed_07,0,7,routed,0,2,32,0.50
eessi,0,routed_07,0,7,routed,0,2,64,0.58
eessi,0,routed_07,0,7,routed,0,2,128,0.57
eessi,0,routed_07,0,7,routed,0,2,256,0.65
eessi,0,routed_07,0,7,routed,0,2,512,21.79
eessi,0,routed_07,0,7,routed,0,2,1024,14.88
eessi,0,routed_07,0,7,routed,0,2,2048,15.04
eessi,0,routed_07,0,7,routed,0,2,4096,14.80
eessi,0,routed_07,0,7,routed,0,2,8192,15.12
eessi,0,routed_07,0,7,routed,0,2,16384,15.21
eessi,0,routed_07,0,7,routed,0,2,32768,15.83
eessi,0,routed_07,0,7,routed,0,2,65536,16.28
eessi,0,routed_07,0,7,routed,0,2,131072,17.55
eessi,0,routed_07,0,7,routed,0,2,262144,19.89
eessi,0,routed_07,0,7,routed,0,2,524288,23.18
eessi,0,routed_07,0,7,routed,0,2,1048576,31.78
eessi,0,routed_07,0,7,routed,0,2,2097152,44.95
eessi,0,routed_07,0,7,routed,0,2,4194304,72.76
eessi,0,routed_07,0,7,routed,0,3,1,2.14
eessi,0,routed_07,0,7,routed,0,3,2,0.49
eessi,0,routed_07,0,7,routed,0,3,4,0.49
eessi,0,routed_07,0,7,routed,0,3,8,0.49
eessi,0,routed_07,0,7,routed,0,3,16,0.49
eessi,0,routed_07,0,7,routed,0,3,32,0.49
eessi,0,routed_07,0,7,routed,0,3,64,0.58
eessi,0,routed_07,0,7,routed,0,3,128,0.57
eessi,0,routed_07,0,7,routed,0,3,256,0.64
eessi,0,routed_07,0,7,routed,0,3,512,21.79
eessi,0,routed_07,0,7,routed,0,3,1024,14.86
eessi,0,routed_07,0,7,routed,0,3,2048,14.87
eessi,0,routed_07,0,7,routed,0,3,4096,14.75
eessi,0,routed_07,0,7,routed,0,3,8192,15.00
eessi,0,routed_07,0,7,routed,0,3,16384,15.09
eessi,0,routed_07,0,7,routed,0,3,32768,15.69
eessi,0,routed_07,0,7,routed,0,3,65536,16.22
eessi,0,routed_07,0,7,routed,0,3,131072,17.25
eessi,0,routed_07,0,7,routed,0,3,262144,19.74
eessi,0,routed_07,0,7,routed,0,3,524288,23.08
eessi,0,routed_07,0,7,routed,0,3,1048576,31.53
eessi,0,routed_07,0,7,routed,0,3,2097152,44.83
eessi,0,routed_07,0,7,routed,0,3,4194304,72.64
eessi,0,routed_07,0,7,routed,0,4,1,2.17
eessi,0,routed_07,0,7,routed,0,4,2,0.49
eessi,0,routed_07,0,7,routed,0,4,4,0.49
eessi,0,routed_07,0,7,routed,0,4,8,0.49
eessi,0,routed_07,0,7,routed,0,4,16,0.49
eessi,0,routed_07,0,7,routed,0,4,32,0.49
eessi,0,routed_07,0,7,routed,0,4,64,0.57
eessi,0,routed_07,0,7,routed,0,4,128,0.63
eessi,0,routed_07,0,7,routed,0,4,256,0.72
eessi,0,routed_07,0,7,routed,0,4,512,21.85
eessi,0,routed_07,0,7,routed,0,4,1024,14.97
eessi,0,routed_07,0,7,routed,0,4,2048,14.82
eessi,0,routed_07,0,7,routed,0,4,4096,14.83
eessi,0,routed_07,0,7,routed,0,4,8192,15.36
eessi,0,routed_07,0,7,routed,0,4,16384,15.14
eessi,0,routed_07,0,7,routed,0,4,32768,15.78
eessi,0,routed_07,0,7,routed,0,4,65536,16.26
eessi,0,routed_07,0,7,routed,0,4,131072,17.27
eessi,0,routed_07,0,7,routed,0,4,262144,19.82
eessi,0,routed_07,0,7,routed,0,4,524288,23.10
eessi,0,routed_07,0,7,routed,0,4,1048576,31.65
eessi,0,routed_07,0,7,routed,0,4,2097152,44.96
eessi,0,routed_07,0,7,routed,0,4,4194304,72.69
eessi,0,routed_07,0,7,routed,0,5,1,2.17
eessi,0,routed_07,0,7,routed,0,5,2,0.56
eessi,0,routed_07,0,7,routed,0,5,4,0.56
eessi,0,routed_07,0,7,routed,0,5,8,0.56
eessi,0,routed_07,0,7,routed,0,5,16,0.56
eessi,0,routed_07,0,7,routed,0,5,32,0.55
eessi,0,routed_07,0,7,routed,0,5,64,0.57
eessi,0,routed_07,0,7,routed,0,5,128,0.58
eessi,0,routed_07,0,7,routed,0,5,256,0.64
eessi,0,routed_07,0,7,routed,0,5,512,22.23
eessi,0,routed_07,0,7,routed,0,5,1024,14.87
eessi,0,routed_07,0,7,routed,0,5,2048,14.87
eessi,0,routed_07,0,7,routed,0,5,4096,15.08
eessi,0,routed_07,0,7,routed,0,5,8192,15.04
eessi,0,routed_07,0,7,routed,0,5,16384,15.43
eessi,0,routed_07,0,7,routed,0,5,32768,15.79
eessi,0,routed_07,0,7,routed,0,5,65536,16.48
eessi,0,routed_07,0,7,routed,0,5,131072,17.28
eessi,0,routed_07,0,7,routed,0,5,262144,20.11
eessi,0,routed_07,0,7,routed,0,5,524288,23.16
eessi,0,routed_07,0,7,routed,0,5,1048576,31.68
eessi,0,routed_07,0,7,routed,0,5,2097152,45.22
eessi,0,routed_07,0,7,routed,0,5,4194304,72.81
eessi,0,routed_07,0,7,routed,0,6,1,2.14
eessi,0,routed_07,0,7,routed,0,6,2,0.50
eessi,0,routed_07,0,7,routed,0,6,4,0.50
eessi,0,routed_07,0,7,routed,0,6,8,0.50
eessi,0,routed_07,0,7,routed,0,6,16,0.50
eessi,0,routed_07,0,7,routed,0,6,32,0.57
eessi,0,routed_07,0,7,routed,0,6,64,0.66
eessi,0,routed_07,0,7,routed,0,6,128,0.65
eessi,0,routed_07,0,7,routed,0,6,256,0.73
eessi,0,routed_07,0,7,routed,0,6,512,21.78
eessi,0,routed_07,0,7,routed,0,6,1024,15.03
eessi,0,routed_07,0,7,routed,0,6,2048,15.14
eessi,0,routed_07,0,7,routed,0,6,4096,14.93
eessi,0,routed_07,0,7,routed,0,6,8192,15.40
eessi,0,routed_07,0,7,routed,0,6,16384,15.23
eessi,0,routed_07,0,7,routed,0,6,32768,15.78
eessi,0,routed_07,0,7,routed,0,6,65536,16.30
eessi,0,routed_07,0,7,routed,0,6,131072,17.34
eessi,0,routed_07,0,7,routed,0,6,262144,19.87
eessi,0,routed_07,0,7,routed,0,6,524288,23.22
eessi,0,routed_07,0,7,routed,0,6,1048576,31.65
eessi,0,routed_07,0,7,routed,0,6,2097152,45.04
eessi,0,routed_07,0,7,routed,0,6,4194304,72.76
eessi,0,routed_03,0,3,routed,0,2,1,2.17
eessi,0,routed_03,0,3,routed,0,2,2,0.49
eessi,0,routed_03,0,3,routed,0,2,4,0.49
eessi,0,routed_03,0,3,routed,0,2,8,0.49
eessi,0,routed_03,0,3,routed,0,2,16,0.50
eessi,0,routed_03,0,3,routed,0,2,32,0.49
eessi,0,routed_03,0,3,routed,0,2,64,0.58
eessi,0,routed_03,0,3,routed,0,2,128,0.57
eessi,0,routed_03,0,3,routed,0,2,256,0.65
eessi,0,routed_03,0,3,routed,0,2,512,21.79
eessi,0,routed_03,0,3,routed,0,2,1024,14.61
eessi,0,routed_03,0,3,routed,0,2,2048,14.51
eessi,0,routed_03,0,3,routed,0,2,4096,14.61
eessi,0,routed_03,0,3,routed,0,2,8192,15.01
eessi,0,routed_03,0,3,routed,0,2,16384,15.06
eessi,0,routed_03,0,3,routed,0,2,32768,15.91
eessi,0,routed_03,0,3,routed,0,2,65536,16.72
eessi,0,routed_03,0,3,routed,0,2,131072,18.62
eessi,0,routed_03,0,3,routed,0,2,262144,22.82
eessi,0,routed_03,0,3,routed,0,2,524288,29.89
eessi,0,routed_03,0,3,routed,0,2,1048576,44.39
eessi,0,routed_03,0,3,routed,0,2,2097152,69.51
eessi,0,routed_03,0,3,routed,0,2,4194304,125.15
eessi,0,routed_03,0,3,routed,0,3,1,2.11
eessi,0,routed_03,0,3,routed,0,3,2,0.49
eessi,0,routed_03,0,3,routed,0,3,4,0.49
eessi,0,routed_03,0,3,routed,0,3,8,0.49
eessi,0,routed_03,0,3,routed,0,3,16,0.51
eessi,0,routed_03,0,3,routed,0,3,32,0.48
eessi,0,routed_03,0,3,routed,0,3,64,0.57
eessi,0,routed_03,0,3,routed,0,3,128,0.57
eessi,0,routed_03,0,3,routed,0,3,256,0.63
eessi,0,routed_03,0,3,routed,0,3,512,21.40
eessi,0,routed_03,0,3,routed,0,3,1024,14.64
eessi,0,routed_03,0,3,routed,0,3,2048,14.63
eessi,0,routed_03,0,3,routed,0,3,4096,14.68
eessi,0,routed_03,0,3,routed,0,3,8192,14.94
eessi,0,routed_03,0,3,routed,0,3,16384,15.15
eessi,0,routed_03,0,3,routed,0,3,32768,16.22
eessi,0,routed_03,0,3,routed,0,3,65536,16.88
eessi,0,routed_03,0,3,routed,0,3,131072,18.72
eessi,0,routed_03,0,3,routed,0,3,262144,22.85
eessi,0,routed_03,0,3,routed,0,3,524288,29.98
eessi,0,routed_03,0,3,routed,0,3,1048576,44.35
eessi,0,routed_03,0,3,routed,0,3,2097152,69.49
eessi,0,routed_03,0,3,routed,0,3,4194304,125.14
eessi,0,routed_03,0,3,routed,0,4,1,2.16
eessi,0,routed_03,0,3,routed,0,4,2,0.49
eessi,0,routed_03,0,3,routed,0,4,4,0.49
eessi,0,routed_03,0,3,routed,0,4,8,0.49
eessi,0,routed_03,0,3,routed,0,4,16,0.49
eessi,0,routed_03,0,3,routed,0,4,32,0.49
eessi,0,routed_03,0,3,routed,0,4,64,0.58
eessi,0,routed_03,0,3,routed,0,4,128,0.58
eessi,0,routed_03,0,3,routed,0,4,256,0.64
eessi,0,routed_03,0,3,routed,0,4,512,21.59
eessi,0,routed_03,0,3,routed,0,4,1024,14.47
eessi,0,routed_03,0,3,routed,0,4,2048,14.45
eessi,0,routed_03,0,3,routed,0,4,4096,14.48
eessi,0,routed_03,0,3,routed,0,4,8192,14.81
eessi,0,routed_03,0,3,routed,0,4,16384,15.04
eessi,0,routed_03,0,3,routed,0,4,32768,15.88
eessi,0,routed_03,0,3,routed,0,4,65536,16.77
eessi,0,routed_03,0,3,routed,0,4,131072,18.56
eessi,0,routed_03,0,3,routed,0,4,262144,22.76
eessi,0,routed_03,0,3,routed,0,4,524288,29.84
eessi,0,routed_03,0,3,routed,0,4,1048576,44.30
eessi,0,routed_03,0,3,routed,0,4,2097152,69.40
eessi,0,routed_03,0,3,routed,0,4,4194304,125.06
eessi,0,routed_03,0,3,routed,0,5,1,2.16
eessi,0,routed_03,0,3,routed,0,5,2,0.51
eessi,0,routed_03,0,3,routed,0,5,4,0.51
eessi,0,routed_03,0,3,routed,0,5,8,0.50
eessi,0,routed_03,0,3,routed,0,5,16,0.50
eessi,0,routed_03,0,3,routed,0,5,32,0.51
eessi,0,routed_03,0,3,routed,0,5,64,0.59
eessi,0,routed_03,0,3,routed,0,5,128,0.59
eessi,0,routed_03,0,3,routed,0,5,256,0.65
eessi,0,routed_03,0,3,routed,0,5,512,21.52
eessi,0,routed_03,0,3,routed,0,5,1024,14.57
eessi,0,routed_03,0,3,routed,0,5,2048,14.59
eessi,0,routed_03,0,3,routed,0,5,4096,14.60
eessi,0,routed_03,0,3,routed,0,5,8192,14.92
eessi,0,routed_03,0,3,routed,0,5,16384,15.11
eessi,0,routed_03,0,3,routed,0,5,32768,16.25
eessi,0,routed_03,0,3,routed,0,5,65536,16.85
eessi,0,routed_03,0,3,routed,0,5,131072,18.69
eessi,0,routed_03,0,3,routed,0,5,262144,22.81
eessi,0,routed_03,0,3,routed,0,5,524288,29.94
eessi,0,routed_03,0,3,routed,0,5,1048576,44.39
eessi,0,routed_03,0,3,routed,0,5,2097152,69.55
eessi,0,routed_03,0,3,routed,0,5,4194304,125.20
eessi,0,routed_03,0,3,routed,0,6,1,2.15
eessi,0,routed_03,0,3,routed,0,6,2,0.50
eessi,0,routed_03,0,3,routed,0,6,4,0.50
eessi,0,routed_03,0,3,routed,0,6,8,0.50
eessi,0,routed_03,0,3,routed,0,6,16,0.49
eessi,0,routed_03,0,3,routed,0,6,32,0.49
eessi,0,routed_03,0,3,routed,0,6,64,0.58
eessi,0,routed_03,0,3,routed,0,6,128,0.58
eessi,0,routed_03,0,3,routed,0,6,256,0.64
eessi,0,routed_03,0,3,routed,0,6,512,21.44
eessi,0,routed_03,0,3,routed,0,6,1024,14.50
eessi,0,routed_03,0,3,routed,0,6,2048,14.46
eessi,0,routed_03,0,3,routed,0,6,4096,14.47
eessi,0,routed_03,0,3,routed,0,6,8192,14.86
eessi,0,routed_03,0,3,routed,0,6,16384,15.06
eessi,0,routed_03,0,3,routed,0,6,32768,15.87
eessi,0,routed_03,0,3,routed,0,6,65536,16.75
eessi,0,routed_03,0,3,routed,0,6,131072,18.63
eessi,0,routed_03,0,3,routed,0,6,262144,22.89
eessi,0,routed_03,0,3,routed,0,6,524288,29.92
eessi,0,routed_03,0,3,routed,0,6,1048576,44.34
eessi,0,routed_03,0,3,routed,0,6,2097152,69.45
eessi,0,routed_03,0,3,routed,0,6,4194304,125.14
eessi,0,routed_17,1,7,routed,0,2,1,2.06
eessi,0,routed_17,1,7,routed,0,2,2,0.49
eessi,0,routed_17,1,7,routed,0,2,4,0.48
eessi,0,routed_17,1,7,routed,0,2,8,0.48
eessi,0,routed_17,1,7,routed,0,2,16,0.48
eessi,0,routed_17,1,7,routed,0,2,32,0.48
eessi,0,routed_17,1,7,routed,0,2,64,0.57
eessi,0,routed_17,1,7,routed,0,2,128,0.56
eessi,0,routed_17,1,7,routed,0,2,256,0.63
eessi,0,routed_17,1,7,routed,0,2,512,21.13
eessi,0,routed_17,1,7,routed,0,2,1024,14.23
eessi,0,routed_17,1,7,routed,0,2,2048,13.98
eessi,0,routed_17,1,7,routed,0,2,4096,14.14
eessi,0,routed_17,1,7,routed,0,2,8192,14.42
eessi,0,routed_17,1,7,routed,0,2,16384,14.72
eessi,0,routed_17,1,7,routed,0,2,32768,15.36
eessi,0,routed_17,1,7,routed,0,2,65536,15.82
eessi,0,routed_17,1,7,routed,0,2,131072,16.90
eessi,0,routed_17,1,7,routed,0,2,262144,19.38
eessi,0,routed_17,1,7,routed,0,2,524288,22.61
eessi,0,routed_17,1,7,routed,0,2,1048576,31.32
eessi,0,routed_17,1,7,routed,0,2,2097152,44.42
eessi,0,routed_17,1,7,routed,0,2,4194304,72.42
eessi,0,routed_17,1,7,routed,0,3,1,2.06
eessi,0,routed_17,1,7,routed,0,3,2,0.50
eessi,0,routed_17,1,7,routed,0,3,4,0.50
eessi,0,routed_17,1,7,routed,0,3,8,0.50
eessi,0,routed_17,1,7,routed,0,3,16,0.50
eessi,0,routed_17,1,7,routed,0,3,32,0.50
eessi,0,routed_17,1,7,routed,0,3,64,0.58
eessi,0,routed_17,1,7,routed,0,3,128,0.61
eessi,0,routed_17,1,7,routed,0,3,256,0.64
eessi,0,routed_17,1,7,routed,0,3,512,20.70
eessi,0,routed_17,1,7,routed,0,3,1024,13.87
eessi,0,routed_17,1,7,routed,0,3,2048,13.80
eessi,0,routed_17,1,7,routed,0,3,4096,14.02
eessi,0,routed_17,1,7,routed,0,3,8192,14.19
eessi,0,routed_17,1,7,routed,0,3,16384,14.63
eessi,0,routed_17,1,7,routed,0,3,32768,14.99
eessi,0,routed_17,1,7,routed,0,3,65536,15.46
eessi,0,routed_17,1,7,routed,0,3,131072,16.53
eessi,0,routed_17,1,7,routed,0,3,262144,19.31
eessi,0,routed_17,1,7,routed,0,3,524288,22.36
eessi,0,routed_17,1,7,routed,0,3,1048576,31.14
eessi,0,routed_17,1,7,routed,0,3,2097152,44.22
eessi,0,routed_17,1,7,routed,0,3,4194304,72.19
eessi,0,routed_17,1,7,routed,0,4,1,2.14
eessi,0,routed_17,1,7,routed,0,4,2,0.49
eessi,0,routed_17,1,7,routed,0,4,4,0.49
eessi,0,routed_17,1,7,routed,0,4,8,0.50
eessi,0,routed_17,1,7,routed,0,4,16,0.59
eessi,0,routed_17,1,7,routed,0,4,32,0.55
eessi,0,routed_17,1,7,routed,0,4,64,0.67
eessi,0,routed_17,1,7,routed,0,4,128,0.64
eessi,0,routed_17,1,7,routed,0,4,256,0.72
eessi,0,routed_17,1,7,routed,0,4,512,20.66
eessi,0,routed_17,1,7,routed,0,4,1024,13.88
eessi,0,routed_17,1,7,routed,0,4,2048,13.79
eessi,0,routed_17,1,7,routed,0,4,4096,13.83
eessi,0,routed_17,1,7,routed,0,4,8192,14.63
eessi,0,routed_17,1,7,routed,0,4,16384,14.44
eessi,0,routed_17,1,7,routed,0,4,32768,15.17
eessi,0,routed_17,1,7,routed,0,4,65536,15.71
eessi,0,routed_17,1,7,routed,0,4,131072,16.76
eessi,0,routed_17,1,7,routed,0,4,262144,19.38
eessi,0,routed_17,1,7,routed,0,4,524288,22.73
eessi,0,routed_17,1,7,routed,0,4,1048576,31.18
eessi,0,routed_17,1,7,routed,0,4,2097152,44.42
eessi,0,routed_17,1,7,routed,0,4,4194304,72.26
eessi,0,routed_17,1,7,routed,0,5,1,2.18
eessi,0,routed_17,1,7,routed,0,5,2,0.50
eessi,0,routed_17,1,7,routed,0,5,4,0.50
eessi,0,routed_17,1,7,routed,0,5,8,0.50
eessi,0,routed_17,1,7,routed,0,5,16,0.50
eessi,0,routed_17,1,7,routed,0,5,32,0.50
eessi,0,routed_17,1,7,routed,0,5,64,0.58
eessi,0,routed_17,1,7,routed,0,5,128,0.59
eessi,0,routed_17,1,7,routed,0,5,256,0.65
eessi,0,routed_17,1,7,routed,0,5,512,20.65
eessi,0,routed_17,1,7,routed,0,5,1024,13.88
eessi,0,routed_17,1,7,routed,0,5,2048,13.78
eessi,0,routed_17,1,7,routed,0,5,4096,13.80
eessi,0,routed_17,1,7,routed,0,5,8192,14.29
eessi,0,routed_17,1,7,routed,0,5,16384,14.45
eessi,0,routed_17,1,7,routed,0,5,32768,15.00
eessi,0,routed_17,1,7,routed,0,5,65536,15.48
eessi,0,routed_17,1,7,routed,0,5,131072,16.57
eessi,0,routed_17,1,7,routed,0,5,262144,19.12
eessi,0,routed_17,1,7,routed,0,5,524288,22.41
eessi,0,routed_17,1,7,routed,0,5,1048576,31.14
eessi,0,routed_17,1,7,routed,0,5,2097152,44.34
eessi,0,routed_17,1,7,routed,0,5,4194304,72.22
eessi,0,routed_17,1,7,routed,0,6,1,2.15
eessi,0,routed_17,1,7,routed,0,6,2,0.57
eessi,0,routed_17,1,7,routed,0,6,4,0.56
eessi,0,routed_17,1,7,routed,0,6,8,0.56
eessi,0,routed_17,1,7,routed,0,6,16,0.56
eessi,0,routed_17,1,7,routed,0,6,32,0.56
eessi,0,routed_17,1,7,routed,0,6,64,0.68
eessi,0,routed_17,1,7,routed,0,6,128,0.60
eessi,0,routed_17,1,7,routed,0,6,256,0.64
eessi,0,routed_17,1,7,routed,0,6,512,20.70
eessi,0,routed_17,1,7,routed,0,6,1024,13.82
eessi,0,routed_17,1,7,routed,0,6,2048,14.09
eessi,0,routed_17,1,7,routed,0,6,4096,13.90
eessi,0,routed_17,1,7,routed,0,6,8192,14.51
eessi,0,routed_17,1,7,routed,0,6,16384,14.38
eessi,0,routed_17,1,7,routed,0,6,32768,15.02
eessi,0,routed_17,1,7,routed,0,6,65536,15.46
eessi,0,routed_17,1,7,routed,0,6,131072,16.72
eessi,0,routed_17,1,7,routed,0,6,262144,19.07
eessi,0,routed_17,1,7,routed,0,6,524288,22.57
eessi,0,routed_17,1,7,routed,0,6,1048576,31.21
eessi,0,routed_17,1,7,routed,0,6,2097152,44.59
eessi,0,routed_17,1,7,routed,0,6,4194304,72.19
