stack,sdma_enabled,ucx_rndv_thresh,pair_label,gcd_a,gcd_b,tier,num_links,run,size_bytes,bandwidth_MBps
eessi,0,1024,intra_pkg_OAM0,0,1,intra_pkg,4,2,1,2.94
eessi,0,1024,intra_pkg_OAM0,0,1,intra_pkg,4,2,2,5.92
eessi,0,1024,intra_pkg_OAM0,0,1,intra_pkg,4,2,4,12.56
eessi,0,1024,intra_pkg_OAM0,0,1,intra_pkg,4,2,8,25.86
eessi,0,1024,intra_pkg_OAM0,0,1,intra_pkg,4,2,16,51.60
eessi,0,1024,intra_pkg_OAM0,0,1,intra_pkg,4,2,32,103.21
eessi,0,1024,intra_pkg_OAM0,0,1,intra_pkg,4,2,64,203.21
eessi,0,1024,intra_pkg_OAM0,0,1,intra_pkg,4,2,128,399.97
eessi,0,1024,intra_pkg_OAM0,0,1,intra_pkg,4,2,256,789.17
eessi,0,1024,intra_pkg_OAM0,0,1,intra_pkg,4,2,512,42.97
eessi,0,1024,intra_pkg_OAM0,0,1,intra_pkg,4,2,1024,124.96
eessi,0,1024,intra_pkg_OAM0,0,1,intra_pkg,4,2,2048,247.18
eessi,0,1024,intra_pkg_OAM0,0,1,intra_pkg,4,2,4096,491.53
eessi,0,1024,intra_pkg_OAM0,0,1,intra_pkg,4,2,8192,929.72
eessi,0,1024,intra_pkg_OAM0,0,1,intra_pkg,4,2,16384,1844.93
eessi,0,1024,intra_pkg_OAM0,0,1,intra_pkg,4,2,32768,3395.33
eessi,0,1024,intra_pkg_OAM0,0,1,intra_pkg,4,2,65536,6531.27
eessi,0,1024,intra_pkg_OAM0,0,1,intra_pkg,4,2,131072,12222.06
eessi,0,1024,intra_pkg_OAM0,0,1,intra_pkg,4,2,262144,21180.41
eessi,0,1024,intra_pkg_OAM0,0,1,intra_pkg,4,2,524288,37801.01
eessi,0,1024,intra_pkg_OAM0,0,1,intra_pkg,4,2,1048576,57918.57
eessi,0,1024,intra_pkg_OAM0,0,1,intra_pkg,4,2,2097152,82483.90
eessi,0,1024,intra_pkg_OAM0,0,1,intra_pkg,4,2,4194304,116664.06
eessi,0,1024,intra_pkg_OAM0,0,1,intra_pkg,4,2,8388608,131587.46
eessi,0,1024,intra_pkg_OAM0,0,1,intra_pkg,4,2,16777216,141804.11
eessi,0,1024,intra_pkg_OAM0,0,1,intra_pkg,4,2,33554432,147580.04
eessi,0,1024,intra_pkg_OAM0,0,1,intra_pkg,4,2,67108864,150087.09
eessi,0,1024,intra_pkg_OAM0,0,1,intra_pkg,4,3,1,2.91
eessi,0,1024,intra_pkg_OAM0,0,1,intra_pkg,4,3,2,5.78
eessi,0,1024,intra_pkg_OAM0,0,1,intra_pkg,4,3,4,12.16
eessi,0,1024,intra_pkg_OAM0,0,1,intra_pkg,4,3,8,25.02
eessi,0,1024,intra_pkg_OAM0,0,1,intra_pkg,4,3,16,47.67
eessi,0,1024,intra_pkg_OAM0,0,1,intra_pkg,4,3,32,94.70
eessi,0,1024,intra_pkg_OAM0,0,1,intra_pkg,4,3,64,198.94
eessi,0,1024,intra_pkg_OAM0,0,1,intra_pkg,4,3,128,395.89
eessi,0,1024,intra_pkg_OAM0,0,1,intra_pkg,4,3,256,706.30
eessi,0,1024,intra_pkg_OAM0,0,1,intra_pkg,4,3,512,42.86
eessi,0,1024,intra_pkg_OAM0,0,1,intra_pkg,4,3,1024,123.18
eessi,0,1024,intra_pkg_OAM0,0,1,intra_pkg,4,3,2048,247.62
eessi,0,1024,intra_pkg_OAM0,0,1,intra_pkg,4,3,4096,490.64
eessi,0,1024,intra_pkg_OAM0,0,1,intra_pkg,4,3,8192,931.96
eessi,0,1024,intra_pkg_OAM0,0,1,intra_pkg,4,3,16384,1850.62
eessi,0,1024,intra_pkg_OAM0,0,1,intra_pkg,4,3,32768,3298.42
eessi,0,1024,intra_pkg_OAM0,0,1,intra_pkg,4,3,65536,6610.44
eessi,0,1024,intra_pkg_OAM0,0,1,intra_pkg,4,3,131072,12112.79
eessi,0,1024,intra_pkg_OAM0,0,1,intra_pkg,4,3,262144,21110.04
eessi,0,1024,intra_pkg_OAM0,0,1,intra_pkg,4,3,524288,37557.34
eessi,0,1024,intra_pkg_OAM0,0,1,intra_pkg,4,3,1048576,57646.25
eessi,0,1024,intra_pkg_OAM0,0,1,intra_pkg,4,3,2097152,82109.87
eessi,0,1024,intra_pkg_OAM0,0,1,intra_pkg,4,3,4194304,116619.48
eessi,0,1024,intra_pkg_OAM0,0,1,intra_pkg,4,3,8388608,131818.78
eessi,0,1024,intra_pkg_OAM0,0,1,intra_pkg,4,3,16777216,141833.61
eessi,0,1024,intra_pkg_OAM0,0,1,intra_pkg,4,3,33554432,147519.90
eessi,0,1024,intra_pkg_OAM0,0,1,intra_pkg,4,3,67108864,150013.87
eessi,0,1024,intra_pkg_OAM0,0,1,intra_pkg,4,4,1,3.02
eessi,0,1024,intra_pkg_OAM0,0,1,intra_pkg,4,4,2,6.04
eessi,0,1024,intra_pkg_OAM0,0,1,intra_pkg,4,4,4,12.92
eessi,0,1024,intra_pkg_OAM0,0,1,intra_pkg,4,4,8,26.44
eessi,0,1024,intra_pkg_OAM0,0,1,intra_pkg,4,4,16,53.18
eessi,0,1024,intra_pkg_OAM0,0,1,intra_pkg,4,4,32,105.66
eessi,0,1024,intra_pkg_OAM0,0,1,intra_pkg,4,4,64,211.01
eessi,0,1024,intra_pkg_OAM0,0,1,intra_pkg,4,4,128,375.35
eessi,0,1024,intra_pkg_OAM0,0,1,intra_pkg,4,4,256,804.89
eessi,0,1024,intra_pkg_OAM0,0,1,intra_pkg,4,4,512,42.98
eessi,0,1024,intra_pkg_OAM0,0,1,intra_pkg,4,4,1024,117.85
eessi,0,1024,intra_pkg_OAM0,0,1,intra_pkg,4,4,2048,234.16
eessi,0,1024,intra_pkg_OAM0,0,1,intra_pkg,4,4,4096,466.49
eessi,0,1024,intra_pkg_OAM0,0,1,intra_pkg,4,4,8192,913.05
eessi,0,1024,intra_pkg_OAM0,0,1,intra_pkg,4,4,16384,1808.93
eessi,0,1024,intra_pkg_OAM0,0,1,intra_pkg,4,4,32768,3281.35
eessi,0,1024,intra_pkg_OAM0,0,1,intra_pkg,4,4,65536,6402.83
eessi,0,1024,intra_pkg_OAM0,0,1,intra_pkg,4,4,131072,12103.80
eessi,0,1024,intra_pkg_OAM0,0,1,intra_pkg,4,4,262144,21115.49
eessi,0,1024,intra_pkg_OAM0,0,1,intra_pkg,4,4,524288,37770.76
eessi,0,1024,intra_pkg_OAM0,0,1,intra_pkg,4,4,1048576,57740.99
eessi,0,1024,intra_pkg_OAM0,0,1,intra_pkg,4,4,2097152,82305.74
eessi,0,1024,intra_pkg_OAM0,0,1,intra_pkg,4,4,4194304,116725.34
eessi,0,1024,intra_pkg_OAM0,0,1,intra_pkg,4,4,8388608,131941.69
eessi,0,1024,intra_pkg_OAM0,0,1,intra_pkg,4,4,16777216,142012.42
eessi,0,1024,intra_pkg_OAM0,0,1,intra_pkg,4,4,33554432,147424.15
eessi,0,1024,intra_pkg_OAM0,0,1,intra_pkg,4,4,67108864,149848.99
eessi,0,DEFAULT,intra_pkg_OAM0,0,1,intra_pkg,4,2,1,3.00
eessi,0,DEFAULT,intra_pkg_OAM0,0,1,intra_pkg,4,2,2,6.03
eessi,0,DEFAULT,intra_pkg_OAM0,0,1,intra_pkg,4,2,4,12.89
eessi,0,DEFAULT,intra_pkg_OAM0,0,1,intra_pkg,4,2,8,26.35
eessi,0,DEFAULT,intra_pkg_OAM0,0,1,intra_pkg,4,2,16,52.85
eessi,0,DEFAULT,intra_pkg_OAM0,0,1,intra_pkg,4,2,32,105.31
eessi,0,DEFAULT,intra_pkg_OAM0,0,1,intra_pkg,4,2,64,210.42
eessi,0,DEFAULT,intra_pkg_OAM0,0,1,intra_pkg,4,2,128,411.88
eessi,0,DEFAULT,intra_pkg_OAM0,0,1,intra_pkg,4,2,256,29.94
eessi,0,DEFAULT,intra_pkg_OAM0,0,1,intra_pkg,4,2,512,59.03
eessi,0,DEFAULT,intra_pkg_OAM0,0,1,intra_pkg,4,2,1024,118.36
eessi,0,DEFAULT,intra_pkg_OAM0,0,1,intra_pkg,4,2,2048,235.23
eessi,0,DEFAULT,intra_pkg_OAM0,0,1,intra_pkg,4,2,4096,472.70
eessi,0,DEFAULT,intra_pkg_OAM0,0,1,intra_pkg,4,2,8192,915.18
eessi,0,DEFAULT,intra_pkg_OAM0,0,1,intra_pkg,4,2,16384,1816.70
eessi,0,DEFAULT,intra_pkg_OAM0,0,1,intra_pkg,4,2,32768,3438.29
eessi,0,DEFAULT,intra_pkg_OAM0,0,1,intra_pkg,4,2,65536,6755.93
eessi,0,DEFAULT,intra_pkg_OAM0,0,1,intra_pkg,4,2,131072,12158.29
eessi,0,DEFAULT,intra_pkg_OAM0,0,1,intra_pkg,4,2,262144,21052.53
eessi,0,DEFAULT,intra_pkg_OAM0,0,1,intra_pkg,4,2,524288,37742.35
eessi,0,DEFAULT,intra_pkg_OAM0,0,1,intra_pkg,4,2,1048576,57804.52
eessi,0,DEFAULT,intra_pkg_OAM0,0,1,intra_pkg,4,2,2097152,82471.16
eessi,0,DEFAULT,intra_pkg_OAM0,0,1,intra_pkg,4,2,4194304,116720.85
eessi,0,DEFAULT,intra_pkg_OAM0,0,1,intra_pkg,4,2,8388608,131990.09
eessi,0,DEFAULT,intra_pkg_OAM0,0,1,intra_pkg,4,2,16777216,141837.54
eessi,0,DEFAULT,intra_pkg_OAM0,0,1,intra_pkg,4,2,33554432,147344.60
eessi,0,DEFAULT,intra_pkg_OAM0,0,1,intra_pkg,4,2,67108864,149839.47
eessi,0,DEFAULT,intra_pkg_OAM0,0,1,intra_pkg,4,3,1,2.98
eessi,0,DEFAULT,intra_pkg_OAM0,0,1,intra_pkg,4,3,2,5.94
eessi,0,DEFAULT,intra_pkg_OAM0,0,1,intra_pkg,4,3,4,12.69
eessi,0,DEFAULT,intra_pkg_OAM0,0,1,intra_pkg,4,3,8,25.99
eessi,0,DEFAULT,intra_pkg_OAM0,0,1,intra_pkg,4,3,16,52.27
eessi,0,DEFAULT,intra_pkg_OAM0,0,1,intra_pkg,4,3,32,94.28
eessi,0,DEFAULT,intra_pkg_OAM0,0,1,intra_pkg,4,3,64,206.53
eessi,0,DEFAULT,intra_pkg_OAM0,0,1,intra_pkg,4,3,128,407.48
eessi,0,DEFAULT,intra_pkg_OAM0,0,1,intra_pkg,4,3,256,29.65
eessi,0,DEFAULT,intra_pkg_OAM0,0,1,intra_pkg,4,3,512,59.37
eessi,0,DEFAULT,intra_pkg_OAM0,0,1,intra_pkg,4,3,1024,118.92
eessi,0,DEFAULT,intra_pkg_OAM0,0,1,intra_pkg,4,3,2048,237.59
eessi,0,DEFAULT,intra_pkg_OAM0,0,1,intra_pkg,4,3,4096,476.13
eessi,0,DEFAULT,intra_pkg_OAM0,0,1,intra_pkg,4,3,8192,922.80
eessi,0,DEFAULT,intra_pkg_OAM0,0,1,intra_pkg,4,3,16384,1833.46
eessi,0,DEFAULT,intra_pkg_OAM0,0,1,intra_pkg,4,3,32768,3422.15
eessi,0,DEFAULT,intra_pkg_OAM0,0,1,intra_pkg,4,3,65536,6635.94
eessi,0,DEFAULT,intra_pkg_OAM0,0,1,intra_pkg,4,3,131072,12108.79
eessi,0,DEFAULT,intra_pkg_OAM0,0,1,intra_pkg,4,3,262144,21031.01
eessi,0,DEFAULT,intra_pkg_OAM0,0,1,intra_pkg,4,3,524288,37665.85
eessi,0,DEFAULT,intra_pkg_OAM0,0,1,intra_pkg,4,3,1048576,57719.84
eessi,0,DEFAULT,intra_pkg_OAM0,0,1,intra_pkg,4,3,2097152,81922.51
eessi,0,DEFAULT,intra_pkg_OAM0,0,1,intra_pkg,4,3,4194304,116281.41
eessi,0,DEFAULT,intra_pkg_OAM0,0,1,intra_pkg,4,3,8388608,131609.33
eessi,0,DEFAULT,intra_pkg_OAM0,0,1,intra_pkg,4,3,16777216,141684.23
eessi,0,DEFAULT,intra_pkg_OAM0,0,1,intra_pkg,4,3,33554432,147254.66
eessi,0,DEFAULT,intra_pkg_OAM0,0,1,intra_pkg,4,3,67108864,149747.09
eessi,0,DEFAULT,intra_pkg_OAM0,0,1,intra_pkg,4,4,1,2.92
eessi,0,DEFAULT,intra_pkg_OAM0,0,1,intra_pkg,4,4,2,5.86
eessi,0,DEFAULT,intra_pkg_OAM0,0,1,intra_pkg,4,4,4,12.44
eessi,0,DEFAULT,intra_pkg_OAM0,0,1,intra_pkg,4,4,8,25.65
eessi,0,DEFAULT,intra_pkg_OAM0,0,1,intra_pkg,4,4,16,51.26
eessi,0,DEFAULT,intra_pkg_OAM0,0,1,intra_pkg,4,4,32,102.61
eessi,0,DEFAULT,intra_pkg_OAM0,0,1,intra_pkg,4,4,64,203.48
eessi,0,DEFAULT,intra_pkg_OAM0,0,1,intra_pkg,4,4,128,399.20
eessi,0,DEFAULT,intra_pkg_OAM0,0,1,intra_pkg,4,4,256,31.58
eessi,0,DEFAULT,intra_pkg_OAM0,0,1,intra_pkg,4,4,512,63.36
eessi,0,DEFAULT,intra_pkg_OAM0,0,1,intra_pkg,4,4,1024,126.85
eessi,0,DEFAULT,intra_pkg_OAM0,0,1,intra_pkg,4,4,2048,251.17
eessi,0,DEFAULT,intra_pkg_OAM0,0,1,intra_pkg,4,4,4096,494.97
eessi,0,DEFAULT,intra_pkg_OAM0,0,1,intra_pkg,4,4,8192,930.30
eessi,0,DEFAULT,intra_pkg_OAM0,0,1,intra_pkg,4,4,16384,1845.39
eessi,0,DEFAULT,intra_pkg_OAM0,0,1,intra_pkg,4,4,32768,3426.40
eessi,0,DEFAULT,intra_pkg_OAM0,0,1,intra_pkg,4,4,65536,6643.92
eessi,0,DEFAULT,intra_pkg_OAM0,0,1,intra_pkg,4,4,131072,12307.45
eessi,0,DEFAULT,intra_pkg_OAM0,0,1,intra_pkg,4,4,262144,21144.78
eessi,0,DEFAULT,intra_pkg_OAM0,0,1,intra_pkg,4,4,524288,37931.80
eessi,0,DEFAULT,intra_pkg_OAM0,0,1,intra_pkg,4,4,1048576,57993.11
eessi,0,DEFAULT,intra_pkg_OAM0,0,1,intra_pkg,4,4,2097152,82471.08
eessi,0,DEFAULT,intra_pkg_OAM0,0,1,intra_pkg,4,4,4194304,116827.04
eessi,0,DEFAULT,intra_pkg_OAM0,0,1,intra_pkg,4,4,8388608,132090.72
eessi,0,DEFAULT,intra_pkg_OAM0,0,1,intra_pkg,4,4,16777216,142019.60
eessi,0,DEFAULT,intra_pkg_OAM0,0,1,intra_pkg,4,4,33554432,147418.17
eessi,0,DEFAULT,intra_pkg_OAM0,0,1,intra_pkg,4,4,67108864,149934.77
eessi,0,16777216,intra_pkg_OAM0,0,1,intra_pkg,4,2,1,2.96
eessi,0,16777216,intra_pkg_OAM0,0,1,intra_pkg,4,2,2,5.91
eessi,0,16777216,intra_pkg_OAM0,0,1,intra_pkg,4,2,4,12.62
eessi,0,16777216,intra_pkg_OAM0,0,1,intra_pkg,4,2,8,25.76
eessi,0,16777216,intra_pkg_OAM0,0,1,intra_pkg,4,2,16,51.86
eessi,0,16777216,intra_pkg_OAM0,0,1,intra_pkg,4,2,32,96.03
eessi,0,16777216,intra_pkg_OAM0,0,1,intra_pkg,4,2,64,205.40
eessi,0,16777216,intra_pkg_OAM0,0,1,intra_pkg,4,2,128,404.45
eessi,0,16777216,intra_pkg_OAM0,0,1,intra_pkg,4,2,256,733.44
eessi,0,16777216,intra_pkg_OAM0,0,1,intra_pkg,4,2,512,42.77
eessi,0,16777216,intra_pkg_OAM0,0,1,intra_pkg,4,2,1024,85.38
eessi,0,16777216,intra_pkg_OAM0,0,1,intra_pkg,4,2,2048,170.95
eessi,0,16777216,intra_pkg_OAM0,0,1,intra_pkg,4,2,4096,339.47
eessi,0,16777216,intra_pkg_OAM0,0,1,intra_pkg,4,2,8192,643.64
eessi,0,16777216,intra_pkg_OAM0,0,1,intra_pkg,4,2,16384,651.42
eessi,0,16777216,intra_pkg_OAM0,0,1,intra_pkg,4,2,32768,657.37
eessi,0,16777216,intra_pkg_OAM0,0,1,intra_pkg,4,2,65536,664.34
eessi,0,16777216,intra_pkg_OAM0,0,1,intra_pkg,4,2,131072,665.65
eessi,0,16777216,intra_pkg_OAM0,0,1,intra_pkg,4,2,262144,666.91
eessi,0,16777216,intra_pkg_OAM0,0,1,intra_pkg,4,2,524288,657.63
eessi,0,16777216,intra_pkg_OAM0,0,1,intra_pkg,4,2,1048576,655.39
eessi,0,16777216,intra_pkg_OAM0,0,1,intra_pkg,4,2,2097152,653.28
eessi,0,16777216,intra_pkg_OAM0,0,1,intra_pkg,4,2,4194304,664.10
eessi,0,16777216,intra_pkg_OAM0,0,1,intra_pkg,4,2,8388608,663.26
eessi,0,16777216,intra_pkg_OAM0,0,1,intra_pkg,4,2,16777216,141975.72
eessi,0,16777216,intra_pkg_OAM0,0,1,intra_pkg,4,2,33554432,147518.14
eessi,0,16777216,intra_pkg_OAM0,0,1,intra_pkg,4,2,67108864,149969.63
eessi,0,16777216,intra_pkg_OAM0,0,1,intra_pkg,4,3,1,2.96
eessi,0,16777216,intra_pkg_OAM0,0,1,intra_pkg,4,3,2,5.90
eessi,0,16777216,intra_pkg_OAM0,0,1,intra_pkg,4,3,4,12.57
eessi,0,16777216,intra_pkg_OAM0,0,1,intra_pkg,4,3,8,25.78
eessi,0,16777216,intra_pkg_OAM0,0,1,intra_pkg,4,3,16,51.53
eessi,0,16777216,intra_pkg_OAM0,0,1,intra_pkg,4,3,32,103.37
eessi,0,16777216,intra_pkg_OAM0,0,1,intra_pkg,4,3,64,204.77
eessi,0,16777216,intra_pkg_OAM0,0,1,intra_pkg,4,3,128,407.04
eessi,0,16777216,intra_pkg_OAM0,0,1,intra_pkg,4,3,256,801.14
eessi,0,16777216,intra_pkg_OAM0,0,1,intra_pkg,4,3,512,42.91
eessi,0,16777216,intra_pkg_OAM0,0,1,intra_pkg,4,3,1024,85.87
eessi,0,16777216,intra_pkg_OAM0,0,1,intra_pkg,4,3,2048,171.73
eessi,0,16777216,intra_pkg_OAM0,0,1,intra_pkg,4,3,4096,342.60
eessi,0,16777216,intra_pkg_OAM0,0,1,intra_pkg,4,3,8192,654.79
eessi,0,16777216,intra_pkg_OAM0,0,1,intra_pkg,4,3,16384,659.42
eessi,0,16777216,intra_pkg_OAM0,0,1,intra_pkg,4,3,32768,662.75
eessi,0,16777216,intra_pkg_OAM0,0,1,intra_pkg,4,3,65536,663.25
eessi,0,16777216,intra_pkg_OAM0,0,1,intra_pkg,4,3,131072,643.61
eessi,0,16777216,intra_pkg_OAM0,0,1,intra_pkg,4,3,262144,661.24
eessi,0,16777216,intra_pkg_OAM0,0,1,intra_pkg,4,3,524288,666.22
eessi,0,16777216,intra_pkg_OAM0,0,1,intra_pkg,4,3,1048576,653.62
eessi,0,16777216,intra_pkg_OAM0,0,1,intra_pkg,4,3,2097152,665.96
eessi,0,16777216,intra_pkg_OAM0,0,1,intra_pkg,4,3,4194304,655.97
eessi,0,16777216,intra_pkg_OAM0,0,1,intra_pkg,4,3,8388608,658.68
eessi,0,16777216,intra_pkg_OAM0,0,1,intra_pkg,4,3,16777216,141633.62
eessi,0,16777216,intra_pkg_OAM0,0,1,intra_pkg,4,3,33554432,146763.91
eessi,0,16777216,intra_pkg_OAM0,0,1,intra_pkg,4,3,67108864,149362.06
eessi,0,16777216,intra_pkg_OAM0,0,1,intra_pkg,4,4,1,2.98
eessi,0,16777216,intra_pkg_OAM0,0,1,intra_pkg,4,4,2,5.96
eessi,0,16777216,intra_pkg_OAM0,0,1,intra_pkg,4,4,4,12.72
eessi,0,16777216,intra_pkg_OAM0,0,1,intra_pkg,4,4,8,26.17
eessi,0,16777216,intra_pkg_OAM0,0,1,intra_pkg,4,4,16,52.51
eessi,0,16777216,intra_pkg_OAM0,0,1,intra_pkg,4,4,32,104.28
eessi,0,16777216,intra_pkg_OAM0,0,1,intra_pkg,4,4,64,208.38
eessi,0,16777216,intra_pkg_OAM0,0,1,intra_pkg,4,4,128,408.94
eessi,0,16777216,intra_pkg_OAM0,0,1,intra_pkg,4,4,256,809.80
eessi,0,16777216,intra_pkg_OAM0,0,1,intra_pkg,4,4,512,43.00
eessi,0,16777216,intra_pkg_OAM0,0,1,intra_pkg,4,4,1024,85.98
eessi,0,16777216,intra_pkg_OAM0,0,1,intra_pkg,4,4,2048,171.90
eessi,0,16777216,intra_pkg_OAM0,0,1,intra_pkg,4,4,4096,342.54
eessi,0,16777216,intra_pkg_OAM0,0,1,intra_pkg,4,4,8192,655.31
eessi,0,16777216,intra_pkg_OAM0,0,1,intra_pkg,4,4,16384,660.88
eessi,0,16777216,intra_pkg_OAM0,0,1,intra_pkg,4,4,32768,663.70
eessi,0,16777216,intra_pkg_OAM0,0,1,intra_pkg,4,4,65536,666.37
eessi,0,16777216,intra_pkg_OAM0,0,1,intra_pkg,4,4,131072,667.70
eessi,0,16777216,intra_pkg_OAM0,0,1,intra_pkg,4,4,262144,665.05
eessi,0,16777216,intra_pkg_OAM0,0,1,intra_pkg,4,4,524288,658.60
eessi,0,16777216,intra_pkg_OAM0,0,1,intra_pkg,4,4,1048576,660.72
eessi,0,16777216,intra_pkg_OAM0,0,1,intra_pkg,4,4,2097152,662.29
eessi,0,16777216,intra_pkg_OAM0,0,1,intra_pkg,4,4,4194304,665.73
eessi,0,16777216,intra_pkg_OAM0,0,1,intra_pkg,4,4,8388608,667.76
eessi,0,16777216,intra_pkg_OAM0,0,1,intra_pkg,4,4,16777216,141864.02
eessi,0,16777216,intra_pkg_OAM0,0,1,intra_pkg,4,4,33554432,147308.06
eessi,0,16777216,intra_pkg_OAM0,0,1,intra_pkg,4,4,67108864,149867.02
