stack,sdma_enabled,pair_label,node_a,node_b,gcd_a,gcd_b,hop_class,nic_class,num_links,run,size_bytes,bandwidth_MBps
eessi,0,inter_GCD0_GCD0,nid005020,nid005021,0,0,inter_node,nic_via_xgmi,NA,2,1,0.07
eessi,0,inter_GCD0_GCD0,nid005020,nid005021,0,0,inter_node,nic_via_xgmi,NA,2,2,0.13
eessi,0,inter_GCD0_GCD0,nid005020,nid005021,0,0,inter_node,nic_via_xgmi,NA,2,4,0.27
eessi,0,inter_GCD0_GCD0,nid005020,nid005021,0,0,inter_node,nic_via_xgmi,NA,2,8,0.54
eessi,0,inter_GCD0_GCD0,nid005020,nid005021,0,0,inter_node,nic_via_xgmi,NA,2,16,1.07
eessi,0,inter_GCD0_GCD0,nid005020,nid005021,0,0,inter_node,nic_via_xgmi,NA,2,32,2.15
eessi,0,inter_GCD0_GCD0,nid005020,nid005021,0,0,inter_node,nic_via_xgmi,NA,2,64,4.29
eessi,0,inter_GCD0_GCD0,nid005020,nid005021,0,0,inter_node,nic_via_xgmi,NA,2,128,8.04
eessi,0,inter_GCD0_GCD0,nid005020,nid005021,0,0,inter_node,nic_via_xgmi,NA,2,256,308.17
eessi,0,inter_GCD0_GCD0,nid005020,nid005021,0,0,inter_node,nic_via_xgmi,NA,2,512,617.17
eessi,0,inter_GCD0_GCD0,nid005020,nid005021,0,0,inter_node,nic_via_xgmi,NA,2,1024,1232.68
eessi,0,inter_GCD0_GCD0,nid005020,nid005021,0,0,inter_node,nic_via_xgmi,NA,2,2048,2465.16
eessi,0,inter_GCD0_GCD0,nid005020,nid005021,0,0,inter_node,nic_via_xgmi,NA,2,4096,4915.00
eessi,0,inter_GCD0_GCD0,nid005020,nid005021,0,0,inter_node,nic_via_xgmi,NA,2,8192,8804.43
eessi,0,inter_GCD0_GCD0,nid005020,nid005021,0,0,inter_node,nic_via_xgmi,NA,2,16384,12845.66
eessi,0,inter_GCD0_GCD0,nid005020,nid005021,0,0,inter_node,nic_via_xgmi,NA,2,32768,17353.33
eessi,0,inter_GCD0_GCD0,nid005020,nid005021,0,0,inter_node,nic_via_xgmi,NA,2,65536,20850.29
eessi,0,inter_GCD0_GCD0,nid005020,nid005021,0,0,inter_node,nic_via_xgmi,NA,2,131072,22209.07
eessi,0,inter_GCD0_GCD0,nid005020,nid005021,0,0,inter_node,nic_via_xgmi,NA,2,262144,23361.50
eessi,0,inter_GCD0_GCD0,nid005020,nid005021,0,0,inter_node,nic_via_xgmi,NA,2,524288,23817.40
eessi,0,inter_GCD0_GCD0,nid005020,nid005021,0,0,inter_node,nic_via_xgmi,NA,2,1048576,24052.08
eessi,0,inter_GCD0_GCD0,nid005020,nid005021,0,0,inter_node,nic_via_xgmi,NA,2,2097152,24170.47
eessi,0,inter_GCD0_GCD0,nid005020,nid005021,0,0,inter_node,nic_via_xgmi,NA,2,4194304,24230.93
eessi,0,inter_GCD0_GCD0,nid005020,nid005021,0,0,inter_node,nic_via_xgmi,NA,2,8388608,24261.04
eessi,0,inter_GCD0_GCD0,nid005020,nid005021,0,0,inter_node,nic_via_xgmi,NA,2,16777216,24276.36
eessi,0,inter_GCD0_GCD0,nid005020,nid005021,0,0,inter_node,nic_via_xgmi,NA,2,33554432,24284.05
eessi,0,inter_GCD0_GCD0,nid005020,nid005021,0,0,inter_node,nic_via_xgmi,NA,2,67108864,24287.95
eessi,0,inter_GCD0_GCD0,nid005020,nid005021,0,0,inter_node,nic_via_xgmi,NA,3,1,0.06
eessi,0,inter_GCD0_GCD0,nid005020,nid005021,0,0,inter_node,nic_via_xgmi,NA,3,2,0.12
eessi,0,inter_GCD0_GCD0,nid005020,nid005021,0,0,inter_node,nic_via_xgmi,NA,3,4,0.25
eessi,0,inter_GCD0_GCD0,nid005020,nid005021,0,0,inter_node,nic_via_xgmi,NA,3,8,0.50
eessi,0,inter_GCD0_GCD0,nid005020,nid005021,0,0,inter_node,nic_via_xgmi,NA,3,16,1.00
eessi,0,inter_GCD0_GCD0,nid005020,nid005021,0,0,inter_node,nic_via_xgmi,NA,3,32,2.00
eessi,0,inter_GCD0_GCD0,nid005020,nid005021,0,0,inter_node,nic_via_xgmi,NA,3,64,3.99
eessi,0,inter_GCD0_GCD0,nid005020,nid005021,0,0,inter_node,nic_via_xgmi,NA,3,128,7.96
eessi,0,inter_GCD0_GCD0,nid005020,nid005021,0,0,inter_node,nic_via_xgmi,NA,3,256,306.27
eessi,0,inter_GCD0_GCD0,nid005020,nid005021,0,0,inter_node,nic_via_xgmi,NA,3,512,611.55
eessi,0,inter_GCD0_GCD0,nid005020,nid005021,0,0,inter_node,nic_via_xgmi,NA,3,1024,1227.60
eessi,0,inter_GCD0_GCD0,nid005020,nid005021,0,0,inter_node,nic_via_xgmi,NA,3,2048,2455.03
eessi,0,inter_GCD0_GCD0,nid005020,nid005021,0,0,inter_node,nic_via_xgmi,NA,3,4096,4885.38
eessi,0,inter_GCD0_GCD0,nid005020,nid005021,0,0,inter_node,nic_via_xgmi,NA,3,8192,8797.65
eessi,0,inter_GCD0_GCD0,nid005020,nid005021,0,0,inter_node,nic_via_xgmi,NA,3,16384,12887.38
eessi,0,inter_GCD0_GCD0,nid005020,nid005021,0,0,inter_node,nic_via_xgmi,NA,3,32768,17178.50
eessi,0,inter_GCD0_GCD0,nid005020,nid005021,0,0,inter_node,nic_via_xgmi,NA,3,65536,20849.13
eessi,0,inter_GCD0_GCD0,nid005020,nid005021,0,0,inter_node,nic_via_xgmi,NA,3,131072,22194.31
eessi,0,inter_GCD0_GCD0,nid005020,nid005021,0,0,inter_node,nic_via_xgmi,NA,3,262144,23357.08
eessi,0,inter_GCD0_GCD0,nid005020,nid005021,0,0,inter_node,nic_via_xgmi,NA,3,524288,23813.35
eessi,0,inter_GCD0_GCD0,nid005020,nid005021,0,0,inter_node,nic_via_xgmi,NA,3,1048576,24048.96
eessi,0,inter_GCD0_GCD0,nid005020,nid005021,0,0,inter_node,nic_via_xgmi,NA,3,2097152,24169.07
eessi,0,inter_GCD0_GCD0,nid005020,nid005021,0,0,inter_node,nic_via_xgmi,NA,3,4194304,24230.83
eessi,0,inter_GCD0_GCD0,nid005020,nid005021,0,0,inter_node,nic_via_xgmi,NA,3,8388608,24261.22
eessi,0,inter_GCD0_GCD0,nid005020,nid005021,0,0,inter_node,nic_via_xgmi,NA,3,16777216,24276.40
eessi,0,inter_GCD0_GCD0,nid005020,nid005021,0,0,inter_node,nic_via_xgmi,NA,3,33554432,24284.03
eessi,0,inter_GCD0_GCD0,nid005020,nid005021,0,0,inter_node,nic_via_xgmi,NA,3,67108864,24287.94
eessi,0,inter_GCD0_GCD0,nid005020,nid005021,0,0,inter_node,nic_via_xgmi,NA,4,1,0.06
eessi,0,inter_GCD0_GCD0,nid005020,nid005021,0,0,inter_node,nic_via_xgmi,NA,4,2,0.13
eessi,0,inter_GCD0_GCD0,nid005020,nid005021,0,0,inter_node,nic_via_xgmi,NA,4,4,0.26
eessi,0,inter_GCD0_GCD0,nid005020,nid005021,0,0,inter_node,nic_via_xgmi,NA,4,8,0.52
eessi,0,inter_GCD0_GCD0,nid005020,nid005021,0,0,inter_node,nic_via_xgmi,NA,4,16,1.03
eessi,0,inter_GCD0_GCD0,nid005020,nid005021,0,0,inter_node,nic_via_xgmi,NA,4,32,2.06
eessi,0,inter_GCD0_GCD0,nid005020,nid005021,0,0,inter_node,nic_via_xgmi,NA,4,64,4.14
eessi,0,inter_GCD0_GCD0,nid005020,nid005021,0,0,inter_node,nic_via_xgmi,NA,4,128,8.19
eessi,0,inter_GCD0_GCD0,nid005020,nid005021,0,0,inter_node,nic_via_xgmi,NA,4,256,308.71
eessi,0,inter_GCD0_GCD0,nid005020,nid005021,0,0,inter_node,nic_via_xgmi,NA,4,512,619.11
eessi,0,inter_GCD0_GCD0,nid005020,nid005021,0,0,inter_node,nic_via_xgmi,NA,4,1024,1232.08
eessi,0,inter_GCD0_GCD0,nid005020,nid005021,0,0,inter_node,nic_via_xgmi,NA,4,2048,2464.97
eessi,0,inter_GCD0_GCD0,nid005020,nid005021,0,0,inter_node,nic_via_xgmi,NA,4,4096,4933.99
eessi,0,inter_GCD0_GCD0,nid005020,nid005021,0,0,inter_node,nic_via_xgmi,NA,4,8192,8847.48
eessi,0,inter_GCD0_GCD0,nid005020,nid005021,0,0,inter_node,nic_via_xgmi,NA,4,16384,12785.08
eessi,0,inter_GCD0_GCD0,nid005020,nid005021,0,0,inter_node,nic_via_xgmi,NA,4,32768,17252.13
eessi,0,inter_GCD0_GCD0,nid005020,nid005021,0,0,inter_node,nic_via_xgmi,NA,4,65536,20838.33
eessi,0,inter_GCD0_GCD0,nid005020,nid005021,0,0,inter_node,nic_via_xgmi,NA,4,131072,22170.56
eessi,0,inter_GCD0_GCD0,nid005020,nid005021,0,0,inter_node,nic_via_xgmi,NA,4,262144,23357.48
eessi,0,inter_GCD0_GCD0,nid005020,nid005021,0,0,inter_node,nic_via_xgmi,NA,4,524288,23812.34
eessi,0,inter_GCD0_GCD0,nid005020,nid005021,0,0,inter_node,nic_via_xgmi,NA,4,1048576,24050.14
eessi,0,inter_GCD0_GCD0,nid005020,nid005021,0,0,inter_node,nic_via_xgmi,NA,4,2097152,24169.74
eessi,0,inter_GCD0_GCD0,nid005020,nid005021,0,0,inter_node,nic_via_xgmi,NA,4,4194304,24230.51
eessi,0,inter_GCD0_GCD0,nid005020,nid005021,0,0,inter_node,nic_via_xgmi,NA,4,8388608,24260.92
eessi,0,inter_GCD0_GCD0,nid005020,nid005021,0,0,inter_node,nic_via_xgmi,NA,4,16777216,24276.57
eessi,0,inter_GCD0_GCD0,nid005020,nid005021,0,0,inter_node,nic_via_xgmi,NA,4,33554432,24284.10
eessi,0,inter_GCD0_GCD0,nid005020,nid005021,0,0,inter_node,nic_via_xgmi,NA,4,67108864,24287.94
eessi,0,inter_GCD0_GCD0,nid005020,nid005021,0,0,inter_node,nic_via_xgmi,NA,5,1,0.06
eessi,0,inter_GCD0_GCD0,nid005020,nid005021,0,0,inter_node,nic_via_xgmi,NA,5,2,0.13
eessi,0,inter_GCD0_GCD0,nid005020,nid005021,0,0,inter_node,nic_via_xgmi,NA,5,4,0.25
eessi,0,inter_GCD0_GCD0,nid005020,nid005021,0,0,inter_node,nic_via_xgmi,NA,5,8,0.51
eessi,0,inter_GCD0_GCD0,nid005020,nid005021,0,0,inter_node,nic_via_xgmi,NA,5,16,1.01
eessi,0,inter_GCD0_GCD0,nid005020,nid005021,0,0,inter_node,nic_via_xgmi,NA,5,32,2.04
eessi,0,inter_GCD0_GCD0,nid005020,nid005021,0,0,inter_node,nic_via_xgmi,NA,5,64,4.09
eessi,0,inter_GCD0_GCD0,nid005020,nid005021,0,0,inter_node,nic_via_xgmi,NA,5,128,8.17
eessi,0,inter_GCD0_GCD0,nid005020,nid005021,0,0,inter_node,nic_via_xgmi,NA,5,256,305.59
eessi,0,inter_GCD0_GCD0,nid005020,nid005021,0,0,inter_node,nic_via_xgmi,NA,5,512,614.86
eessi,0,inter_GCD0_GCD0,nid005020,nid005021,0,0,inter_node,nic_via_xgmi,NA,5,1024,1227.56
eessi,0,inter_GCD0_GCD0,nid005020,nid005021,0,0,inter_node,nic_via_xgmi,NA,5,2048,2451.52
eessi,0,inter_GCD0_GCD0,nid005020,nid005021,0,0,inter_node,nic_via_xgmi,NA,5,4096,4887.37
eessi,0,inter_GCD0_GCD0,nid005020,nid005021,0,0,inter_node,nic_via_xgmi,NA,5,8192,8777.54
eessi,0,inter_GCD0_GCD0,nid005020,nid005021,0,0,inter_node,nic_via_xgmi,NA,5,16384,12904.53
eessi,0,inter_GCD0_GCD0,nid005020,nid005021,0,0,inter_node,nic_via_xgmi,NA,5,32768,17138.65
eessi,0,inter_GCD0_GCD0,nid005020,nid005021,0,0,inter_node,nic_via_xgmi,NA,5,65536,20819.89
eessi,0,inter_GCD0_GCD0,nid005020,nid005021,0,0,inter_node,nic_via_xgmi,NA,5,131072,22188.54
eessi,0,inter_GCD0_GCD0,nid005020,nid005021,0,0,inter_node,nic_via_xgmi,NA,5,262144,23356.57
eessi,0,inter_GCD0_GCD0,nid005020,nid005021,0,0,inter_node,nic_via_xgmi,NA,5,524288,23813.41
eessi,0,inter_GCD0_GCD0,nid005020,nid005021,0,0,inter_node,nic_via_xgmi,NA,5,1048576,24050.04
eessi,0,inter_GCD0_GCD0,nid005020,nid005021,0,0,inter_node,nic_via_xgmi,NA,5,2097152,24169.75
eessi,0,inter_GCD0_GCD0,nid005020,nid005021,0,0,inter_node,nic_via_xgmi,NA,5,4194304,24230.51
eessi,0,inter_GCD0_GCD0,nid005020,nid005021,0,0,inter_node,nic_via_xgmi,NA,5,8388608,24261.24
eessi,0,inter_GCD0_GCD0,nid005020,nid005021,0,0,inter_node,nic_via_xgmi,NA,5,16777216,24275.17
eessi,0,inter_GCD0_GCD0,nid005020,nid005021,0,0,inter_node,nic_via_xgmi,NA,5,33554432,24284.09
eessi,0,inter_GCD0_GCD0,nid005020,nid005021,0,0,inter_node,nic_via_xgmi,NA,5,67108864,24287.96
eessi,0,inter_GCD0_GCD0,nid005020,nid005021,0,0,inter_node,nic_via_xgmi,NA,6,1,0.07
eessi,0,inter_GCD0_GCD0,nid005020,nid005021,0,0,inter_node,nic_via_xgmi,NA,6,2,0.13
eessi,0,inter_GCD0_GCD0,nid005020,nid005021,0,0,inter_node,nic_via_xgmi,NA,6,4,0.26
eessi,0,inter_GCD0_GCD0,nid005020,nid005021,0,0,inter_node,nic_via_xgmi,NA,6,8,0.51
eessi,0,inter_GCD0_GCD0,nid005020,nid005021,0,0,inter_node,nic_via_xgmi,NA,6,16,1.04
eessi,0,inter_GCD0_GCD0,nid005020,nid005021,0,0,inter_node,nic_via_xgmi,NA,6,32,2.07
eessi,0,inter_GCD0_GCD0,nid005020,nid005021,0,0,inter_node,nic_via_xgmi,NA,6,64,4.15
eessi,0,inter_GCD0_GCD0,nid005020,nid005021,0,0,inter_node,nic_via_xgmi,NA,6,128,8.23
eessi,0,inter_GCD0_GCD0,nid005020,nid005021,0,0,inter_node,nic_via_xgmi,NA,6,256,310.97
eessi,0,inter_GCD0_GCD0,nid005020,nid005021,0,0,inter_node,nic_via_xgmi,NA,6,512,618.99
eessi,0,inter_GCD0_GCD0,nid005020,nid005021,0,0,inter_node,nic_via_xgmi,NA,6,1024,1217.17
eessi,0,inter_GCD0_GCD0,nid005020,nid005021,0,0,inter_node,nic_via_xgmi,NA,6,2048,2478.94
eessi,0,inter_GCD0_GCD0,nid005020,nid005021,0,0,inter_node,nic_via_xgmi,NA,6,4096,4950.86
eessi,0,inter_GCD0_GCD0,nid005020,nid005021,0,0,inter_node,nic_via_xgmi,NA,6,8192,8872.81
eessi,0,inter_GCD0_GCD0,nid005020,nid005021,0,0,inter_node,nic_via_xgmi,NA,6,16384,12942.13
eessi,0,inter_GCD0_GCD0,nid005020,nid005021,0,0,inter_node,nic_via_xgmi,NA,6,32768,17272.06
eessi,0,inter_GCD0_GCD0,nid005020,nid005021,0,0,inter_node,nic_via_xgmi,NA,6,65536,20909.85
eessi,0,inter_GCD0_GCD0,nid005020,nid005021,0,0,inter_node,nic_via_xgmi,NA,6,131072,22214.46
eessi,0,inter_GCD0_GCD0,nid005020,nid005021,0,0,inter_node,nic_via_xgmi,NA,6,262144,23365.33
eessi,0,inter_GCD0_GCD0,nid005020,nid005021,0,0,inter_node,nic_via_xgmi,NA,6,524288,23820.57
eessi,0,inter_GCD0_GCD0,nid005020,nid005021,0,0,inter_node,nic_via_xgmi,NA,6,1048576,24051.65
eessi,0,inter_GCD0_GCD0,nid005020,nid005021,0,0,inter_node,nic_via_xgmi,NA,6,2097152,24170.99
eessi,0,inter_GCD0_GCD0,nid005020,nid005021,0,0,inter_node,nic_via_xgmi,NA,6,4194304,24231.16
eessi,0,inter_GCD0_GCD0,nid005020,nid005021,0,0,inter_node,nic_via_xgmi,NA,6,8388608,24261.16
eessi,0,inter_GCD0_GCD0,nid005020,nid005021,0,0,inter_node,nic_via_xgmi,NA,6,16777216,24276.46
eessi,0,inter_GCD0_GCD0,nid005020,nid005021,0,0,inter_node,nic_via_xgmi,NA,6,33554432,24283.45
eessi,0,inter_GCD0_GCD0,nid005020,nid005021,0,0,inter_node,nic_via_xgmi,NA,6,67108864,24287.98
eessi,0,inter_GCD2_GCD2,nid005020,nid005021,2,2,inter_node,nic_via_xgmi,NA,2,1,0.07
eessi,0,inter_GCD2_GCD2,nid005020,nid005021,2,2,inter_node,nic_via_xgmi,NA,2,2,0.14
eessi,0,inter_GCD2_GCD2,nid005020,nid005021,2,2,inter_node,nic_via_xgmi,NA,2,4,0.27
eessi,0,inter_GCD2_GCD2,nid005020,nid005021,2,2,inter_node,nic_via_xgmi,NA,2,8,0.54
eessi,0,inter_GCD2_GCD2,nid005020,nid005021,2,2,inter_node,nic_via_xgmi,NA,2,16,1.08
eessi,0,inter_GCD2_GCD2,nid005020,nid005021,2,2,inter_node,nic_via_xgmi,NA,2,32,2.16
eessi,0,inter_GCD2_GCD2,nid005020,nid005021,2,2,inter_node,nic_via_xgmi,NA,2,64,4.33
eessi,0,inter_GCD2_GCD2,nid005020,nid005021,2,2,inter_node,nic_via_xgmi,NA,2,128,8.60
eessi,0,inter_GCD2_GCD2,nid005020,nid005021,2,2,inter_node,nic_via_xgmi,NA,2,256,312.83
eessi,0,inter_GCD2_GCD2,nid005020,nid005021,2,2,inter_node,nic_via_xgmi,NA,2,512,626.17
eessi,0,inter_GCD2_GCD2,nid005020,nid005021,2,2,inter_node,nic_via_xgmi,NA,2,1024,1251.95
eessi,0,inter_GCD2_GCD2,nid005020,nid005021,2,2,inter_node,nic_via_xgmi,NA,2,2048,2503.05
eessi,0,inter_GCD2_GCD2,nid005020,nid005021,2,2,inter_node,nic_via_xgmi,NA,2,4096,4986.95
eessi,0,inter_GCD2_GCD2,nid005020,nid005021,2,2,inter_node,nic_via_xgmi,NA,2,8192,8324.98
eessi,0,inter_GCD2_GCD2,nid005020,nid005021,2,2,inter_node,nic_via_xgmi,NA,2,16384,12353.99
eessi,0,inter_GCD2_GCD2,nid005020,nid005021,2,2,inter_node,nic_via_xgmi,NA,2,32768,16217.36
eessi,0,inter_GCD2_GCD2,nid005020,nid005021,2,2,inter_node,nic_via_xgmi,NA,2,65536,20701.63
eessi,0,inter_GCD2_GCD2,nid005020,nid005021,2,2,inter_node,nic_via_xgmi,NA,2,131072,22226.61
eessi,0,inter_GCD2_GCD2,nid005020,nid005021,2,2,inter_node,nic_via_xgmi,NA,2,262144,23376.90
eessi,0,inter_GCD2_GCD2,nid005020,nid005021,2,2,inter_node,nic_via_xgmi,NA,2,524288,23825.27
eessi,0,inter_GCD2_GCD2,nid005020,nid005021,2,2,inter_node,nic_via_xgmi,NA,2,1048576,24055.99
eessi,0,inter_GCD2_GCD2,nid005020,nid005021,2,2,inter_node,nic_via_xgmi,NA,2,2097152,24173.18
eessi,0,inter_GCD2_GCD2,nid005020,nid005021,2,2,inter_node,nic_via_xgmi,NA,2,4194304,24232.27
eessi,0,inter_GCD2_GCD2,nid005020,nid005021,2,2,inter_node,nic_via_xgmi,NA,2,8388608,24261.90
eessi,0,inter_GCD2_GCD2,nid005020,nid005021,2,2,inter_node,nic_via_xgmi,NA,2,16777216,24276.84
eessi,0,inter_GCD2_GCD2,nid005020,nid005021,2,2,inter_node,nic_via_xgmi,NA,2,33554432,24284.19
eessi,0,inter_GCD2_GCD2,nid005020,nid005021,2,2,inter_node,nic_via_xgmi,NA,2,67108864,24288.03
eessi,0,inter_GCD2_GCD2,nid005020,nid005021,2,2,inter_node,nic_via_xgmi,NA,3,1,0.07
eessi,0,inter_GCD2_GCD2,nid005020,nid005021,2,2,inter_node,nic_via_xgmi,NA,3,2,0.15
eessi,0,inter_GCD2_GCD2,nid005020,nid005021,2,2,inter_node,nic_via_xgmi,NA,3,4,0.29
eessi,0,inter_GCD2_GCD2,nid005020,nid005021,2,2,inter_node,nic_via_xgmi,NA,3,8,0.59
eessi,0,inter_GCD2_GCD2,nid005020,nid005021,2,2,inter_node,nic_via_xgmi,NA,3,16,1.17
eessi,0,inter_GCD2_GCD2,nid005020,nid005021,2,2,inter_node,nic_via_xgmi,NA,3,32,2.34
eessi,0,inter_GCD2_GCD2,nid005020,nid005021,2,2,inter_node,nic_via_xgmi,NA,3,64,4.67
eessi,0,inter_GCD2_GCD2,nid005020,nid005021,2,2,inter_node,nic_via_xgmi,NA,3,128,9.33
eessi,0,inter_GCD2_GCD2,nid005020,nid005021,2,2,inter_node,nic_via_xgmi,NA,3,256,311.98
eessi,0,inter_GCD2_GCD2,nid005020,nid005021,2,2,inter_node,nic_via_xgmi,NA,3,512,619.70
eessi,0,inter_GCD2_GCD2,nid005020,nid005021,2,2,inter_node,nic_via_xgmi,NA,3,1024,1241.97
eessi,0,inter_GCD2_GCD2,nid005020,nid005021,2,2,inter_node,nic_via_xgmi,NA,3,2048,2484.69
eessi,0,inter_GCD2_GCD2,nid005020,nid005021,2,2,inter_node,nic_via_xgmi,NA,3,4096,4959.02
eessi,0,inter_GCD2_GCD2,nid005020,nid005021,2,2,inter_node,nic_via_xgmi,NA,3,8192,8421.70
eessi,0,inter_GCD2_GCD2,nid005020,nid005021,2,2,inter_node,nic_via_xgmi,NA,3,16384,12231.30
eessi,0,inter_GCD2_GCD2,nid005020,nid005021,2,2,inter_node,nic_via_xgmi,NA,3,32768,16254.20
eessi,0,inter_GCD2_GCD2,nid005020,nid005021,2,2,inter_node,nic_via_xgmi,NA,3,65536,20580.58
eessi,0,inter_GCD2_GCD2,nid005020,nid005021,2,2,inter_node,nic_via_xgmi,NA,3,131072,22224.41
eessi,0,inter_GCD2_GCD2,nid005020,nid005021,2,2,inter_node,nic_via_xgmi,NA,3,262144,23370.91
eessi,0,inter_GCD2_GCD2,nid005020,nid005021,2,2,inter_node,nic_via_xgmi,NA,3,524288,23825.04
eessi,0,inter_GCD2_GCD2,nid005020,nid005021,2,2,inter_node,nic_via_xgmi,NA,3,1048576,24055.17
eessi,0,inter_GCD2_GCD2,nid005020,nid005021,2,2,inter_node,nic_via_xgmi,NA,3,2097152,24172.33
eessi,0,inter_GCD2_GCD2,nid005020,nid005021,2,2,inter_node,nic_via_xgmi,NA,3,4194304,24231.61
eessi,0,inter_GCD2_GCD2,nid005020,nid005021,2,2,inter_node,nic_via_xgmi,NA,3,8388608,24261.75
eessi,0,inter_GCD2_GCD2,nid005020,nid005021,2,2,inter_node,nic_via_xgmi,NA,3,16777216,24276.78
eessi,0,inter_GCD2_GCD2,nid005020,nid005021,2,2,inter_node,nic_via_xgmi,NA,3,33554432,24284.31
eessi,0,inter_GCD2_GCD2,nid005020,nid005021,2,2,inter_node,nic_via_xgmi,NA,3,67108864,24288.03
eessi,0,inter_GCD2_GCD2,nid005020,nid005021,2,2,inter_node,nic_via_xgmi,NA,4,1,0.07
eessi,0,inter_GCD2_GCD2,nid005020,nid005021,2,2,inter_node,nic_via_xgmi,NA,4,2,0.14
eessi,0,inter_GCD2_GCD2,nid005020,nid005021,2,2,inter_node,nic_via_xgmi,NA,4,4,0.28
eessi,0,inter_GCD2_GCD2,nid005020,nid005021,2,2,inter_node,nic_via_xgmi,NA,4,8,0.56
eessi,0,inter_GCD2_GCD2,nid005020,nid005021,2,2,inter_node,nic_via_xgmi,NA,4,16,1.13
eessi,0,inter_GCD2_GCD2,nid005020,nid005021,2,2,inter_node,nic_via_xgmi,NA,4,32,2.24
eessi,0,inter_GCD2_GCD2,nid005020,nid005021,2,2,inter_node,nic_via_xgmi,NA,4,64,4.46
eessi,0,inter_GCD2_GCD2,nid005020,nid005021,2,2,inter_node,nic_via_xgmi,NA,4,128,8.87
eessi,0,inter_GCD2_GCD2,nid005020,nid005021,2,2,inter_node,nic_via_xgmi,NA,4,256,312.94
eessi,0,inter_GCD2_GCD2,nid005020,nid005021,2,2,inter_node,nic_via_xgmi,NA,4,512,624.69
eessi,0,inter_GCD2_GCD2,nid005020,nid005021,2,2,inter_node,nic_via_xgmi,NA,4,1024,1250.68
eessi,0,inter_GCD2_GCD2,nid005020,nid005021,2,2,inter_node,nic_via_xgmi,NA,4,2048,2468.34
eessi,0,inter_GCD2_GCD2,nid005020,nid005021,2,2,inter_node,nic_via_xgmi,NA,4,4096,4986.75
eessi,0,inter_GCD2_GCD2,nid005020,nid005021,2,2,inter_node,nic_via_xgmi,NA,4,8192,8431.13
eessi,0,inter_GCD2_GCD2,nid005020,nid005021,2,2,inter_node,nic_via_xgmi,NA,4,16384,12254.79
eessi,0,inter_GCD2_GCD2,nid005020,nid005021,2,2,inter_node,nic_via_xgmi,NA,4,32768,16345.14
eessi,0,inter_GCD2_GCD2,nid005020,nid005021,2,2,inter_node,nic_via_xgmi,NA,4,65536,20618.95
eessi,0,inter_GCD2_GCD2,nid005020,nid005021,2,2,inter_node,nic_via_xgmi,NA,4,131072,22224.13
eessi,0,inter_GCD2_GCD2,nid005020,nid005021,2,2,inter_node,nic_via_xgmi,NA,4,262144,23377.44
eessi,0,inter_GCD2_GCD2,nid005020,nid005021,2,2,inter_node,nic_via_xgmi,NA,4,524288,23825.83
eessi,0,inter_GCD2_GCD2,nid005020,nid005021,2,2,inter_node,nic_via_xgmi,NA,4,1048576,24056.10
eessi,0,inter_GCD2_GCD2,nid005020,nid005021,2,2,inter_node,nic_via_xgmi,NA,4,2097152,24172.79
eessi,0,inter_GCD2_GCD2,nid005020,nid005021,2,2,inter_node,nic_via_xgmi,NA,4,4194304,24232.19
eessi,0,inter_GCD2_GCD2,nid005020,nid005021,2,2,inter_node,nic_via_xgmi,NA,4,8388608,24262.00
eessi,0,inter_GCD2_GCD2,nid005020,nid005021,2,2,inter_node,nic_via_xgmi,NA,4,16777216,24276.80
eessi,0,inter_GCD2_GCD2,nid005020,nid005021,2,2,inter_node,nic_via_xgmi,NA,4,33554432,24284.27
eessi,0,inter_GCD2_GCD2,nid005020,nid005021,2,2,inter_node,nic_via_xgmi,NA,4,67108864,24288.10
eessi,0,inter_GCD2_GCD2,nid005020,nid005021,2,2,inter_node,nic_via_xgmi,NA,5,1,0.07
eessi,0,inter_GCD2_GCD2,nid005020,nid005021,2,2,inter_node,nic_via_xgmi,NA,5,2,0.14
eessi,0,inter_GCD2_GCD2,nid005020,nid005021,2,2,inter_node,nic_via_xgmi,NA,5,4,0.28
eessi,0,inter_GCD2_GCD2,nid005020,nid005021,2,2,inter_node,nic_via_xgmi,NA,5,8,0.55
eessi,0,inter_GCD2_GCD2,nid005020,nid005021,2,2,inter_node,nic_via_xgmi,NA,5,16,1.10
eessi,0,inter_GCD2_GCD2,nid005020,nid005021,2,2,inter_node,nic_via_xgmi,NA,5,32,2.20
eessi,0,inter_GCD2_GCD2,nid005020,nid005021,2,2,inter_node,nic_via_xgmi,NA,5,64,4.33
eessi,0,inter_GCD2_GCD2,nid005020,nid005021,2,2,inter_node,nic_via_xgmi,NA,5,128,8.54
eessi,0,inter_GCD2_GCD2,nid005020,nid005021,2,2,inter_node,nic_via_xgmi,NA,5,256,310.15
eessi,0,inter_GCD2_GCD2,nid005020,nid005021,2,2,inter_node,nic_via_xgmi,NA,5,512,622.92
eessi,0,inter_GCD2_GCD2,nid005020,nid005021,2,2,inter_node,nic_via_xgmi,NA,5,1024,1245.11
eessi,0,inter_GCD2_GCD2,nid005020,nid005021,2,2,inter_node,nic_via_xgmi,NA,5,2048,2491.76
eessi,0,inter_GCD2_GCD2,nid005020,nid005021,2,2,inter_node,nic_via_xgmi,NA,5,4096,4975.86
eessi,0,inter_GCD2_GCD2,nid005020,nid005021,2,2,inter_node,nic_via_xgmi,NA,5,8192,8267.01
eessi,0,inter_GCD2_GCD2,nid005020,nid005021,2,2,inter_node,nic_via_xgmi,NA,5,16384,12327.55
eessi,0,inter_GCD2_GCD2,nid005020,nid005021,2,2,inter_node,nic_via_xgmi,NA,5,32768,16309.90
eessi,0,inter_GCD2_GCD2,nid005020,nid005021,2,2,inter_node,nic_via_xgmi,NA,5,65536,20511.09
eessi,0,inter_GCD2_GCD2,nid005020,nid005021,2,2,inter_node,nic_via_xgmi,NA,5,131072,22232.54
eessi,0,inter_GCD2_GCD2,nid005020,nid005021,2,2,inter_node,nic_via_xgmi,NA,5,262144,23376.98
eessi,0,inter_GCD2_GCD2,nid005020,nid005021,2,2,inter_node,nic_via_xgmi,NA,5,524288,23819.46
eessi,0,inter_GCD2_GCD2,nid005020,nid005021,2,2,inter_node,nic_via_xgmi,NA,5,1048576,24055.19
eessi,0,inter_GCD2_GCD2,nid005020,nid005021,2,2,inter_node,nic_via_xgmi,NA,5,2097152,24172.52
eessi,0,inter_GCD2_GCD2,nid005020,nid005021,2,2,inter_node,nic_via_xgmi,NA,5,4194304,24231.99
eessi,0,inter_GCD2_GCD2,nid005020,nid005021,2,2,inter_node,nic_via_xgmi,NA,5,8388608,24261.83
eessi,0,inter_GCD2_GCD2,nid005020,nid005021,2,2,inter_node,nic_via_xgmi,NA,5,16777216,24276.85
eessi,0,inter_GCD2_GCD2,nid005020,nid005021,2,2,inter_node,nic_via_xgmi,NA,5,33554432,24284.19
eessi,0,inter_GCD2_GCD2,nid005020,nid005021,2,2,inter_node,nic_via_xgmi,NA,5,67108864,24288.06
eessi,0,inter_GCD2_GCD2,nid005020,nid005021,2,2,inter_node,nic_via_xgmi,NA,6,1,0.07
eessi,0,inter_GCD2_GCD2,nid005020,nid005021,2,2,inter_node,nic_via_xgmi,NA,6,2,0.14
eessi,0,inter_GCD2_GCD2,nid005020,nid005021,2,2,inter_node,nic_via_xgmi,NA,6,4,0.27
eessi,0,inter_GCD2_GCD2,nid005020,nid005021,2,2,inter_node,nic_via_xgmi,NA,6,8,0.55
eessi,0,inter_GCD2_GCD2,nid005020,nid005021,2,2,inter_node,nic_via_xgmi,NA,6,16,1.09
eessi,0,inter_GCD2_GCD2,nid005020,nid005021,2,2,inter_node,nic_via_xgmi,NA,6,32,2.18
eessi,0,inter_GCD2_GCD2,nid005020,nid005021,2,2,inter_node,nic_via_xgmi,NA,6,64,4.34
eessi,0,inter_GCD2_GCD2,nid005020,nid005021,2,2,inter_node,nic_via_xgmi,NA,6,128,8.70
eessi,0,inter_GCD2_GCD2,nid005020,nid005021,2,2,inter_node,nic_via_xgmi,NA,6,256,312.11
eessi,0,inter_GCD2_GCD2,nid005020,nid005021,2,2,inter_node,nic_via_xgmi,NA,6,512,623.33
eessi,0,inter_GCD2_GCD2,nid005020,nid005021,2,2,inter_node,nic_via_xgmi,NA,6,1024,1245.61
eessi,0,inter_GCD2_GCD2,nid005020,nid005021,2,2,inter_node,nic_via_xgmi,NA,6,2048,2463.89
eessi,0,inter_GCD2_GCD2,nid005020,nid005021,2,2,inter_node,nic_via_xgmi,NA,6,4096,4961.07
eessi,0,inter_GCD2_GCD2,nid005020,nid005021,2,2,inter_node,nic_via_xgmi,NA,6,8192,8413.40
eessi,0,inter_GCD2_GCD2,nid005020,nid005021,2,2,inter_node,nic_via_xgmi,NA,6,16384,12336.59
eessi,0,inter_GCD2_GCD2,nid005020,nid005021,2,2,inter_node,nic_via_xgmi,NA,6,32768,16448.48
eessi,0,inter_GCD2_GCD2,nid005020,nid005021,2,2,inter_node,nic_via_xgmi,NA,6,65536,20521.48
eessi,0,inter_GCD2_GCD2,nid005020,nid005021,2,2,inter_node,nic_via_xgmi,NA,6,131072,22229.48
eessi,0,inter_GCD2_GCD2,nid005020,nid005021,2,2,inter_node,nic_via_xgmi,NA,6,262144,23376.07
eessi,0,inter_GCD2_GCD2,nid005020,nid005021,2,2,inter_node,nic_via_xgmi,NA,6,524288,23824.15
eessi,0,inter_GCD2_GCD2,nid005020,nid005021,2,2,inter_node,nic_via_xgmi,NA,6,1048576,24055.22
eessi,0,inter_GCD2_GCD2,nid005020,nid005021,2,2,inter_node,nic_via_xgmi,NA,6,2097152,24172.03
eessi,0,inter_GCD2_GCD2,nid005020,nid005021,2,2,inter_node,nic_via_xgmi,NA,6,4194304,24232.00
eessi,0,inter_GCD2_GCD2,nid005020,nid005021,2,2,inter_node,nic_via_xgmi,NA,6,8388608,24261.69
eessi,0,inter_GCD2_GCD2,nid005020,nid005021,2,2,inter_node,nic_via_xgmi,NA,6,16777216,24276.70
eessi,0,inter_GCD2_GCD2,nid005020,nid005021,2,2,inter_node,nic_via_xgmi,NA,6,33554432,24284.25
eessi,0,inter_GCD2_GCD2,nid005020,nid005021,2,2,inter_node,nic_via_xgmi,NA,6,67108864,24288.04
eessi,0,inter_GCD4_GCD4,nid005020,nid005021,4,4,inter_node,nic_via_xgmi,NA,2,1,0.07
eessi,0,inter_GCD4_GCD4,nid005020,nid005021,4,4,inter_node,nic_via_xgmi,NA,2,2,0.15
eessi,0,inter_GCD4_GCD4,nid005020,nid005021,4,4,inter_node,nic_via_xgmi,NA,2,4,0.29
eessi,0,inter_GCD4_GCD4,nid005020,nid005021,4,4,inter_node,nic_via_xgmi,NA,2,8,0.56
eessi,0,inter_GCD4_GCD4,nid005020,nid005021,4,4,inter_node,nic_via_xgmi,NA,2,16,1.12
eessi,0,inter_GCD4_GCD4,nid005020,nid005021,4,4,inter_node,nic_via_xgmi,NA,2,32,2.25
eessi,0,inter_GCD4_GCD4,nid005020,nid005021,4,4,inter_node,nic_via_xgmi,NA,2,64,4.49
eessi,0,inter_GCD4_GCD4,nid005020,nid005021,4,4,inter_node,nic_via_xgmi,NA,2,128,8.93
eessi,0,inter_GCD4_GCD4,nid005020,nid005021,4,4,inter_node,nic_via_xgmi,NA,2,256,315.58
eessi,0,inter_GCD4_GCD4,nid005020,nid005021,4,4,inter_node,nic_via_xgmi,NA,2,512,634.84
eessi,0,inter_GCD4_GCD4,nid005020,nid005021,4,4,inter_node,nic_via_xgmi,NA,2,1024,1266.16
eessi,0,inter_GCD4_GCD4,nid005020,nid005021,4,4,inter_node,nic_via_xgmi,NA,2,2048,2533.19
eessi,0,inter_GCD4_GCD4,nid005020,nid005021,4,4,inter_node,nic_via_xgmi,NA,2,4096,5068.32
eessi,0,inter_GCD4_GCD4,nid005020,nid005021,4,4,inter_node,nic_via_xgmi,NA,2,8192,9246.31
eessi,0,inter_GCD4_GCD4,nid005020,nid005021,4,4,inter_node,nic_via_xgmi,NA,2,16384,14634.57
eessi,0,inter_GCD4_GCD4,nid005020,nid005021,4,4,inter_node,nic_via_xgmi,NA,2,32768,18706.54
eessi,0,inter_GCD4_GCD4,nid005020,nid005021,4,4,inter_node,nic_via_xgmi,NA,2,65536,21143.21
eessi,0,inter_GCD4_GCD4,nid005020,nid005021,4,4,inter_node,nic_via_xgmi,NA,2,131072,22310.75
eessi,0,inter_GCD4_GCD4,nid005020,nid005021,4,4,inter_node,nic_via_xgmi,NA,2,262144,23414.70
eessi,0,inter_GCD4_GCD4,nid005020,nid005021,4,4,inter_node,nic_via_xgmi,NA,2,524288,23842.77
eessi,0,inter_GCD4_GCD4,nid005020,nid005021,4,4,inter_node,nic_via_xgmi,NA,2,1048576,24064.78
eessi,0,inter_GCD4_GCD4,nid005020,nid005021,4,4,inter_node,nic_via_xgmi,NA,2,2097152,24177.69
eessi,0,inter_GCD4_GCD4,nid005020,nid005021,4,4,inter_node,nic_via_xgmi,NA,2,4194304,24234.42
eessi,0,inter_GCD4_GCD4,nid005020,nid005021,4,4,inter_node,nic_via_xgmi,NA,2,8388608,24262.90
eessi,0,inter_GCD4_GCD4,nid005020,nid005021,4,4,inter_node,nic_via_xgmi,NA,2,16777216,24277.43
eessi,0,inter_GCD4_GCD4,nid005020,nid005021,4,4,inter_node,nic_via_xgmi,NA,2,33554432,24284.50
eessi,0,inter_GCD4_GCD4,nid005020,nid005021,4,4,inter_node,nic_via_xgmi,NA,2,67108864,24288.18
eessi,0,inter_GCD4_GCD4,nid005020,nid005021,4,4,inter_node,nic_via_xgmi,NA,3,1,0.07
eessi,0,inter_GCD4_GCD4,nid005020,nid005021,4,4,inter_node,nic_via_xgmi,NA,3,2,0.15
eessi,0,inter_GCD4_GCD4,nid005020,nid005021,4,4,inter_node,nic_via_xgmi,NA,3,4,0.30
eessi,0,inter_GCD4_GCD4,nid005020,nid005021,4,4,inter_node,nic_via_xgmi,NA,3,8,0.59
eessi,0,inter_GCD4_GCD4,nid005020,nid005021,4,4,inter_node,nic_via_xgmi,NA,3,16,1.18
eessi,0,inter_GCD4_GCD4,nid005020,nid005021,4,4,inter_node,nic_via_xgmi,NA,3,32,2.36
eessi,0,inter_GCD4_GCD4,nid005020,nid005021,4,4,inter_node,nic_via_xgmi,NA,3,64,4.72
eessi,0,inter_GCD4_GCD4,nid005020,nid005021,4,4,inter_node,nic_via_xgmi,NA,3,128,9.33
eessi,0,inter_GCD4_GCD4,nid005020,nid005021,4,4,inter_node,nic_via_xgmi,NA,3,256,311.85
eessi,0,inter_GCD4_GCD4,nid005020,nid005021,4,4,inter_node,nic_via_xgmi,NA,3,512,625.41
eessi,0,inter_GCD4_GCD4,nid005020,nid005021,4,4,inter_node,nic_via_xgmi,NA,3,1024,1254.06
eessi,0,inter_GCD4_GCD4,nid005020,nid005021,4,4,inter_node,nic_via_xgmi,NA,3,2048,2507.77
eessi,0,inter_GCD4_GCD4,nid005020,nid005021,4,4,inter_node,nic_via_xgmi,NA,3,4096,5008.41
eessi,0,inter_GCD4_GCD4,nid005020,nid005021,4,4,inter_node,nic_via_xgmi,NA,3,8192,9106.21
eessi,0,inter_GCD4_GCD4,nid005020,nid005021,4,4,inter_node,nic_via_xgmi,NA,3,16384,14657.23
eessi,0,inter_GCD4_GCD4,nid005020,nid005021,4,4,inter_node,nic_via_xgmi,NA,3,32768,18691.45
eessi,0,inter_GCD4_GCD4,nid005020,nid005021,4,4,inter_node,nic_via_xgmi,NA,3,65536,21137.36
eessi,0,inter_GCD4_GCD4,nid005020,nid005021,4,4,inter_node,nic_via_xgmi,NA,3,131072,22300.55
eessi,0,inter_GCD4_GCD4,nid005020,nid005021,4,4,inter_node,nic_via_xgmi,NA,3,262144,23412.07
eessi,0,inter_GCD4_GCD4,nid005020,nid005021,4,4,inter_node,nic_via_xgmi,NA,3,524288,23843.62
eessi,0,inter_GCD4_GCD4,nid005020,nid005021,4,4,inter_node,nic_via_xgmi,NA,3,1048576,24066.01
eessi,0,inter_GCD4_GCD4,nid005020,nid005021,4,4,inter_node,nic_via_xgmi,NA,3,2097152,24177.19
eessi,0,inter_GCD4_GCD4,nid005020,nid005021,4,4,inter_node,nic_via_xgmi,NA,3,4194304,24234.38
eessi,0,inter_GCD4_GCD4,nid005020,nid005021,4,4,inter_node,nic_via_xgmi,NA,3,8388608,24260.55
eessi,0,inter_GCD4_GCD4,nid005020,nid005021,4,4,inter_node,nic_via_xgmi,NA,3,16777216,24277.44
eessi,0,inter_GCD4_GCD4,nid005020,nid005021,4,4,inter_node,nic_via_xgmi,NA,3,33554432,24284.53
eessi,0,inter_GCD4_GCD4,nid005020,nid005021,4,4,inter_node,nic_via_xgmi,NA,3,67108864,24288.17
eessi,0,inter_GCD4_GCD4,nid005020,nid005021,4,4,inter_node,nic_via_xgmi,NA,4,1,0.07
eessi,0,inter_GCD4_GCD4,nid005020,nid005021,4,4,inter_node,nic_via_xgmi,NA,4,2,0.15
eessi,0,inter_GCD4_GCD4,nid005020,nid005021,4,4,inter_node,nic_via_xgmi,NA,4,4,0.29
eessi,0,inter_GCD4_GCD4,nid005020,nid005021,4,4,inter_node,nic_via_xgmi,NA,4,8,0.59
eessi,0,inter_GCD4_GCD4,nid005020,nid005021,4,4,inter_node,nic_via_xgmi,NA,4,16,1.16
eessi,0,inter_GCD4_GCD4,nid005020,nid005021,4,4,inter_node,nic_via_xgmi,NA,4,32,2.32
eessi,0,inter_GCD4_GCD4,nid005020,nid005021,4,4,inter_node,nic_via_xgmi,NA,4,64,4.64
eessi,0,inter_GCD4_GCD4,nid005020,nid005021,4,4,inter_node,nic_via_xgmi,NA,4,128,9.24
eessi,0,inter_GCD4_GCD4,nid005020,nid005021,4,4,inter_node,nic_via_xgmi,NA,4,256,316.07
eessi,0,inter_GCD4_GCD4,nid005020,nid005021,4,4,inter_node,nic_via_xgmi,NA,4,512,631.84
eessi,0,inter_GCD4_GCD4,nid005020,nid005021,4,4,inter_node,nic_via_xgmi,NA,4,1024,1262.30
eessi,0,inter_GCD4_GCD4,nid005020,nid005021,4,4,inter_node,nic_via_xgmi,NA,4,2048,2533.03
eessi,0,inter_GCD4_GCD4,nid005020,nid005021,4,4,inter_node,nic_via_xgmi,NA,4,4096,5033.11
eessi,0,inter_GCD4_GCD4,nid005020,nid005021,4,4,inter_node,nic_via_xgmi,NA,4,8192,9261.43
eessi,0,inter_GCD4_GCD4,nid005020,nid005021,4,4,inter_node,nic_via_xgmi,NA,4,16384,14653.46
eessi,0,inter_GCD4_GCD4,nid005020,nid005021,4,4,inter_node,nic_via_xgmi,NA,4,32768,18688.35
eessi,0,inter_GCD4_GCD4,nid005020,nid005021,4,4,inter_node,nic_via_xgmi,NA,4,65536,21143.28
eessi,0,inter_GCD4_GCD4,nid005020,nid005021,4,4,inter_node,nic_via_xgmi,NA,4,131072,22310.56
eessi,0,inter_GCD4_GCD4,nid005020,nid005021,4,4,inter_node,nic_via_xgmi,NA,4,262144,23414.88
eessi,0,inter_GCD4_GCD4,nid005020,nid005021,4,4,inter_node,nic_via_xgmi,NA,4,524288,23840.45
eessi,0,inter_GCD4_GCD4,nid005020,nid005021,4,4,inter_node,nic_via_xgmi,NA,4,1048576,24065.26
eessi,0,inter_GCD4_GCD4,nid005020,nid005021,4,4,inter_node,nic_via_xgmi,NA,4,2097152,24177.55
eessi,0,inter_GCD4_GCD4,nid005020,nid005021,4,4,inter_node,nic_via_xgmi,NA,4,4194304,24234.55
eessi,0,inter_GCD4_GCD4,nid005020,nid005021,4,4,inter_node,nic_via_xgmi,NA,4,8388608,24263.21
eessi,0,inter_GCD4_GCD4,nid005020,nid005021,4,4,inter_node,nic_via_xgmi,NA,4,16777216,24277.38
eessi,0,inter_GCD4_GCD4,nid005020,nid005021,4,4,inter_node,nic_via_xgmi,NA,4,33554432,24284.63
eessi,0,inter_GCD4_GCD4,nid005020,nid005021,4,4,inter_node,nic_via_xgmi,NA,4,67108864,24288.18
eessi,0,inter_GCD4_GCD4,nid005020,nid005021,4,4,inter_node,nic_via_xgmi,NA,5,1,0.07
eessi,0,inter_GCD4_GCD4,nid005020,nid005021,4,4,inter_node,nic_via_xgmi,NA,5,2,0.15
eessi,0,inter_GCD4_GCD4,nid005020,nid005021,4,4,inter_node,nic_via_xgmi,NA,5,4,0.29
eessi,0,inter_GCD4_GCD4,nid005020,nid005021,4,4,inter_node,nic_via_xgmi,NA,5,8,0.58
eessi,0,inter_GCD4_GCD4,nid005020,nid005021,4,4,inter_node,nic_via_xgmi,NA,5,16,1.16
eessi,0,inter_GCD4_GCD4,nid005020,nid005021,4,4,inter_node,nic_via_xgmi,NA,5,32,2.33
eessi,0,inter_GCD4_GCD4,nid005020,nid005021,4,4,inter_node,nic_via_xgmi,NA,5,64,4.65
eessi,0,inter_GCD4_GCD4,nid005020,nid005021,4,4,inter_node,nic_via_xgmi,NA,5,128,9.28
eessi,0,inter_GCD4_GCD4,nid005020,nid005021,4,4,inter_node,nic_via_xgmi,NA,5,256,312.80
eessi,0,inter_GCD4_GCD4,nid005020,nid005021,4,4,inter_node,nic_via_xgmi,NA,5,512,627.06
eessi,0,inter_GCD4_GCD4,nid005020,nid005021,4,4,inter_node,nic_via_xgmi,NA,5,1024,1255.10
eessi,0,inter_GCD4_GCD4,nid005020,nid005021,4,4,inter_node,nic_via_xgmi,NA,5,2048,2502.31
eessi,0,inter_GCD4_GCD4,nid005020,nid005021,4,4,inter_node,nic_via_xgmi,NA,5,4096,4992.31
eessi,0,inter_GCD4_GCD4,nid005020,nid005021,4,4,inter_node,nic_via_xgmi,NA,5,8192,9267.62
eessi,0,inter_GCD4_GCD4,nid005020,nid005021,4,4,inter_node,nic_via_xgmi,NA,5,16384,14669.54
eessi,0,inter_GCD4_GCD4,nid005020,nid005021,4,4,inter_node,nic_via_xgmi,NA,5,32768,18692.96
eessi,0,inter_GCD4_GCD4,nid005020,nid005021,4,4,inter_node,nic_via_xgmi,NA,5,65536,21147.29
eessi,0,inter_GCD4_GCD4,nid005020,nid005021,4,4,inter_node,nic_via_xgmi,NA,5,131072,22311.63
eessi,0,inter_GCD4_GCD4,nid005020,nid005021,4,4,inter_node,nic_via_xgmi,NA,5,262144,23416.48
eessi,0,inter_GCD4_GCD4,nid005020,nid005021,4,4,inter_node,nic_via_xgmi,NA,5,524288,23845.63
eessi,0,inter_GCD4_GCD4,nid005020,nid005021,4,4,inter_node,nic_via_xgmi,NA,5,1048576,24066.38
eessi,0,inter_GCD4_GCD4,nid005020,nid005021,4,4,inter_node,nic_via_xgmi,NA,5,2097152,24178.19
eessi,0,inter_GCD4_GCD4,nid005020,nid005021,4,4,inter_node,nic_via_xgmi,NA,5,4194304,24229.79
eessi,0,inter_GCD4_GCD4,nid005020,nid005021,4,4,inter_node,nic_via_xgmi,NA,5,8388608,24263.21
eessi,0,inter_GCD4_GCD4,nid005020,nid005021,4,4,inter_node,nic_via_xgmi,NA,5,16777216,24276.17
eessi,0,inter_GCD4_GCD4,nid005020,nid005021,4,4,inter_node,nic_via_xgmi,NA,5,33554432,24283.96
eessi,0,inter_GCD4_GCD4,nid005020,nid005021,4,4,inter_node,nic_via_xgmi,NA,5,67108864,24287.55
eessi,0,inter_GCD4_GCD4,nid005020,nid005021,4,4,inter_node,nic_via_xgmi,NA,6,1,0.07
eessi,0,inter_GCD4_GCD4,nid005020,nid005021,4,4,inter_node,nic_via_xgmi,NA,6,2,0.15
eessi,0,inter_GCD4_GCD4,nid005020,nid005021,4,4,inter_node,nic_via_xgmi,NA,6,4,0.29
eessi,0,inter_GCD4_GCD4,nid005020,nid005021,4,4,inter_node,nic_via_xgmi,NA,6,8,0.58
eessi,0,inter_GCD4_GCD4,nid005020,nid005021,4,4,inter_node,nic_via_xgmi,NA,6,16,1.17
eessi,0,inter_GCD4_GCD4,nid005020,nid005021,4,4,inter_node,nic_via_xgmi,NA,6,32,2.33
eessi,0,inter_GCD4_GCD4,nid005020,nid005021,4,4,inter_node,nic_via_xgmi,NA,6,64,4.66
eessi,0,inter_GCD4_GCD4,nid005020,nid005021,4,4,inter_node,nic_via_xgmi,NA,6,128,9.28
eessi,0,inter_GCD4_GCD4,nid005020,nid005021,4,4,inter_node,nic_via_xgmi,NA,6,256,314.44
eessi,0,inter_GCD4_GCD4,nid005020,nid005021,4,4,inter_node,nic_via_xgmi,NA,6,512,630.85
eessi,0,inter_GCD4_GCD4,nid005020,nid005021,4,4,inter_node,nic_via_xgmi,NA,6,1024,1259.52
eessi,0,inter_GCD4_GCD4,nid005020,nid005021,4,4,inter_node,nic_via_xgmi,NA,6,2048,2511.36
eessi,0,inter_GCD4_GCD4,nid005020,nid005021,4,4,inter_node,nic_via_xgmi,NA,6,4096,5002.12
eessi,0,inter_GCD4_GCD4,nid005020,nid005021,4,4,inter_node,nic_via_xgmi,NA,6,8192,9268.27
eessi,0,inter_GCD4_GCD4,nid005020,nid005021,4,4,inter_node,nic_via_xgmi,NA,6,16384,14685.27
eessi,0,inter_GCD4_GCD4,nid005020,nid005021,4,4,inter_node,nic_via_xgmi,NA,6,32768,18686.93
eessi,0,inter_GCD4_GCD4,nid005020,nid005021,4,4,inter_node,nic_via_xgmi,NA,6,65536,21144.33
eessi,0,inter_GCD4_GCD4,nid005020,nid005021,4,4,inter_node,nic_via_xgmi,NA,6,131072,22305.30
eessi,0,inter_GCD4_GCD4,nid005020,nid005021,4,4,inter_node,nic_via_xgmi,NA,6,262144,23401.78
eessi,0,inter_GCD4_GCD4,nid005020,nid005021,4,4,inter_node,nic_via_xgmi,NA,6,524288,23844.15
eessi,0,inter_GCD4_GCD4,nid005020,nid005021,4,4,inter_node,nic_via_xgmi,NA,6,1048576,24065.81
eessi,0,inter_GCD4_GCD4,nid005020,nid005021,4,4,inter_node,nic_via_xgmi,NA,6,2097152,24177.53
eessi,0,inter_GCD4_GCD4,nid005020,nid005021,4,4,inter_node,nic_via_xgmi,NA,6,4194304,24234.92
eessi,0,inter_GCD4_GCD4,nid005020,nid005021,4,4,inter_node,nic_via_xgmi,NA,6,8388608,24263.27
eessi,0,inter_GCD4_GCD4,nid005020,nid005021,4,4,inter_node,nic_via_xgmi,NA,6,16777216,24277.39
eessi,0,inter_GCD4_GCD4,nid005020,nid005021,4,4,inter_node,nic_via_xgmi,NA,6,33554432,24284.53
eessi,0,inter_GCD4_GCD4,nid005020,nid005021,4,4,inter_node,nic_via_xgmi,NA,6,67108864,24288.16
eessi,0,inter_GCD6_GCD6,nid005020,nid005021,6,6,inter_node,nic_via_xgmi,NA,2,1,0.07
eessi,0,inter_GCD6_GCD6,nid005020,nid005021,6,6,inter_node,nic_via_xgmi,NA,2,2,0.14
eessi,0,inter_GCD6_GCD6,nid005020,nid005021,6,6,inter_node,nic_via_xgmi,NA,2,4,0.27
eessi,0,inter_GCD6_GCD6,nid005020,nid005021,6,6,inter_node,nic_via_xgmi,NA,2,8,0.55
eessi,0,inter_GCD6_GCD6,nid005020,nid005021,6,6,inter_node,nic_via_xgmi,NA,2,16,1.10
eessi,0,inter_GCD6_GCD6,nid005020,nid005021,6,6,inter_node,nic_via_xgmi,NA,2,32,2.19
eessi,0,inter_GCD6_GCD6,nid005020,nid005021,6,6,inter_node,nic_via_xgmi,NA,2,64,4.39
eessi,0,inter_GCD6_GCD6,nid005020,nid005021,6,6,inter_node,nic_via_xgmi,NA,2,128,8.76
eessi,0,inter_GCD6_GCD6,nid005020,nid005021,6,6,inter_node,nic_via_xgmi,NA,2,256,307.88
eessi,0,inter_GCD6_GCD6,nid005020,nid005021,6,6,inter_node,nic_via_xgmi,NA,2,512,615.78
eessi,0,inter_GCD6_GCD6,nid005020,nid005021,6,6,inter_node,nic_via_xgmi,NA,2,1024,1234.65
eessi,0,inter_GCD6_GCD6,nid005020,nid005021,6,6,inter_node,nic_via_xgmi,NA,2,2048,2462.79
eessi,0,inter_GCD6_GCD6,nid005020,nid005021,6,6,inter_node,nic_via_xgmi,NA,2,4096,4915.53
eessi,0,inter_GCD6_GCD6,nid005020,nid005021,6,6,inter_node,nic_via_xgmi,NA,2,8192,8717.81
eessi,0,inter_GCD6_GCD6,nid005020,nid005021,6,6,inter_node,nic_via_xgmi,NA,2,16384,13968.42
eessi,0,inter_GCD6_GCD6,nid005020,nid005021,6,6,inter_node,nic_via_xgmi,NA,2,32768,17339.47
eessi,0,inter_GCD6_GCD6,nid005020,nid005021,6,6,inter_node,nic_via_xgmi,NA,2,65536,20832.91
eessi,0,inter_GCD6_GCD6,nid005020,nid005021,6,6,inter_node,nic_via_xgmi,NA,2,131072,22195.94
eessi,0,inter_GCD6_GCD6,nid005020,nid005021,6,6,inter_node,nic_via_xgmi,NA,2,262144,23362.31
eessi,0,inter_GCD6_GCD6,nid005020,nid005021,6,6,inter_node,nic_via_xgmi,NA,2,524288,23816.65
eessi,0,inter_GCD6_GCD6,nid005020,nid005021,6,6,inter_node,nic_via_xgmi,NA,2,1048576,24051.27
eessi,0,inter_GCD6_GCD6,nid005020,nid005021,6,6,inter_node,nic_via_xgmi,NA,2,2097152,24170.34
eessi,0,inter_GCD6_GCD6,nid005020,nid005021,6,6,inter_node,nic_via_xgmi,NA,2,4194304,24230.61
eessi,0,inter_GCD6_GCD6,nid005020,nid005021,6,6,inter_node,nic_via_xgmi,NA,2,8388608,24261.25
eessi,0,inter_GCD6_GCD6,nid005020,nid005021,6,6,inter_node,nic_via_xgmi,NA,2,16777216,24276.46
eessi,0,inter_GCD6_GCD6,nid005020,nid005021,6,6,inter_node,nic_via_xgmi,NA,2,33554432,24284.17
eessi,0,inter_GCD6_GCD6,nid005020,nid005021,6,6,inter_node,nic_via_xgmi,NA,2,67108864,24287.93
eessi,0,inter_GCD6_GCD6,nid005020,nid005021,6,6,inter_node,nic_via_xgmi,NA,3,1,0.07
eessi,0,inter_GCD6_GCD6,nid005020,nid005021,6,6,inter_node,nic_via_xgmi,NA,3,2,0.13
eessi,0,inter_GCD6_GCD6,nid005020,nid005021,6,6,inter_node,nic_via_xgmi,NA,3,4,0.27
eessi,0,inter_GCD6_GCD6,nid005020,nid005021,6,6,inter_node,nic_via_xgmi,NA,3,8,0.54
eessi,0,inter_GCD6_GCD6,nid005020,nid005021,6,6,inter_node,nic_via_xgmi,NA,3,16,1.07
eessi,0,inter_GCD6_GCD6,nid005020,nid005021,6,6,inter_node,nic_via_xgmi,NA,3,32,2.14
eessi,0,inter_GCD6_GCD6,nid005020,nid005021,6,6,inter_node,nic_via_xgmi,NA,3,64,4.29
eessi,0,inter_GCD6_GCD6,nid005020,nid005021,6,6,inter_node,nic_via_xgmi,NA,3,128,8.52
eessi,0,inter_GCD6_GCD6,nid005020,nid005021,6,6,inter_node,nic_via_xgmi,NA,3,256,308.98
eessi,0,inter_GCD6_GCD6,nid005020,nid005021,6,6,inter_node,nic_via_xgmi,NA,3,512,617.46
eessi,0,inter_GCD6_GCD6,nid005020,nid005021,6,6,inter_node,nic_via_xgmi,NA,3,1024,1231.74
eessi,0,inter_GCD6_GCD6,nid005020,nid005021,6,6,inter_node,nic_via_xgmi,NA,3,2048,2461.86
eessi,0,inter_GCD6_GCD6,nid005020,nid005021,6,6,inter_node,nic_via_xgmi,NA,3,4096,4924.68
eessi,0,inter_GCD6_GCD6,nid005020,nid005021,6,6,inter_node,nic_via_xgmi,NA,3,8192,8774.75
eessi,0,inter_GCD6_GCD6,nid005020,nid005021,6,6,inter_node,nic_via_xgmi,NA,3,16384,13933.56
eessi,0,inter_GCD6_GCD6,nid005020,nid005021,6,6,inter_node,nic_via_xgmi,NA,3,32768,17383.67
eessi,0,inter_GCD6_GCD6,nid005020,nid005021,6,6,inter_node,nic_via_xgmi,NA,3,65536,20807.24
eessi,0,inter_GCD6_GCD6,nid005020,nid005021,6,6,inter_node,nic_via_xgmi,NA,3,131072,22208.81
eessi,0,inter_GCD6_GCD6,nid005020,nid005021,6,6,inter_node,nic_via_xgmi,NA,3,262144,23363.31
eessi,0,inter_GCD6_GCD6,nid005020,nid005021,6,6,inter_node,nic_via_xgmi,NA,3,524288,23816.28
eessi,0,inter_GCD6_GCD6,nid005020,nid005021,6,6,inter_node,nic_via_xgmi,NA,3,1048576,24051.60
eessi,0,inter_GCD6_GCD6,nid005020,nid005021,6,6,inter_node,nic_via_xgmi,NA,3,2097152,24170.66
eessi,0,inter_GCD6_GCD6,nid005020,nid005021,6,6,inter_node,nic_via_xgmi,NA,3,4194304,24231.16
eessi,0,inter_GCD6_GCD6,nid005020,nid005021,6,6,inter_node,nic_via_xgmi,NA,3,8388608,24261.29
eessi,0,inter_GCD6_GCD6,nid005020,nid005021,6,6,inter_node,nic_via_xgmi,NA,3,16777216,24276.68
eessi,0,inter_GCD6_GCD6,nid005020,nid005021,6,6,inter_node,nic_via_xgmi,NA,3,33554432,24284.17
eessi,0,inter_GCD6_GCD6,nid005020,nid005021,6,6,inter_node,nic_via_xgmi,NA,3,67108864,24287.96
eessi,0,inter_GCD6_GCD6,nid005020,nid005021,6,6,inter_node,nic_via_xgmi,NA,4,1,0.07
eessi,0,inter_GCD6_GCD6,nid005020,nid005021,6,6,inter_node,nic_via_xgmi,NA,4,2,0.13
eessi,0,inter_GCD6_GCD6,nid005020,nid005021,6,6,inter_node,nic_via_xgmi,NA,4,4,0.27
eessi,0,inter_GCD6_GCD6,nid005020,nid005021,6,6,inter_node,nic_via_xgmi,NA,4,8,0.54
eessi,0,inter_GCD6_GCD6,nid005020,nid005021,6,6,inter_node,nic_via_xgmi,NA,4,16,1.08
eessi,0,inter_GCD6_GCD6,nid005020,nid005021,6,6,inter_node,nic_via_xgmi,NA,4,32,2.16
eessi,0,inter_GCD6_GCD6,nid005020,nid005021,6,6,inter_node,nic_via_xgmi,NA,4,64,4.31
eessi,0,inter_GCD6_GCD6,nid005020,nid005021,6,6,inter_node,nic_via_xgmi,NA,4,128,8.59
eessi,0,inter_GCD6_GCD6,nid005020,nid005021,6,6,inter_node,nic_via_xgmi,NA,4,256,309.25
eessi,0,inter_GCD6_GCD6,nid005020,nid005021,6,6,inter_node,nic_via_xgmi,NA,4,512,618.33
eessi,0,inter_GCD6_GCD6,nid005020,nid005021,6,6,inter_node,nic_via_xgmi,NA,4,1024,1237.80
eessi,0,inter_GCD6_GCD6,nid005020,nid005021,6,6,inter_node,nic_via_xgmi,NA,4,2048,2473.64
eessi,0,inter_GCD6_GCD6,nid005020,nid005021,6,6,inter_node,nic_via_xgmi,NA,4,4096,4937.08
eessi,0,inter_GCD6_GCD6,nid005020,nid005021,6,6,inter_node,nic_via_xgmi,NA,4,8192,8761.63
eessi,0,inter_GCD6_GCD6,nid005020,nid005021,6,6,inter_node,nic_via_xgmi,NA,4,16384,14067.35
eessi,0,inter_GCD6_GCD6,nid005020,nid005021,6,6,inter_node,nic_via_xgmi,NA,4,32768,17317.89
eessi,0,inter_GCD6_GCD6,nid005020,nid005021,6,6,inter_node,nic_via_xgmi,NA,4,65536,20824.90
eessi,0,inter_GCD6_GCD6,nid005020,nid005021,6,6,inter_node,nic_via_xgmi,NA,4,131072,22203.70
eessi,0,inter_GCD6_GCD6,nid005020,nid005021,6,6,inter_node,nic_via_xgmi,NA,4,262144,23363.06
eessi,0,inter_GCD6_GCD6,nid005020,nid005021,6,6,inter_node,nic_via_xgmi,NA,4,524288,23817.15
eessi,0,inter_GCD6_GCD6,nid005020,nid005021,6,6,inter_node,nic_via_xgmi,NA,4,1048576,24051.67
eessi,0,inter_GCD6_GCD6,nid005020,nid005021,6,6,inter_node,nic_via_xgmi,NA,4,2097152,24170.86
eessi,0,inter_GCD6_GCD6,nid005020,nid005021,6,6,inter_node,nic_via_xgmi,NA,4,4194304,24230.94
eessi,0,inter_GCD6_GCD6,nid005020,nid005021,6,6,inter_node,nic_via_xgmi,NA,4,8388608,24261.50
eessi,0,inter_GCD6_GCD6,nid005020,nid005021,6,6,inter_node,nic_via_xgmi,NA,4,16777216,24276.47
eessi,0,inter_GCD6_GCD6,nid005020,nid005021,6,6,inter_node,nic_via_xgmi,NA,4,33554432,24284.16
eessi,0,inter_GCD6_GCD6,nid005020,nid005021,6,6,inter_node,nic_via_xgmi,NA,4,67108864,24287.98
eessi,0,inter_GCD6_GCD6,nid005020,nid005021,6,6,inter_node,nic_via_xgmi,NA,5,1,0.07
eessi,0,inter_GCD6_GCD6,nid005020,nid005021,6,6,inter_node,nic_via_xgmi,NA,5,2,0.13
eessi,0,inter_GCD6_GCD6,nid005020,nid005021,6,6,inter_node,nic_via_xgmi,NA,5,4,0.27
eessi,0,inter_GCD6_GCD6,nid005020,nid005021,6,6,inter_node,nic_via_xgmi,NA,5,8,0.54
eessi,0,inter_GCD6_GCD6,nid005020,nid005021,6,6,inter_node,nic_via_xgmi,NA,5,16,1.08
eessi,0,inter_GCD6_GCD6,nid005020,nid005021,6,6,inter_node,nic_via_xgmi,NA,5,32,2.16
eessi,0,inter_GCD6_GCD6,nid005020,nid005021,6,6,inter_node,nic_via_xgmi,NA,5,64,4.30
eessi,0,inter_GCD6_GCD6,nid005020,nid005021,6,6,inter_node,nic_via_xgmi,NA,5,128,8.57
eessi,0,inter_GCD6_GCD6,nid005020,nid005021,6,6,inter_node,nic_via_xgmi,NA,5,256,309.65
eessi,0,inter_GCD6_GCD6,nid005020,nid005021,6,6,inter_node,nic_via_xgmi,NA,5,512,618.43
eessi,0,inter_GCD6_GCD6,nid005020,nid005021,6,6,inter_node,nic_via_xgmi,NA,5,1024,1234.53
eessi,0,inter_GCD6_GCD6,nid005020,nid005021,6,6,inter_node,nic_via_xgmi,NA,5,2048,2469.04
eessi,0,inter_GCD6_GCD6,nid005020,nid005021,6,6,inter_node,nic_via_xgmi,NA,5,4096,4939.97
eessi,0,inter_GCD6_GCD6,nid005020,nid005021,6,6,inter_node,nic_via_xgmi,NA,5,8192,8737.96
eessi,0,inter_GCD6_GCD6,nid005020,nid005021,6,6,inter_node,nic_via_xgmi,NA,5,16384,13882.37
eessi,0,inter_GCD6_GCD6,nid005020,nid005021,6,6,inter_node,nic_via_xgmi,NA,5,32768,17238.57
eessi,0,inter_GCD6_GCD6,nid005020,nid005021,6,6,inter_node,nic_via_xgmi,NA,5,65536,20816.21
eessi,0,inter_GCD6_GCD6,nid005020,nid005021,6,6,inter_node,nic_via_xgmi,NA,5,131072,22202.78
eessi,0,inter_GCD6_GCD6,nid005020,nid005021,6,6,inter_node,nic_via_xgmi,NA,5,262144,23360.39
eessi,0,inter_GCD6_GCD6,nid005020,nid005021,6,6,inter_node,nic_via_xgmi,NA,5,524288,23815.82
eessi,0,inter_GCD6_GCD6,nid005020,nid005021,6,6,inter_node,nic_via_xgmi,NA,5,1048576,24051.37
eessi,0,inter_GCD6_GCD6,nid005020,nid005021,6,6,inter_node,nic_via_xgmi,NA,5,2097152,24170.46
eessi,0,inter_GCD6_GCD6,nid005020,nid005021,6,6,inter_node,nic_via_xgmi,NA,5,4194304,24230.93
eessi,0,inter_GCD6_GCD6,nid005020,nid005021,6,6,inter_node,nic_via_xgmi,NA,5,8388608,24261.24
eessi,0,inter_GCD6_GCD6,nid005020,nid005021,6,6,inter_node,nic_via_xgmi,NA,5,16777216,24276.51
eessi,0,inter_GCD6_GCD6,nid005020,nid005021,6,6,inter_node,nic_via_xgmi,NA,5,33554432,24284.12
eessi,0,inter_GCD6_GCD6,nid005020,nid005021,6,6,inter_node,nic_via_xgmi,NA,5,67108864,24288.00
eessi,0,inter_GCD6_GCD6,nid005020,nid005021,6,6,inter_node,nic_via_xgmi,NA,6,1,0.07
eessi,0,inter_GCD6_GCD6,nid005020,nid005021,6,6,inter_node,nic_via_xgmi,NA,6,2,0.13
eessi,0,inter_GCD6_GCD6,nid005020,nid005021,6,6,inter_node,nic_via_xgmi,NA,6,4,0.27
eessi,0,inter_GCD6_GCD6,nid005020,nid005021,6,6,inter_node,nic_via_xgmi,NA,6,8,0.54
eessi,0,inter_GCD6_GCD6,nid005020,nid005021,6,6,inter_node,nic_via_xgmi,NA,6,16,1.07
eessi,0,inter_GCD6_GCD6,nid005020,nid005021,6,6,inter_node,nic_via_xgmi,NA,6,32,2.15
eessi,0,inter_GCD6_GCD6,nid005020,nid005021,6,6,inter_node,nic_via_xgmi,NA,6,64,4.28
eessi,0,inter_GCD6_GCD6,nid005020,nid005021,6,6,inter_node,nic_via_xgmi,NA,6,128,8.53
eessi,0,inter_GCD6_GCD6,nid005020,nid005021,6,6,inter_node,nic_via_xgmi,NA,6,256,309.31
eessi,0,inter_GCD6_GCD6,nid005020,nid005021,6,6,inter_node,nic_via_xgmi,NA,6,512,619.23
eessi,0,inter_GCD6_GCD6,nid005020,nid005021,6,6,inter_node,nic_via_xgmi,NA,6,1024,1231.07
eessi,0,inter_GCD6_GCD6,nid005020,nid005021,6,6,inter_node,nic_via_xgmi,NA,6,2048,2466.59
eessi,0,inter_GCD6_GCD6,nid005020,nid005021,6,6,inter_node,nic_via_xgmi,NA,6,4096,4887.84
eessi,0,inter_GCD6_GCD6,nid005020,nid005021,6,6,inter_node,nic_via_xgmi,NA,6,8192,8752.63
eessi,0,inter_GCD6_GCD6,nid005020,nid005021,6,6,inter_node,nic_via_xgmi,NA,6,16384,13897.48
eessi,0,inter_GCD6_GCD6,nid005020,nid005021,6,6,inter_node,nic_via_xgmi,NA,6,32768,17402.60
eessi,0,inter_GCD6_GCD6,nid005020,nid005021,6,6,inter_node,nic_via_xgmi,NA,6,65536,20794.14
eessi,0,inter_GCD6_GCD6,nid005020,nid005021,6,6,inter_node,nic_via_xgmi,NA,6,131072,22201.02
eessi,0,inter_GCD6_GCD6,nid005020,nid005021,6,6,inter_node,nic_via_xgmi,NA,6,262144,23360.30
eessi,0,inter_GCD6_GCD6,nid005020,nid005021,6,6,inter_node,nic_via_xgmi,NA,6,524288,23816.59
eessi,0,inter_GCD6_GCD6,nid005020,nid005021,6,6,inter_node,nic_via_xgmi,NA,6,1048576,24051.28
eessi,0,inter_GCD6_GCD6,nid005020,nid005021,6,6,inter_node,nic_via_xgmi,NA,6,2097152,24169.80
eessi,0,inter_GCD6_GCD6,nid005020,nid005021,6,6,inter_node,nic_via_xgmi,NA,6,4194304,24230.67
eessi,0,inter_GCD6_GCD6,nid005020,nid005021,6,6,inter_node,nic_via_xgmi,NA,6,8388608,24261.31
eessi,0,inter_GCD6_GCD6,nid005020,nid005021,6,6,inter_node,nic_via_xgmi,NA,6,16777216,24276.44
eessi,0,inter_GCD6_GCD6,nid005020,nid005021,6,6,inter_node,nic_via_xgmi,NA,6,33554432,24284.13
eessi,0,inter_GCD6_GCD6,nid005020,nid005021,6,6,inter_node,nic_via_xgmi,NA,6,67108864,24287.97
eessi,0,inter_GCD1_GCD1,nid005020,nid005021,1,1,inter_node,nic_local,NA,2,1,0.07
eessi,0,inter_GCD1_GCD1,nid005020,nid005021,1,1,inter_node,nic_local,NA,2,2,0.13
eessi,0,inter_GCD1_GCD1,nid005020,nid005021,1,1,inter_node,nic_local,NA,2,4,0.27
eessi,0,inter_GCD1_GCD1,nid005020,nid005021,1,1,inter_node,nic_local,NA,2,8,0.54
eessi,0,inter_GCD1_GCD1,nid005020,nid005021,1,1,inter_node,nic_local,NA,2,16,1.07
eessi,0,inter_GCD1_GCD1,nid005020,nid005021,1,1,inter_node,nic_local,NA,2,32,2.15
eessi,0,inter_GCD1_GCD1,nid005020,nid005021,1,1,inter_node,nic_local,NA,2,64,4.30
eessi,0,inter_GCD1_GCD1,nid005020,nid005021,1,1,inter_node,nic_local,NA,2,128,8.59
eessi,0,inter_GCD1_GCD1,nid005020,nid005021,1,1,inter_node,nic_local,NA,2,256,280.24
eessi,0,inter_GCD1_GCD1,nid005020,nid005021,1,1,inter_node,nic_local,NA,2,512,641.85
eessi,0,inter_GCD1_GCD1,nid005020,nid005021,1,1,inter_node,nic_local,NA,2,1024,1286.29
eessi,0,inter_GCD1_GCD1,nid005020,nid005021,1,1,inter_node,nic_local,NA,2,2048,2565.34
eessi,0,inter_GCD1_GCD1,nid005020,nid005021,1,1,inter_node,nic_local,NA,2,4096,5123.06
eessi,0,inter_GCD1_GCD1,nid005020,nid005021,1,1,inter_node,nic_local,NA,2,8192,9421.78
eessi,0,inter_GCD1_GCD1,nid005020,nid005021,1,1,inter_node,nic_local,NA,2,16384,14898.23
eessi,0,inter_GCD1_GCD1,nid005020,nid005021,1,1,inter_node,nic_local,NA,2,32768,18877.62
eessi,0,inter_GCD1_GCD1,nid005020,nid005021,1,1,inter_node,nic_local,NA,2,65536,21262.89
eessi,0,inter_GCD1_GCD1,nid005020,nid005021,1,1,inter_node,nic_local,NA,2,131072,22376.70
eessi,0,inter_GCD1_GCD1,nid005020,nid005021,1,1,inter_node,nic_local,NA,2,262144,23448.96
eessi,0,inter_GCD1_GCD1,nid005020,nid005021,1,1,inter_node,nic_local,NA,2,524288,23861.95
eessi,0,inter_GCD1_GCD1,nid005020,nid005021,1,1,inter_node,nic_local,NA,2,1048576,24074.50
eessi,0,inter_GCD1_GCD1,nid005020,nid005021,1,1,inter_node,nic_local,NA,2,2097152,24182.61
eessi,0,inter_GCD1_GCD1,nid005020,nid005021,1,1,inter_node,nic_local,NA,2,4194304,24237.02
eessi,0,inter_GCD1_GCD1,nid005020,nid005021,1,1,inter_node,nic_local,NA,2,8388608,24264.21
eessi,0,inter_GCD1_GCD1,nid005020,nid005021,1,1,inter_node,nic_local,NA,2,16777216,24278.11
eessi,0,inter_GCD1_GCD1,nid005020,nid005021,1,1,inter_node,nic_local,NA,2,33554432,24284.89
eessi,0,inter_GCD1_GCD1,nid005020,nid005021,1,1,inter_node,nic_local,NA,2,67108864,24288.37
eessi,0,inter_GCD1_GCD1,nid005020,nid005021,1,1,inter_node,nic_local,NA,3,1,0.07
eessi,0,inter_GCD1_GCD1,nid005020,nid005021,1,1,inter_node,nic_local,NA,3,2,0.14
eessi,0,inter_GCD1_GCD1,nid005020,nid005021,1,1,inter_node,nic_local,NA,3,4,0.28
eessi,0,inter_GCD1_GCD1,nid005020,nid005021,1,1,inter_node,nic_local,NA,3,8,0.55
eessi,0,inter_GCD1_GCD1,nid005020,nid005021,1,1,inter_node,nic_local,NA,3,16,1.10
eessi,0,inter_GCD1_GCD1,nid005020,nid005021,1,1,inter_node,nic_local,NA,3,32,2.21
eessi,0,inter_GCD1_GCD1,nid005020,nid005021,1,1,inter_node,nic_local,NA,3,64,4.41
eessi,0,inter_GCD1_GCD1,nid005020,nid005021,1,1,inter_node,nic_local,NA,3,128,8.82
eessi,0,inter_GCD1_GCD1,nid005020,nid005021,1,1,inter_node,nic_local,NA,3,256,320.76
eessi,0,inter_GCD1_GCD1,nid005020,nid005021,1,1,inter_node,nic_local,NA,3,512,642.27
eessi,0,inter_GCD1_GCD1,nid005020,nid005021,1,1,inter_node,nic_local,NA,3,1024,1282.00
eessi,0,inter_GCD1_GCD1,nid005020,nid005021,1,1,inter_node,nic_local,NA,3,2048,2571.67
eessi,0,inter_GCD1_GCD1,nid005020,nid005021,1,1,inter_node,nic_local,NA,3,4096,5126.55
eessi,0,inter_GCD1_GCD1,nid005020,nid005021,1,1,inter_node,nic_local,NA,3,8192,9378.75
eessi,0,inter_GCD1_GCD1,nid005020,nid005021,1,1,inter_node,nic_local,NA,3,16384,14937.93
eessi,0,inter_GCD1_GCD1,nid005020,nid005021,1,1,inter_node,nic_local,NA,3,32768,18866.60
eessi,0,inter_GCD1_GCD1,nid005020,nid005021,1,1,inter_node,nic_local,NA,3,65536,21250.58
eessi,0,inter_GCD1_GCD1,nid005020,nid005021,1,1,inter_node,nic_local,NA,3,131072,22377.58
eessi,0,inter_GCD1_GCD1,nid005020,nid005021,1,1,inter_node,nic_local,NA,3,262144,23452.83
eessi,0,inter_GCD1_GCD1,nid005020,nid005021,1,1,inter_node,nic_local,NA,3,524288,23863.56
eessi,0,inter_GCD1_GCD1,nid005020,nid005021,1,1,inter_node,nic_local,NA,3,1048576,24075.15
eessi,0,inter_GCD1_GCD1,nid005020,nid005021,1,1,inter_node,nic_local,NA,3,2097152,24182.26
eessi,0,inter_GCD1_GCD1,nid005020,nid005021,1,1,inter_node,nic_local,NA,3,4194304,24236.56
eessi,0,inter_GCD1_GCD1,nid005020,nid005021,1,1,inter_node,nic_local,NA,3,8388608,24264.41
eessi,0,inter_GCD1_GCD1,nid005020,nid005021,1,1,inter_node,nic_local,NA,3,16777216,24278.07
eessi,0,inter_GCD1_GCD1,nid005020,nid005021,1,1,inter_node,nic_local,NA,3,33554432,24284.97
eessi,0,inter_GCD1_GCD1,nid005020,nid005021,1,1,inter_node,nic_local,NA,3,67108864,24288.31
eessi,0,inter_GCD1_GCD1,nid005020,nid005021,1,1,inter_node,nic_local,NA,4,1,0.07
eessi,0,inter_GCD1_GCD1,nid005020,nid005021,1,1,inter_node,nic_local,NA,4,2,0.14
eessi,0,inter_GCD1_GCD1,nid005020,nid005021,1,1,inter_node,nic_local,NA,4,4,0.27
eessi,0,inter_GCD1_GCD1,nid005020,nid005021,1,1,inter_node,nic_local,NA,4,8,0.54
eessi,0,inter_GCD1_GCD1,nid005020,nid005021,1,1,inter_node,nic_local,NA,4,16,1.09
eessi,0,inter_GCD1_GCD1,nid005020,nid005021,1,1,inter_node,nic_local,NA,4,32,2.17
eessi,0,inter_GCD1_GCD1,nid005020,nid005021,1,1,inter_node,nic_local,NA,4,64,4.34
eessi,0,inter_GCD1_GCD1,nid005020,nid005021,1,1,inter_node,nic_local,NA,4,128,8.68
eessi,0,inter_GCD1_GCD1,nid005020,nid005021,1,1,inter_node,nic_local,NA,4,256,322.17
eessi,0,inter_GCD1_GCD1,nid005020,nid005021,1,1,inter_node,nic_local,NA,4,512,646.71
eessi,0,inter_GCD1_GCD1,nid005020,nid005021,1,1,inter_node,nic_local,NA,4,1024,1292.18
eessi,0,inter_GCD1_GCD1,nid005020,nid005021,1,1,inter_node,nic_local,NA,4,2048,2580.59
eessi,0,inter_GCD1_GCD1,nid005020,nid005021,1,1,inter_node,nic_local,NA,4,4096,5154.61
eessi,0,inter_GCD1_GCD1,nid005020,nid005021,1,1,inter_node,nic_local,NA,4,8192,9400.83
eessi,0,inter_GCD1_GCD1,nid005020,nid005021,1,1,inter_node,nic_local,NA,4,16384,14922.49
eessi,0,inter_GCD1_GCD1,nid005020,nid005021,1,1,inter_node,nic_local,NA,4,32768,18886.35
eessi,0,inter_GCD1_GCD1,nid005020,nid005021,1,1,inter_node,nic_local,NA,4,65536,21261.56
eessi,0,inter_GCD1_GCD1,nid005020,nid005021,1,1,inter_node,nic_local,NA,4,131072,22379.56
eessi,0,inter_GCD1_GCD1,nid005020,nid005021,1,1,inter_node,nic_local,NA,4,262144,23451.18
eessi,0,inter_GCD1_GCD1,nid005020,nid005021,1,1,inter_node,nic_local,NA,4,524288,23863.80
eessi,0,inter_GCD1_GCD1,nid005020,nid005021,1,1,inter_node,nic_local,NA,4,1048576,24075.46
eessi,0,inter_GCD1_GCD1,nid005020,nid005021,1,1,inter_node,nic_local,NA,4,2097152,24182.82
eessi,0,inter_GCD1_GCD1,nid005020,nid005021,1,1,inter_node,nic_local,NA,4,4194304,24237.27
eessi,0,inter_GCD1_GCD1,nid005020,nid005021,1,1,inter_node,nic_local,NA,4,8388608,24264.56
eessi,0,inter_GCD1_GCD1,nid005020,nid005021,1,1,inter_node,nic_local,NA,4,16777216,24278.03
eessi,0,inter_GCD1_GCD1,nid005020,nid005021,1,1,inter_node,nic_local,NA,4,33554432,24284.89
eessi,0,inter_GCD1_GCD1,nid005020,nid005021,1,1,inter_node,nic_local,NA,4,67108864,24288.31
eessi,0,inter_GCD1_GCD1,nid005020,nid005021,1,1,inter_node,nic_local,NA,5,1,0.07
eessi,0,inter_GCD1_GCD1,nid005020,nid005021,1,1,inter_node,nic_local,NA,5,2,0.14
eessi,0,inter_GCD1_GCD1,nid005020,nid005021,1,1,inter_node,nic_local,NA,5,4,0.27
eessi,0,inter_GCD1_GCD1,nid005020,nid005021,1,1,inter_node,nic_local,NA,5,8,0.54
eessi,0,inter_GCD1_GCD1,nid005020,nid005021,1,1,inter_node,nic_local,NA,5,16,1.08
eessi,0,inter_GCD1_GCD1,nid005020,nid005021,1,1,inter_node,nic_local,NA,5,32,2.17
eessi,0,inter_GCD1_GCD1,nid005020,nid005021,1,1,inter_node,nic_local,NA,5,64,4.33
eessi,0,inter_GCD1_GCD1,nid005020,nid005021,1,1,inter_node,nic_local,NA,5,128,8.66
eessi,0,inter_GCD1_GCD1,nid005020,nid005021,1,1,inter_node,nic_local,NA,5,256,322.17
eessi,0,inter_GCD1_GCD1,nid005020,nid005021,1,1,inter_node,nic_local,NA,5,512,646.82
eessi,0,inter_GCD1_GCD1,nid005020,nid005021,1,1,inter_node,nic_local,NA,5,1024,1293.86
eessi,0,inter_GCD1_GCD1,nid005020,nid005021,1,1,inter_node,nic_local,NA,5,2048,2580.28
eessi,0,inter_GCD1_GCD1,nid005020,nid005021,1,1,inter_node,nic_local,NA,5,4096,5155.12
eessi,0,inter_GCD1_GCD1,nid005020,nid005021,1,1,inter_node,nic_local,NA,5,8192,9452.84
eessi,0,inter_GCD1_GCD1,nid005020,nid005021,1,1,inter_node,nic_local,NA,5,16384,14985.93
eessi,0,inter_GCD1_GCD1,nid005020,nid005021,1,1,inter_node,nic_local,NA,5,32768,18910.25
eessi,0,inter_GCD1_GCD1,nid005020,nid005021,1,1,inter_node,nic_local,NA,5,65536,21267.28
eessi,0,inter_GCD1_GCD1,nid005020,nid005021,1,1,inter_node,nic_local,NA,5,131072,22381.76
eessi,0,inter_GCD1_GCD1,nid005020,nid005021,1,1,inter_node,nic_local,NA,5,262144,23456.81
eessi,0,inter_GCD1_GCD1,nid005020,nid005021,1,1,inter_node,nic_local,NA,5,524288,23865.85
eessi,0,inter_GCD1_GCD1,nid005020,nid005021,1,1,inter_node,nic_local,NA,5,1048576,24076.26
eessi,0,inter_GCD1_GCD1,nid005020,nid005021,1,1,inter_node,nic_local,NA,5,2097152,24182.63
eessi,0,inter_GCD1_GCD1,nid005020,nid005021,1,1,inter_node,nic_local,NA,5,4194304,24237.54
eessi,0,inter_GCD1_GCD1,nid005020,nid005021,1,1,inter_node,nic_local,NA,5,8388608,24264.61
eessi,0,inter_GCD1_GCD1,nid005020,nid005021,1,1,inter_node,nic_local,NA,5,16777216,24278.08
eessi,0,inter_GCD1_GCD1,nid005020,nid005021,1,1,inter_node,nic_local,NA,5,33554432,24284.93
eessi,0,inter_GCD1_GCD1,nid005020,nid005021,1,1,inter_node,nic_local,NA,5,67108864,24288.36
eessi,0,inter_GCD1_GCD1,nid005020,nid005021,1,1,inter_node,nic_local,NA,6,1,0.07
eessi,0,inter_GCD1_GCD1,nid005020,nid005021,1,1,inter_node,nic_local,NA,6,2,0.14
eessi,0,inter_GCD1_GCD1,nid005020,nid005021,1,1,inter_node,nic_local,NA,6,4,0.27
eessi,0,inter_GCD1_GCD1,nid005020,nid005021,1,1,inter_node,nic_local,NA,6,8,0.54
eessi,0,inter_GCD1_GCD1,nid005020,nid005021,1,1,inter_node,nic_local,NA,6,16,1.08
eessi,0,inter_GCD1_GCD1,nid005020,nid005021,1,1,inter_node,nic_local,NA,6,32,2.17
eessi,0,inter_GCD1_GCD1,nid005020,nid005021,1,1,inter_node,nic_local,NA,6,64,4.33
eessi,0,inter_GCD1_GCD1,nid005020,nid005021,1,1,inter_node,nic_local,NA,6,128,8.65
eessi,0,inter_GCD1_GCD1,nid005020,nid005021,1,1,inter_node,nic_local,NA,6,256,323.11
eessi,0,inter_GCD1_GCD1,nid005020,nid005021,1,1,inter_node,nic_local,NA,6,512,646.75
eessi,0,inter_GCD1_GCD1,nid005020,nid005021,1,1,inter_node,nic_local,NA,6,1024,1291.95
eessi,0,inter_GCD1_GCD1,nid005020,nid005021,1,1,inter_node,nic_local,NA,6,2048,2579.64
eessi,0,inter_GCD1_GCD1,nid005020,nid005021,1,1,inter_node,nic_local,NA,6,4096,5144.26
eessi,0,inter_GCD1_GCD1,nid005020,nid005021,1,1,inter_node,nic_local,NA,6,8192,9469.27
eessi,0,inter_GCD1_GCD1,nid005020,nid005021,1,1,inter_node,nic_local,NA,6,16384,14929.81
eessi,0,inter_GCD1_GCD1,nid005020,nid005021,1,1,inter_node,nic_local,NA,6,32768,18901.92
eessi,0,inter_GCD1_GCD1,nid005020,nid005021,1,1,inter_node,nic_local,NA,6,65536,21267.05
eessi,0,inter_GCD1_GCD1,nid005020,nid005021,1,1,inter_node,nic_local,NA,6,131072,22370.92
eessi,0,inter_GCD1_GCD1,nid005020,nid005021,1,1,inter_node,nic_local,NA,6,262144,23453.03
eessi,0,inter_GCD1_GCD1,nid005020,nid005021,1,1,inter_node,nic_local,NA,6,524288,23864.41
eessi,0,inter_GCD1_GCD1,nid005020,nid005021,1,1,inter_node,nic_local,NA,6,1048576,24075.32
eessi,0,inter_GCD1_GCD1,nid005020,nid005021,1,1,inter_node,nic_local,NA,6,2097152,24182.55
eessi,0,inter_GCD1_GCD1,nid005020,nid005021,1,1,inter_node,nic_local,NA,6,4194304,24236.85
eessi,0,inter_GCD1_GCD1,nid005020,nid005021,1,1,inter_node,nic_local,NA,6,8388608,24264.30
eessi,0,inter_GCD1_GCD1,nid005020,nid005021,1,1,inter_node,nic_local,NA,6,16777216,24276.83
eessi,0,inter_GCD1_GCD1,nid005020,nid005021,1,1,inter_node,nic_local,NA,6,33554432,24284.89
eessi,0,inter_GCD1_GCD1,nid005020,nid005021,1,1,inter_node,nic_local,NA,6,67108864,24288.34
eessi,0,inter_GCD3_GCD3,nid005020,nid005021,3,3,inter_node,nic_local,NA,2,1,0.07
eessi,0,inter_GCD3_GCD3,nid005020,nid005021,3,3,inter_node,nic_local,NA,2,2,0.14
eessi,0,inter_GCD3_GCD3,nid005020,nid005021,3,3,inter_node,nic_local,NA,2,4,0.29
eessi,0,inter_GCD3_GCD3,nid005020,nid005021,3,3,inter_node,nic_local,NA,2,8,0.58
eessi,0,inter_GCD3_GCD3,nid005020,nid005021,3,3,inter_node,nic_local,NA,2,16,1.15
eessi,0,inter_GCD3_GCD3,nid005020,nid005021,3,3,inter_node,nic_local,NA,2,32,2.30
eessi,0,inter_GCD3_GCD3,nid005020,nid005021,3,3,inter_node,nic_local,NA,2,64,4.61
eessi,0,inter_GCD3_GCD3,nid005020,nid005021,3,3,inter_node,nic_local,NA,2,128,9.21
eessi,0,inter_GCD3_GCD3,nid005020,nid005021,3,3,inter_node,nic_local,NA,2,256,324.97
eessi,0,inter_GCD3_GCD3,nid005020,nid005021,3,3,inter_node,nic_local,NA,2,512,648.73
eessi,0,inter_GCD3_GCD3,nid005020,nid005021,3,3,inter_node,nic_local,NA,2,1024,1300.01
eessi,0,inter_GCD3_GCD3,nid005020,nid005021,3,3,inter_node,nic_local,NA,2,2048,2586.13
eessi,0,inter_GCD3_GCD3,nid005020,nid005021,3,3,inter_node,nic_local,NA,2,4096,5166.34
eessi,0,inter_GCD3_GCD3,nid005020,nid005021,3,3,inter_node,nic_local,NA,2,8192,6938.08
eessi,0,inter_GCD3_GCD3,nid005020,nid005021,3,3,inter_node,nic_local,NA,2,16384,13694.01
eessi,0,inter_GCD3_GCD3,nid005020,nid005021,3,3,inter_node,nic_local,NA,2,32768,17821.44
eessi,0,inter_GCD3_GCD3,nid005020,nid005021,3,3,inter_node,nic_local,NA,2,65536,20021.58
eessi,0,inter_GCD3_GCD3,nid005020,nid005021,3,3,inter_node,nic_local,NA,2,131072,21751.68
eessi,0,inter_GCD3_GCD3,nid005020,nid005021,3,3,inter_node,nic_local,NA,2,262144,22945.50
eessi,0,inter_GCD3_GCD3,nid005020,nid005021,3,3,inter_node,nic_local,NA,2,524288,23425.60
eessi,0,inter_GCD3_GCD3,nid005020,nid005021,3,3,inter_node,nic_local,NA,2,1048576,23674.37
eessi,0,inter_GCD3_GCD3,nid005020,nid005021,3,3,inter_node,nic_local,NA,2,2097152,23749.29
eessi,0,inter_GCD3_GCD3,nid005020,nid005021,3,3,inter_node,nic_local,NA,2,4194304,23771.38
eessi,0,inter_GCD3_GCD3,nid005020,nid005021,3,3,inter_node,nic_local,NA,2,8388608,23794.77
eessi,0,inter_GCD3_GCD3,nid005020,nid005021,3,3,inter_node,nic_local,NA,2,16777216,23810.70
eessi,0,inter_GCD3_GCD3,nid005020,nid005021,3,3,inter_node,nic_local,NA,2,33554432,23819.29
eessi,0,inter_GCD3_GCD3,nid005020,nid005021,3,3,inter_node,nic_local,NA,2,67108864,23825.87
eessi,0,inter_GCD3_GCD3,nid005020,nid005021,3,3,inter_node,nic_local,NA,3,1,0.07
eessi,0,inter_GCD3_GCD3,nid005020,nid005021,3,3,inter_node,nic_local,NA,3,2,0.15
eessi,0,inter_GCD3_GCD3,nid005020,nid005021,3,3,inter_node,nic_local,NA,3,4,0.29
eessi,0,inter_GCD3_GCD3,nid005020,nid005021,3,3,inter_node,nic_local,NA,3,8,0.58
eessi,0,inter_GCD3_GCD3,nid005020,nid005021,3,3,inter_node,nic_local,NA,3,16,1.16
eessi,0,inter_GCD3_GCD3,nid005020,nid005021,3,3,inter_node,nic_local,NA,3,32,2.33
eessi,0,inter_GCD3_GCD3,nid005020,nid005021,3,3,inter_node,nic_local,NA,3,64,4.65
eessi,0,inter_GCD3_GCD3,nid005020,nid005021,3,3,inter_node,nic_local,NA,3,128,9.28
eessi,0,inter_GCD3_GCD3,nid005020,nid005021,3,3,inter_node,nic_local,NA,3,256,321.18
eessi,0,inter_GCD3_GCD3,nid005020,nid005021,3,3,inter_node,nic_local,NA,3,512,650.23
eessi,0,inter_GCD3_GCD3,nid005020,nid005021,3,3,inter_node,nic_local,NA,3,1024,1312.40
eessi,0,inter_GCD3_GCD3,nid005020,nid005021,3,3,inter_node,nic_local,NA,3,2048,2615.04
eessi,0,inter_GCD3_GCD3,nid005020,nid005021,3,3,inter_node,nic_local,NA,3,4096,5199.46
eessi,0,inter_GCD3_GCD3,nid005020,nid005021,3,3,inter_node,nic_local,NA,3,8192,6898.19
eessi,0,inter_GCD3_GCD3,nid005020,nid005021,3,3,inter_node,nic_local,NA,3,16384,13670.14
eessi,0,inter_GCD3_GCD3,nid005020,nid005021,3,3,inter_node,nic_local,NA,3,32768,17840.87
eessi,0,inter_GCD3_GCD3,nid005020,nid005021,3,3,inter_node,nic_local,NA,3,65536,20098.33
eessi,0,inter_GCD3_GCD3,nid005020,nid005021,3,3,inter_node,nic_local,NA,3,131072,21767.07
eessi,0,inter_GCD3_GCD3,nid005020,nid005021,3,3,inter_node,nic_local,NA,3,262144,22947.70
eessi,0,inter_GCD3_GCD3,nid005020,nid005021,3,3,inter_node,nic_local,NA,3,524288,23436.57
eessi,0,inter_GCD3_GCD3,nid005020,nid005021,3,3,inter_node,nic_local,NA,3,1048576,23685.05
eessi,0,inter_GCD3_GCD3,nid005020,nid005021,3,3,inter_node,nic_local,NA,3,2097152,23756.17
eessi,0,inter_GCD3_GCD3,nid005020,nid005021,3,3,inter_node,nic_local,NA,3,4194304,23775.97
eessi,0,inter_GCD3_GCD3,nid005020,nid005021,3,3,inter_node,nic_local,NA,3,8388608,23798.25
eessi,0,inter_GCD3_GCD3,nid005020,nid005021,3,3,inter_node,nic_local,NA,3,16777216,23813.53
eessi,0,inter_GCD3_GCD3,nid005020,nid005021,3,3,inter_node,nic_local,NA,3,33554432,23822.00
eessi,0,inter_GCD3_GCD3,nid005020,nid005021,3,3,inter_node,nic_local,NA,3,67108864,23826.06
eessi,0,inter_GCD3_GCD3,nid005020,nid005021,3,3,inter_node,nic_local,NA,4,1,0.07
eessi,0,inter_GCD3_GCD3,nid005020,nid005021,3,3,inter_node,nic_local,NA,4,2,0.14
eessi,0,inter_GCD3_GCD3,nid005020,nid005021,3,3,inter_node,nic_local,NA,4,4,0.29
eessi,0,inter_GCD3_GCD3,nid005020,nid005021,3,3,inter_node,nic_local,NA,4,8,0.58
eessi,0,inter_GCD3_GCD3,nid005020,nid005021,3,3,inter_node,nic_local,NA,4,16,1.15
eessi,0,inter_GCD3_GCD3,nid005020,nid005021,3,3,inter_node,nic_local,NA,4,32,2.31
eessi,0,inter_GCD3_GCD3,nid005020,nid005021,3,3,inter_node,nic_local,NA,4,64,4.62
eessi,0,inter_GCD3_GCD3,nid005020,nid005021,3,3,inter_node,nic_local,NA,4,128,9.23
eessi,0,inter_GCD3_GCD3,nid005020,nid005021,3,3,inter_node,nic_local,NA,4,256,321.71
eessi,0,inter_GCD3_GCD3,nid005020,nid005021,3,3,inter_node,nic_local,NA,4,512,643.46
eessi,0,inter_GCD3_GCD3,nid005020,nid005021,3,3,inter_node,nic_local,NA,4,1024,1272.76
eessi,0,inter_GCD3_GCD3,nid005020,nid005021,3,3,inter_node,nic_local,NA,4,2048,2561.16
eessi,0,inter_GCD3_GCD3,nid005020,nid005021,3,3,inter_node,nic_local,NA,4,4096,5119.98
eessi,0,inter_GCD3_GCD3,nid005020,nid005021,3,3,inter_node,nic_local,NA,4,8192,6875.51
eessi,0,inter_GCD3_GCD3,nid005020,nid005021,3,3,inter_node,nic_local,NA,4,16384,13632.65
eessi,0,inter_GCD3_GCD3,nid005020,nid005021,3,3,inter_node,nic_local,NA,4,32768,17786.65
eessi,0,inter_GCD3_GCD3,nid005020,nid005021,3,3,inter_node,nic_local,NA,4,65536,20083.95
eessi,0,inter_GCD3_GCD3,nid005020,nid005021,3,3,inter_node,nic_local,NA,4,131072,21751.86
eessi,0,inter_GCD3_GCD3,nid005020,nid005021,3,3,inter_node,nic_local,NA,4,262144,22941.80
eessi,0,inter_GCD3_GCD3,nid005020,nid005021,3,3,inter_node,nic_local,NA,4,524288,23428.62
eessi,0,inter_GCD3_GCD3,nid005020,nid005021,3,3,inter_node,nic_local,NA,4,1048576,23682.46
eessi,0,inter_GCD3_GCD3,nid005020,nid005021,3,3,inter_node,nic_local,NA,4,2097152,23753.41
eessi,0,inter_GCD3_GCD3,nid005020,nid005021,3,3,inter_node,nic_local,NA,4,4194304,23772.84
eessi,0,inter_GCD3_GCD3,nid005020,nid005021,3,3,inter_node,nic_local,NA,4,8388608,23793.03
eessi,0,inter_GCD3_GCD3,nid005020,nid005021,3,3,inter_node,nic_local,NA,4,16777216,23808.55
eessi,0,inter_GCD3_GCD3,nid005020,nid005021,3,3,inter_node,nic_local,NA,4,33554432,23820.12
eessi,0,inter_GCD3_GCD3,nid005020,nid005021,3,3,inter_node,nic_local,NA,4,67108864,23822.48
eessi,0,inter_GCD3_GCD3,nid005020,nid005021,3,3,inter_node,nic_local,NA,5,1,0.07
eessi,0,inter_GCD3_GCD3,nid005020,nid005021,3,3,inter_node,nic_local,NA,5,2,0.14
eessi,0,inter_GCD3_GCD3,nid005020,nid005021,3,3,inter_node,nic_local,NA,5,4,0.29
eessi,0,inter_GCD3_GCD3,nid005020,nid005021,3,3,inter_node,nic_local,NA,5,8,0.58
eessi,0,inter_GCD3_GCD3,nid005020,nid005021,3,3,inter_node,nic_local,NA,5,16,1.15
eessi,0,inter_GCD3_GCD3,nid005020,nid005021,3,3,inter_node,nic_local,NA,5,32,2.31
eessi,0,inter_GCD3_GCD3,nid005020,nid005021,3,3,inter_node,nic_local,NA,5,64,4.61
eessi,0,inter_GCD3_GCD3,nid005020,nid005021,3,3,inter_node,nic_local,NA,5,128,9.23
eessi,0,inter_GCD3_GCD3,nid005020,nid005021,3,3,inter_node,nic_local,NA,5,256,324.14
eessi,0,inter_GCD3_GCD3,nid005020,nid005021,3,3,inter_node,nic_local,NA,5,512,647.13
eessi,0,inter_GCD3_GCD3,nid005020,nid005021,3,3,inter_node,nic_local,NA,5,1024,1292.80
eessi,0,inter_GCD3_GCD3,nid005020,nid005021,3,3,inter_node,nic_local,NA,5,2048,2578.44
eessi,0,inter_GCD3_GCD3,nid005020,nid005021,3,3,inter_node,nic_local,NA,5,4096,5146.23
eessi,0,inter_GCD3_GCD3,nid005020,nid005021,3,3,inter_node,nic_local,NA,5,8192,6892.38
eessi,0,inter_GCD3_GCD3,nid005020,nid005021,3,3,inter_node,nic_local,NA,5,16384,13635.73
eessi,0,inter_GCD3_GCD3,nid005020,nid005021,3,3,inter_node,nic_local,NA,5,32768,17786.58
eessi,0,inter_GCD3_GCD3,nid005020,nid005021,3,3,inter_node,nic_local,NA,5,65536,20072.29
eessi,0,inter_GCD3_GCD3,nid005020,nid005021,3,3,inter_node,nic_local,NA,5,131072,21756.60
eessi,0,inter_GCD3_GCD3,nid005020,nid005021,3,3,inter_node,nic_local,NA,5,262144,22955.30
eessi,0,inter_GCD3_GCD3,nid005020,nid005021,3,3,inter_node,nic_local,NA,5,524288,23438.61
eessi,0,inter_GCD3_GCD3,nid005020,nid005021,3,3,inter_node,nic_local,NA,5,1048576,23689.00
eessi,0,inter_GCD3_GCD3,nid005020,nid005021,3,3,inter_node,nic_local,NA,5,2097152,23764.96
eessi,0,inter_GCD3_GCD3,nid005020,nid005021,3,3,inter_node,nic_local,NA,5,4194304,23787.29
eessi,0,inter_GCD3_GCD3,nid005020,nid005021,3,3,inter_node,nic_local,NA,5,8388608,23811.14
eessi,0,inter_GCD3_GCD3,nid005020,nid005021,3,3,inter_node,nic_local,NA,5,16777216,23828.29
eessi,0,inter_GCD3_GCD3,nid005020,nid005021,3,3,inter_node,nic_local,NA,5,33554432,23837.43
eessi,0,inter_GCD3_GCD3,nid005020,nid005021,3,3,inter_node,nic_local,NA,5,67108864,23839.78
eessi,0,inter_GCD3_GCD3,nid005020,nid005021,3,3,inter_node,nic_local,NA,6,1,0.07
eessi,0,inter_GCD3_GCD3,nid005020,nid005021,3,3,inter_node,nic_local,NA,6,2,0.15
eessi,0,inter_GCD3_GCD3,nid005020,nid005021,3,3,inter_node,nic_local,NA,6,4,0.29
eessi,0,inter_GCD3_GCD3,nid005020,nid005021,3,3,inter_node,nic_local,NA,6,8,0.59
eessi,0,inter_GCD3_GCD3,nid005020,nid005021,3,3,inter_node,nic_local,NA,6,16,1.18
eessi,0,inter_GCD3_GCD3,nid005020,nid005021,3,3,inter_node,nic_local,NA,6,32,2.36
eessi,0,inter_GCD3_GCD3,nid005020,nid005021,3,3,inter_node,nic_local,NA,6,64,4.72
eessi,0,inter_GCD3_GCD3,nid005020,nid005021,3,3,inter_node,nic_local,NA,6,128,9.42
eessi,0,inter_GCD3_GCD3,nid005020,nid005021,3,3,inter_node,nic_local,NA,6,256,326.72
eessi,0,inter_GCD3_GCD3,nid005020,nid005021,3,3,inter_node,nic_local,NA,6,512,652.60
eessi,0,inter_GCD3_GCD3,nid005020,nid005021,3,3,inter_node,nic_local,NA,6,1024,1306.40
eessi,0,inter_GCD3_GCD3,nid005020,nid005021,3,3,inter_node,nic_local,NA,6,2048,2600.64
eessi,0,inter_GCD3_GCD3,nid005020,nid005021,3,3,inter_node,nic_local,NA,6,4096,5199.16
eessi,0,inter_GCD3_GCD3,nid005020,nid005021,3,3,inter_node,nic_local,NA,6,8192,6837.07
eessi,0,inter_GCD3_GCD3,nid005020,nid005021,3,3,inter_node,nic_local,NA,6,16384,13658.76
eessi,0,inter_GCD3_GCD3,nid005020,nid005021,3,3,inter_node,nic_local,NA,6,32768,17801.16
eessi,0,inter_GCD3_GCD3,nid005020,nid005021,3,3,inter_node,nic_local,NA,6,65536,20057.73
eessi,0,inter_GCD3_GCD3,nid005020,nid005021,3,3,inter_node,nic_local,NA,6,131072,21774.51
eessi,0,inter_GCD3_GCD3,nid005020,nid005021,3,3,inter_node,nic_local,NA,6,262144,22970.95
eessi,0,inter_GCD3_GCD3,nid005020,nid005021,3,3,inter_node,nic_local,NA,6,524288,23456.22
eessi,0,inter_GCD3_GCD3,nid005020,nid005021,3,3,inter_node,nic_local,NA,6,1048576,23709.14
eessi,0,inter_GCD3_GCD3,nid005020,nid005021,3,3,inter_node,nic_local,NA,6,2097152,23777.82
eessi,0,inter_GCD3_GCD3,nid005020,nid005021,3,3,inter_node,nic_local,NA,6,4194304,23801.07
eessi,0,inter_GCD3_GCD3,nid005020,nid005021,3,3,inter_node,nic_local,NA,6,8388608,23822.00
eessi,0,inter_GCD3_GCD3,nid005020,nid005021,3,3,inter_node,nic_local,NA,6,16777216,23840.32
eessi,0,inter_GCD3_GCD3,nid005020,nid005021,3,3,inter_node,nic_local,NA,6,33554432,23848.13
eessi,0,inter_GCD3_GCD3,nid005020,nid005021,3,3,inter_node,nic_local,NA,6,67108864,23853.75
eessi,0,inter_GCD5_GCD5,nid005020,nid005021,5,5,inter_node,nic_local,NA,2,1,0.07
eessi,0,inter_GCD5_GCD5,nid005020,nid005021,5,5,inter_node,nic_local,NA,2,2,0.15
eessi,0,inter_GCD5_GCD5,nid005020,nid005021,5,5,inter_node,nic_local,NA,2,4,0.29
eessi,0,inter_GCD5_GCD5,nid005020,nid005021,5,5,inter_node,nic_local,NA,2,8,0.59
eessi,0,inter_GCD5_GCD5,nid005020,nid005021,5,5,inter_node,nic_local,NA,2,16,1.18
eessi,0,inter_GCD5_GCD5,nid005020,nid005021,5,5,inter_node,nic_local,NA,2,32,2.35
eessi,0,inter_GCD5_GCD5,nid005020,nid005021,5,5,inter_node,nic_local,NA,2,64,4.70
eessi,0,inter_GCD5_GCD5,nid005020,nid005021,5,5,inter_node,nic_local,NA,2,128,9.39
eessi,0,inter_GCD5_GCD5,nid005020,nid005021,5,5,inter_node,nic_local,NA,2,256,330.91
eessi,0,inter_GCD5_GCD5,nid005020,nid005021,5,5,inter_node,nic_local,NA,2,512,661.47
eessi,0,inter_GCD5_GCD5,nid005020,nid005021,5,5,inter_node,nic_local,NA,2,1024,1321.36
eessi,0,inter_GCD5_GCD5,nid005020,nid005021,5,5,inter_node,nic_local,NA,2,2048,2626.63
eessi,0,inter_GCD5_GCD5,nid005020,nid005021,5,5,inter_node,nic_local,NA,2,4096,5247.40
eessi,0,inter_GCD5_GCD5,nid005020,nid005021,5,5,inter_node,nic_local,NA,2,8192,9741.32
eessi,0,inter_GCD5_GCD5,nid005020,nid005021,5,5,inter_node,nic_local,NA,2,16384,15770.40
eessi,0,inter_GCD5_GCD5,nid005020,nid005021,5,5,inter_node,nic_local,NA,2,32768,19169.94
eessi,0,inter_GCD5_GCD5,nid005020,nid005021,5,5,inter_node,nic_local,NA,2,65536,21425.20
eessi,0,inter_GCD5_GCD5,nid005020,nid005021,5,5,inter_node,nic_local,NA,2,131072,22480.28
eessi,0,inter_GCD5_GCD5,nid005020,nid005021,5,5,inter_node,nic_local,NA,2,262144,23499.87
eessi,0,inter_GCD5_GCD5,nid005020,nid005021,5,5,inter_node,nic_local,NA,2,524288,23889.12
eessi,0,inter_GCD5_GCD5,nid005020,nid005021,5,5,inter_node,nic_local,NA,2,1048576,24088.21
eessi,0,inter_GCD5_GCD5,nid005020,nid005021,5,5,inter_node,nic_local,NA,2,2097152,24189.63
eessi,0,inter_GCD5_GCD5,nid005020,nid005021,5,5,inter_node,nic_local,NA,2,4194304,24240.50
eessi,0,inter_GCD5_GCD5,nid005020,nid005021,5,5,inter_node,nic_local,NA,2,8388608,24266.20
eessi,0,inter_GCD5_GCD5,nid005020,nid005021,5,5,inter_node,nic_local,NA,2,16777216,24278.96
eessi,0,inter_GCD5_GCD5,nid005020,nid005021,5,5,inter_node,nic_local,NA,2,33554432,24285.39
eessi,0,inter_GCD5_GCD5,nid005020,nid005021,5,5,inter_node,nic_local,NA,2,67108864,24288.59
eessi,0,inter_GCD5_GCD5,nid005020,nid005021,5,5,inter_node,nic_local,NA,3,1,0.07
eessi,0,inter_GCD5_GCD5,nid005020,nid005021,5,5,inter_node,nic_local,NA,3,2,0.15
eessi,0,inter_GCD5_GCD5,nid005020,nid005021,5,5,inter_node,nic_local,NA,3,4,0.30
eessi,0,inter_GCD5_GCD5,nid005020,nid005021,5,5,inter_node,nic_local,NA,3,8,0.59
eessi,0,inter_GCD5_GCD5,nid005020,nid005021,5,5,inter_node,nic_local,NA,3,16,1.18
eessi,0,inter_GCD5_GCD5,nid005020,nid005021,5,5,inter_node,nic_local,NA,3,32,2.37
eessi,0,inter_GCD5_GCD5,nid005020,nid005021,5,5,inter_node,nic_local,NA,3,64,4.74
eessi,0,inter_GCD5_GCD5,nid005020,nid005021,5,5,inter_node,nic_local,NA,3,128,9.47
eessi,0,inter_GCD5_GCD5,nid005020,nid005021,5,5,inter_node,nic_local,NA,3,256,332.99
eessi,0,inter_GCD5_GCD5,nid005020,nid005021,5,5,inter_node,nic_local,NA,3,512,669.10
eessi,0,inter_GCD5_GCD5,nid005020,nid005021,5,5,inter_node,nic_local,NA,3,1024,1341.58
eessi,0,inter_GCD5_GCD5,nid005020,nid005021,5,5,inter_node,nic_local,NA,3,2048,2669.77
eessi,0,inter_GCD5_GCD5,nid005020,nid005021,5,5,inter_node,nic_local,NA,3,4096,5318.65
eessi,0,inter_GCD5_GCD5,nid005020,nid005021,5,5,inter_node,nic_local,NA,3,8192,9822.62
eessi,0,inter_GCD5_GCD5,nid005020,nid005021,5,5,inter_node,nic_local,NA,3,16384,15857.04
eessi,0,inter_GCD5_GCD5,nid005020,nid005021,5,5,inter_node,nic_local,NA,3,32768,19224.07
eessi,0,inter_GCD5_GCD5,nid005020,nid005021,5,5,inter_node,nic_local,NA,3,65536,21467.94
eessi,0,inter_GCD5_GCD5,nid005020,nid005021,5,5,inter_node,nic_local,NA,3,131072,22493.88
eessi,0,inter_GCD5_GCD5,nid005020,nid005021,5,5,inter_node,nic_local,NA,3,262144,23512.91
eessi,0,inter_GCD5_GCD5,nid005020,nid005021,5,5,inter_node,nic_local,NA,3,524288,23893.82
eessi,0,inter_GCD5_GCD5,nid005020,nid005021,5,5,inter_node,nic_local,NA,3,1048576,24090.74
eessi,0,inter_GCD5_GCD5,nid005020,nid005021,5,5,inter_node,nic_local,NA,3,2097152,24190.17
eessi,0,inter_GCD5_GCD5,nid005020,nid005021,5,5,inter_node,nic_local,NA,3,4194304,24241.20
eessi,0,inter_GCD5_GCD5,nid005020,nid005021,5,5,inter_node,nic_local,NA,3,8388608,24266.17
eessi,0,inter_GCD5_GCD5,nid005020,nid005021,5,5,inter_node,nic_local,NA,3,16777216,24279.03
eessi,0,inter_GCD5_GCD5,nid005020,nid005021,5,5,inter_node,nic_local,NA,3,33554432,24285.34
eessi,0,inter_GCD5_GCD5,nid005020,nid005021,5,5,inter_node,nic_local,NA,3,67108864,24288.60
eessi,0,inter_GCD5_GCD5,nid005020,nid005021,5,5,inter_node,nic_local,NA,4,1,0.07
eessi,0,inter_GCD5_GCD5,nid005020,nid005021,5,5,inter_node,nic_local,NA,4,2,0.15
eessi,0,inter_GCD5_GCD5,nid005020,nid005021,5,5,inter_node,nic_local,NA,4,4,0.30
eessi,0,inter_GCD5_GCD5,nid005020,nid005021,5,5,inter_node,nic_local,NA,4,8,0.59
eessi,0,inter_GCD5_GCD5,nid005020,nid005021,5,5,inter_node,nic_local,NA,4,16,1.18
eessi,0,inter_GCD5_GCD5,nid005020,nid005021,5,5,inter_node,nic_local,NA,4,32,2.36
eessi,0,inter_GCD5_GCD5,nid005020,nid005021,5,5,inter_node,nic_local,NA,4,64,4.72
eessi,0,inter_GCD5_GCD5,nid005020,nid005021,5,5,inter_node,nic_local,NA,4,128,9.43
eessi,0,inter_GCD5_GCD5,nid005020,nid005021,5,5,inter_node,nic_local,NA,4,256,329.64
eessi,0,inter_GCD5_GCD5,nid005020,nid005021,5,5,inter_node,nic_local,NA,4,512,662.70
eessi,0,inter_GCD5_GCD5,nid005020,nid005021,5,5,inter_node,nic_local,NA,4,1024,1328.41
eessi,0,inter_GCD5_GCD5,nid005020,nid005021,5,5,inter_node,nic_local,NA,4,2048,2655.70
eessi,0,inter_GCD5_GCD5,nid005020,nid005021,5,5,inter_node,nic_local,NA,4,4096,5305.34
eessi,0,inter_GCD5_GCD5,nid005020,nid005021,5,5,inter_node,nic_local,NA,4,8192,9794.62
eessi,0,inter_GCD5_GCD5,nid005020,nid005021,5,5,inter_node,nic_local,NA,4,16384,15788.04
eessi,0,inter_GCD5_GCD5,nid005020,nid005021,5,5,inter_node,nic_local,NA,4,32768,17944.28
eessi,0,inter_GCD5_GCD5,nid005020,nid005021,5,5,inter_node,nic_local,NA,4,65536,21426.94
eessi,0,inter_GCD5_GCD5,nid005020,nid005021,5,5,inter_node,nic_local,NA,4,131072,22486.08
eessi,0,inter_GCD5_GCD5,nid005020,nid005021,5,5,inter_node,nic_local,NA,4,262144,23504.41
eessi,0,inter_GCD5_GCD5,nid005020,nid005021,5,5,inter_node,nic_local,NA,4,524288,23890.56
eessi,0,inter_GCD5_GCD5,nid005020,nid005021,5,5,inter_node,nic_local,NA,4,1048576,24088.41
eessi,0,inter_GCD5_GCD5,nid005020,nid005021,5,5,inter_node,nic_local,NA,4,2097152,24189.63
eessi,0,inter_GCD5_GCD5,nid005020,nid005021,5,5,inter_node,nic_local,NA,4,4194304,24240.78
eessi,0,inter_GCD5_GCD5,nid005020,nid005021,5,5,inter_node,nic_local,NA,4,8388608,24266.15
eessi,0,inter_GCD5_GCD5,nid005020,nid005021,5,5,inter_node,nic_local,NA,4,16777216,24278.95
eessi,0,inter_GCD5_GCD5,nid005020,nid005021,5,5,inter_node,nic_local,NA,4,33554432,24285.36
eessi,0,inter_GCD5_GCD5,nid005020,nid005021,5,5,inter_node,nic_local,NA,4,67108864,24288.62
eessi,0,inter_GCD5_GCD5,nid005020,nid005021,5,5,inter_node,nic_local,NA,5,1,0.08
eessi,0,inter_GCD5_GCD5,nid005020,nid005021,5,5,inter_node,nic_local,NA,5,2,0.15
eessi,0,inter_GCD5_GCD5,nid005020,nid005021,5,5,inter_node,nic_local,NA,5,4,0.30
eessi,0,inter_GCD5_GCD5,nid005020,nid005021,5,5,inter_node,nic_local,NA,5,8,0.61
eessi,0,inter_GCD5_GCD5,nid005020,nid005021,5,5,inter_node,nic_local,NA,5,16,1.21
eessi,0,inter_GCD5_GCD5,nid005020,nid005021,5,5,inter_node,nic_local,NA,5,32,2.43
eessi,0,inter_GCD5_GCD5,nid005020,nid005021,5,5,inter_node,nic_local,NA,5,64,4.85
eessi,0,inter_GCD5_GCD5,nid005020,nid005021,5,5,inter_node,nic_local,NA,5,128,9.70
eessi,0,inter_GCD5_GCD5,nid005020,nid005021,5,5,inter_node,nic_local,NA,5,256,332.24
eessi,0,inter_GCD5_GCD5,nid005020,nid005021,5,5,inter_node,nic_local,NA,5,512,665.75
eessi,0,inter_GCD5_GCD5,nid005020,nid005021,5,5,inter_node,nic_local,NA,5,1024,1331.93
eessi,0,inter_GCD5_GCD5,nid005020,nid005021,5,5,inter_node,nic_local,NA,5,2048,2656.04
eessi,0,inter_GCD5_GCD5,nid005020,nid005021,5,5,inter_node,nic_local,NA,5,4096,5310.98
eessi,0,inter_GCD5_GCD5,nid005020,nid005021,5,5,inter_node,nic_local,NA,5,8192,9774.95
eessi,0,inter_GCD5_GCD5,nid005020,nid005021,5,5,inter_node,nic_local,NA,5,16384,15778.81
eessi,0,inter_GCD5_GCD5,nid005020,nid005021,5,5,inter_node,nic_local,NA,5,32768,19170.26
eessi,0,inter_GCD5_GCD5,nid005020,nid005021,5,5,inter_node,nic_local,NA,5,65536,21426.19
eessi,0,inter_GCD5_GCD5,nid005020,nid005021,5,5,inter_node,nic_local,NA,5,131072,22478.53
eessi,0,inter_GCD5_GCD5,nid005020,nid005021,5,5,inter_node,nic_local,NA,5,262144,23501.77
eessi,0,inter_GCD5_GCD5,nid005020,nid005021,5,5,inter_node,nic_local,NA,5,524288,23888.95
eessi,0,inter_GCD5_GCD5,nid005020,nid005021,5,5,inter_node,nic_local,NA,5,1048576,24088.92
eessi,0,inter_GCD5_GCD5,nid005020,nid005021,5,5,inter_node,nic_local,NA,5,2097152,24189.07
eessi,0,inter_GCD5_GCD5,nid005020,nid005021,5,5,inter_node,nic_local,NA,5,4194304,24240.67
eessi,0,inter_GCD5_GCD5,nid005020,nid005021,5,5,inter_node,nic_local,NA,5,8388608,24266.18
eessi,0,inter_GCD5_GCD5,nid005020,nid005021,5,5,inter_node,nic_local,NA,5,16777216,24278.96
eessi,0,inter_GCD5_GCD5,nid005020,nid005021,5,5,inter_node,nic_local,NA,5,33554432,24285.36
eessi,0,inter_GCD5_GCD5,nid005020,nid005021,5,5,inter_node,nic_local,NA,5,67108864,24288.60
eessi,0,inter_GCD5_GCD5,nid005020,nid005021,5,5,inter_node,nic_local,NA,6,1,0.07
eessi,0,inter_GCD5_GCD5,nid005020,nid005021,5,5,inter_node,nic_local,NA,6,2,0.15
eessi,0,inter_GCD5_GCD5,nid005020,nid005021,5,5,inter_node,nic_local,NA,6,4,0.30
eessi,0,inter_GCD5_GCD5,nid005020,nid005021,5,5,inter_node,nic_local,NA,6,8,0.59
eessi,0,inter_GCD5_GCD5,nid005020,nid005021,5,5,inter_node,nic_local,NA,6,16,1.19
eessi,0,inter_GCD5_GCD5,nid005020,nid005021,5,5,inter_node,nic_local,NA,6,32,2.37
eessi,0,inter_GCD5_GCD5,nid005020,nid005021,5,5,inter_node,nic_local,NA,6,64,4.75
eessi,0,inter_GCD5_GCD5,nid005020,nid005021,5,5,inter_node,nic_local,NA,6,128,9.49
eessi,0,inter_GCD5_GCD5,nid005020,nid005021,5,5,inter_node,nic_local,NA,6,256,330.36
eessi,0,inter_GCD5_GCD5,nid005020,nid005021,5,5,inter_node,nic_local,NA,6,512,662.45
eessi,0,inter_GCD5_GCD5,nid005020,nid005021,5,5,inter_node,nic_local,NA,6,1024,1287.16
eessi,0,inter_GCD5_GCD5,nid005020,nid005021,5,5,inter_node,nic_local,NA,6,2048,2654.63
eessi,0,inter_GCD5_GCD5,nid005020,nid005021,5,5,inter_node,nic_local,NA,6,4096,5285.32
eessi,0,inter_GCD5_GCD5,nid005020,nid005021,5,5,inter_node,nic_local,NA,6,8192,9736.79
eessi,0,inter_GCD5_GCD5,nid005020,nid005021,5,5,inter_node,nic_local,NA,6,16384,15743.38
eessi,0,inter_GCD5_GCD5,nid005020,nid005021,5,5,inter_node,nic_local,NA,6,32768,19155.87
eessi,0,inter_GCD5_GCD5,nid005020,nid005021,5,5,inter_node,nic_local,NA,6,65536,21418.29
eessi,0,inter_GCD5_GCD5,nid005020,nid005021,5,5,inter_node,nic_local,NA,6,131072,22476.38
eessi,0,inter_GCD5_GCD5,nid005020,nid005021,5,5,inter_node,nic_local,NA,6,262144,23498.92
eessi,0,inter_GCD5_GCD5,nid005020,nid005021,5,5,inter_node,nic_local,NA,6,524288,23886.31
eessi,0,inter_GCD5_GCD5,nid005020,nid005021,5,5,inter_node,nic_local,NA,6,1048576,24088.09
eessi,0,inter_GCD5_GCD5,nid005020,nid005021,5,5,inter_node,nic_local,NA,6,2097152,24188.85
eessi,0,inter_GCD5_GCD5,nid005020,nid005021,5,5,inter_node,nic_local,NA,6,4194304,24240.30
eessi,0,inter_GCD5_GCD5,nid005020,nid005021,5,5,inter_node,nic_local,NA,6,8388608,24266.01
eessi,0,inter_GCD5_GCD5,nid005020,nid005021,5,5,inter_node,nic_local,NA,6,16777216,24278.91
eessi,0,inter_GCD5_GCD5,nid005020,nid005021,5,5,inter_node,nic_local,NA,6,33554432,24285.32
eessi,0,inter_GCD5_GCD5,nid005020,nid005021,5,5,inter_node,nic_local,NA,6,67108864,24288.54
eessi,0,inter_GCD7_GCD7,nid005020,nid005021,7,7,inter_node,nic_local,NA,2,1,0.07
eessi,0,inter_GCD7_GCD7,nid005020,nid005021,7,7,inter_node,nic_local,NA,2,2,0.14
eessi,0,inter_GCD7_GCD7,nid005020,nid005021,7,7,inter_node,nic_local,NA,2,4,0.28
eessi,0,inter_GCD7_GCD7,nid005020,nid005021,7,7,inter_node,nic_local,NA,2,8,0.55
eessi,0,inter_GCD7_GCD7,nid005020,nid005021,7,7,inter_node,nic_local,NA,2,16,1.11
eessi,0,inter_GCD7_GCD7,nid005020,nid005021,7,7,inter_node,nic_local,NA,2,32,2.22
eessi,0,inter_GCD7_GCD7,nid005020,nid005021,7,7,inter_node,nic_local,NA,2,64,4.43
eessi,0,inter_GCD7_GCD7,nid005020,nid005021,7,7,inter_node,nic_local,NA,2,128,8.86
eessi,0,inter_GCD7_GCD7,nid005020,nid005021,7,7,inter_node,nic_local,NA,2,256,324.59
eessi,0,inter_GCD7_GCD7,nid005020,nid005021,7,7,inter_node,nic_local,NA,2,512,649.49
eessi,0,inter_GCD7_GCD7,nid005020,nid005021,7,7,inter_node,nic_local,NA,2,1024,1297.55
eessi,0,inter_GCD7_GCD7,nid005020,nid005021,7,7,inter_node,nic_local,NA,2,2048,2605.07
eessi,0,inter_GCD7_GCD7,nid005020,nid005021,7,7,inter_node,nic_local,NA,2,4096,5144.17
eessi,0,inter_GCD7_GCD7,nid005020,nid005021,7,7,inter_node,nic_local,NA,2,8192,9555.01
eessi,0,inter_GCD7_GCD7,nid005020,nid005021,7,7,inter_node,nic_local,NA,2,16384,15186.56
eessi,0,inter_GCD7_GCD7,nid005020,nid005021,7,7,inter_node,nic_local,NA,2,32768,18991.44
eessi,0,inter_GCD7_GCD7,nid005020,nid005021,7,7,inter_node,nic_local,NA,2,65536,21317.93
eessi,0,inter_GCD7_GCD7,nid005020,nid005021,7,7,inter_node,nic_local,NA,2,131072,22409.39
eessi,0,inter_GCD7_GCD7,nid005020,nid005021,7,7,inter_node,nic_local,NA,2,262144,23468.30
eessi,0,inter_GCD7_GCD7,nid005020,nid005021,7,7,inter_node,nic_local,NA,2,524288,23701.63
eessi,0,inter_GCD7_GCD7,nid005020,nid005021,7,7,inter_node,nic_local,NA,2,1048576,24080.80
eessi,0,inter_GCD7_GCD7,nid005020,nid005021,7,7,inter_node,nic_local,NA,2,2097152,24184.81
eessi,0,inter_GCD7_GCD7,nid005020,nid005021,7,7,inter_node,nic_local,NA,2,4194304,24238.29
eessi,0,inter_GCD7_GCD7,nid005020,nid005021,7,7,inter_node,nic_local,NA,2,8388608,24264.83
eessi,0,inter_GCD7_GCD7,nid005020,nid005021,7,7,inter_node,nic_local,NA,2,16777216,24278.29
eessi,0,inter_GCD7_GCD7,nid005020,nid005021,7,7,inter_node,nic_local,NA,2,33554432,24285.06
eessi,0,inter_GCD7_GCD7,nid005020,nid005021,7,7,inter_node,nic_local,NA,2,67108864,24288.44
