stack,sdma_enabled,pair_label,node_a,node_b,gcd_a,gcd_b,hop_class,nic_class,run,size_bytes,bandwidth_MBps
eessi,0,inter_GCD0_GCD0,nid005014,nid005015,0,0,inter_node,nic_via_xgmi,2,1,0.13
eessi,0,inter_GCD0_GCD0,nid005014,nid005015,0,0,inter_node,nic_via_xgmi,2,2,0.26
eessi,0,inter_GCD0_GCD0,nid005014,nid005015,0,0,inter_node,nic_via_xgmi,2,4,0.52
eessi,0,inter_GCD0_GCD0,nid005014,nid005015,0,0,inter_node,nic_via_xgmi,2,8,1.03
eessi,0,inter_GCD0_GCD0,nid005014,nid005015,0,0,inter_node,nic_via_xgmi,2,16,2.07
eessi,0,inter_GCD0_GCD0,nid005014,nid005015,0,0,inter_node,nic_via_xgmi,2,32,4.16
eessi,0,inter_GCD0_GCD0,nid005014,nid005015,0,0,inter_node,nic_via_xgmi,2,64,8.31
eessi,0,inter_GCD0_GCD0,nid005014,nid005015,0,0,inter_node,nic_via_xgmi,2,128,16.54
eessi,0,inter_GCD0_GCD0,nid005014,nid005015,0,0,inter_node,nic_via_xgmi,2,256,511.97
eessi,0,inter_GCD0_GCD0,nid005014,nid005015,0,0,inter_node,nic_via_xgmi,2,512,1021.70
eessi,0,inter_GCD0_GCD0,nid005014,nid005015,0,0,inter_node,nic_via_xgmi,2,1024,2043.40
eessi,0,inter_GCD0_GCD0,nid005014,nid005015,0,0,inter_node,nic_via_xgmi,2,2048,4095.83
eessi,0,inter_GCD0_GCD0,nid005014,nid005015,0,0,inter_node,nic_via_xgmi,2,4096,8183.34
eessi,0,inter_GCD0_GCD0,nid005014,nid005015,0,0,inter_node,nic_via_xgmi,2,8192,13549.94
eessi,0,inter_GCD0_GCD0,nid005014,nid005015,0,0,inter_node,nic_via_xgmi,2,16384,21088.60
eessi,0,inter_GCD0_GCD0,nid005014,nid005015,0,0,inter_node,nic_via_xgmi,2,32768,28191.56
eessi,0,inter_GCD0_GCD0,nid005014,nid005015,0,0,inter_node,nic_via_xgmi,2,65536,36858.18
eessi,0,inter_GCD0_GCD0,nid005014,nid005015,0,0,inter_node,nic_via_xgmi,2,131072,40439.39
eessi,0,inter_GCD0_GCD0,nid005014,nid005015,0,0,inter_node,nic_via_xgmi,2,262144,41398.30
eessi,0,inter_GCD0_GCD0,nid005014,nid005015,0,0,inter_node,nic_via_xgmi,2,524288,42745.14
eessi,0,inter_GCD0_GCD0,nid005014,nid005015,0,0,inter_node,nic_via_xgmi,2,1048576,43359.96
eessi,0,inter_GCD0_GCD0,nid005014,nid005015,0,0,inter_node,nic_via_xgmi,3,1,0.13
eessi,0,inter_GCD0_GCD0,nid005014,nid005015,0,0,inter_node,nic_via_xgmi,3,2,0.25
eessi,0,inter_GCD0_GCD0,nid005014,nid005015,0,0,inter_node,nic_via_xgmi,3,4,0.49
eessi,0,inter_GCD0_GCD0,nid005014,nid005015,0,0,inter_node,nic_via_xgmi,3,8,0.99
eessi,0,inter_GCD0_GCD0,nid005014,nid005015,0,0,inter_node,nic_via_xgmi,3,16,1.98
eessi,0,inter_GCD0_GCD0,nid005014,nid005015,0,0,inter_node,nic_via_xgmi,3,32,3.97
eessi,0,inter_GCD0_GCD0,nid005014,nid005015,0,0,inter_node,nic_via_xgmi,3,64,7.95
eessi,0,inter_GCD0_GCD0,nid005014,nid005015,0,0,inter_node,nic_via_xgmi,3,128,15.86
eessi,0,inter_GCD0_GCD0,nid005014,nid005015,0,0,inter_node,nic_via_xgmi,3,256,507.61
eessi,0,inter_GCD0_GCD0,nid005014,nid005015,0,0,inter_node,nic_via_xgmi,3,512,1007.59
eessi,0,inter_GCD0_GCD0,nid005014,nid005015,0,0,inter_node,nic_via_xgmi,3,1024,2043.78
eessi,0,inter_GCD0_GCD0,nid005014,nid005015,0,0,inter_node,nic_via_xgmi,3,2048,4082.85
eessi,0,inter_GCD0_GCD0,nid005014,nid005015,0,0,inter_node,nic_via_xgmi,3,4096,8155.29
eessi,0,inter_GCD0_GCD0,nid005014,nid005015,0,0,inter_node,nic_via_xgmi,3,8192,13586.07
eessi,0,inter_GCD0_GCD0,nid005014,nid005015,0,0,inter_node,nic_via_xgmi,3,16384,21068.37
eessi,0,inter_GCD0_GCD0,nid005014,nid005015,0,0,inter_node,nic_via_xgmi,3,32768,28944.01
eessi,0,inter_GCD0_GCD0,nid005014,nid005015,0,0,inter_node,nic_via_xgmi,3,65536,36842.15
eessi,0,inter_GCD0_GCD0,nid005014,nid005015,0,0,inter_node,nic_via_xgmi,3,131072,40489.47
eessi,0,inter_GCD0_GCD0,nid005014,nid005015,0,0,inter_node,nic_via_xgmi,3,262144,41153.01
eessi,0,inter_GCD0_GCD0,nid005014,nid005015,0,0,inter_node,nic_via_xgmi,3,524288,42546.26
eessi,0,inter_GCD0_GCD0,nid005014,nid005015,0,0,inter_node,nic_via_xgmi,3,1048576,43456.79
eessi,0,inter_GCD0_GCD0,nid005014,nid005015,0,0,inter_node,nic_via_xgmi,4,1,0.13
eessi,0,inter_GCD0_GCD0,nid005014,nid005015,0,0,inter_node,nic_via_xgmi,4,2,0.26
eessi,0,inter_GCD0_GCD0,nid005014,nid005015,0,0,inter_node,nic_via_xgmi,4,4,0.52
eessi,0,inter_GCD0_GCD0,nid005014,nid005015,0,0,inter_node,nic_via_xgmi,4,8,1.04
eessi,0,inter_GCD0_GCD0,nid005014,nid005015,0,0,inter_node,nic_via_xgmi,4,16,2.08
eessi,0,inter_GCD0_GCD0,nid005014,nid005015,0,0,inter_node,nic_via_xgmi,4,32,4.17
eessi,0,inter_GCD0_GCD0,nid005014,nid005015,0,0,inter_node,nic_via_xgmi,4,64,8.37
eessi,0,inter_GCD0_GCD0,nid005014,nid005015,0,0,inter_node,nic_via_xgmi,4,128,16.68
eessi,0,inter_GCD0_GCD0,nid005014,nid005015,0,0,inter_node,nic_via_xgmi,4,256,511.28
eessi,0,inter_GCD0_GCD0,nid005014,nid005015,0,0,inter_node,nic_via_xgmi,4,512,1021.11
eessi,0,inter_GCD0_GCD0,nid005014,nid005015,0,0,inter_node,nic_via_xgmi,4,1024,2036.99
eessi,0,inter_GCD0_GCD0,nid005014,nid005015,0,0,inter_node,nic_via_xgmi,4,2048,4004.82
eessi,0,inter_GCD0_GCD0,nid005014,nid005015,0,0,inter_node,nic_via_xgmi,4,4096,8157.01
eessi,0,inter_GCD0_GCD0,nid005014,nid005015,0,0,inter_node,nic_via_xgmi,4,8192,13634.36
eessi,0,inter_GCD0_GCD0,nid005014,nid005015,0,0,inter_node,nic_via_xgmi,4,16384,20518.47
eessi,0,inter_GCD0_GCD0,nid005014,nid005015,0,0,inter_node,nic_via_xgmi,4,32768,27968.78
eessi,0,inter_GCD0_GCD0,nid005014,nid005015,0,0,inter_node,nic_via_xgmi,4,65536,36803.84
eessi,0,inter_GCD0_GCD0,nid005014,nid005015,0,0,inter_node,nic_via_xgmi,4,131072,40253.53
eessi,0,inter_GCD0_GCD0,nid005014,nid005015,0,0,inter_node,nic_via_xgmi,4,262144,40985.52
eessi,0,inter_GCD0_GCD0,nid005014,nid005015,0,0,inter_node,nic_via_xgmi,4,524288,42395.99
eessi,0,inter_GCD0_GCD0,nid005014,nid005015,0,0,inter_node,nic_via_xgmi,4,1048576,42813.53
eessi,0,inter_GCD0_GCD0,nid005014,nid005015,0,0,inter_node,nic_via_xgmi,5,1,0.13
eessi,0,inter_GCD0_GCD0,nid005014,nid005015,0,0,inter_node,nic_via_xgmi,5,2,0.26
eessi,0,inter_GCD0_GCD0,nid005014,nid005015,0,0,inter_node,nic_via_xgmi,5,4,0.52
eessi,0,inter_GCD0_GCD0,nid005014,nid005015,0,0,inter_node,nic_via_xgmi,5,8,1.03
eessi,0,inter_GCD0_GCD0,nid005014,nid005015,0,0,inter_node,nic_via_xgmi,5,16,2.07
eessi,0,inter_GCD0_GCD0,nid005014,nid005015,0,0,inter_node,nic_via_xgmi,5,32,4.13
eessi,0,inter_GCD0_GCD0,nid005014,nid005015,0,0,inter_node,nic_via_xgmi,5,64,8.28
eessi,0,inter_GCD0_GCD0,nid005014,nid005015,0,0,inter_node,nic_via_xgmi,5,128,16.43
eessi,0,inter_GCD0_GCD0,nid005014,nid005015,0,0,inter_node,nic_via_xgmi,5,256,510.92
eessi,0,inter_GCD0_GCD0,nid005014,nid005015,0,0,inter_node,nic_via_xgmi,5,512,1021.45
eessi,0,inter_GCD0_GCD0,nid005014,nid005015,0,0,inter_node,nic_via_xgmi,5,1024,2043.88
eessi,0,inter_GCD0_GCD0,nid005014,nid005015,0,0,inter_node,nic_via_xgmi,5,2048,4090.07
eessi,0,inter_GCD0_GCD0,nid005014,nid005015,0,0,inter_node,nic_via_xgmi,5,4096,8032.21
eessi,0,inter_GCD0_GCD0,nid005014,nid005015,0,0,inter_node,nic_via_xgmi,5,8192,13456.97
eessi,0,inter_GCD0_GCD0,nid005014,nid005015,0,0,inter_node,nic_via_xgmi,5,16384,19654.45
eessi,0,inter_GCD0_GCD0,nid005014,nid005015,0,0,inter_node,nic_via_xgmi,5,32768,26492.63
eessi,0,inter_GCD0_GCD0,nid005014,nid005015,0,0,inter_node,nic_via_xgmi,5,65536,32017.25
eessi,0,inter_GCD0_GCD0,nid005014,nid005015,0,0,inter_node,nic_via_xgmi,5,131072,35539.47
eessi,0,inter_GCD0_GCD0,nid005014,nid005015,0,0,inter_node,nic_via_xgmi,5,262144,34374.19
eessi,0,inter_GCD0_GCD0,nid005014,nid005015,0,0,inter_node,nic_via_xgmi,5,524288,34353.19
eessi,0,inter_GCD0_GCD0,nid005014,nid005015,0,0,inter_node,nic_via_xgmi,5,1048576,35279.71
eessi,0,inter_GCD0_GCD0,nid005014,nid005015,0,0,inter_node,nic_via_xgmi,6,1,0.13
eessi,0,inter_GCD0_GCD0,nid005014,nid005015,0,0,inter_node,nic_via_xgmi,6,2,0.26
eessi,0,inter_GCD0_GCD0,nid005014,nid005015,0,0,inter_node,nic_via_xgmi,6,4,0.52
eessi,0,inter_GCD0_GCD0,nid005014,nid005015,0,0,inter_node,nic_via_xgmi,6,8,1.01
eessi,0,inter_GCD0_GCD0,nid005014,nid005015,0,0,inter_node,nic_via_xgmi,6,16,1.98
eessi,0,inter_GCD0_GCD0,nid005014,nid005015,0,0,inter_node,nic_via_xgmi,6,32,3.98
eessi,0,inter_GCD0_GCD0,nid005014,nid005015,0,0,inter_node,nic_via_xgmi,6,64,7.94
eessi,0,inter_GCD0_GCD0,nid005014,nid005015,0,0,inter_node,nic_via_xgmi,6,128,15.78
eessi,0,inter_GCD0_GCD0,nid005014,nid005015,0,0,inter_node,nic_via_xgmi,6,256,511.57
eessi,0,inter_GCD0_GCD0,nid005014,nid005015,0,0,inter_node,nic_via_xgmi,6,512,1013.64
eessi,0,inter_GCD0_GCD0,nid005014,nid005015,0,0,inter_node,nic_via_xgmi,6,1024,2043.29
eessi,0,inter_GCD0_GCD0,nid005014,nid005015,0,0,inter_node,nic_via_xgmi,6,2048,4093.67
eessi,0,inter_GCD0_GCD0,nid005014,nid005015,0,0,inter_node,nic_via_xgmi,6,4096,8171.98
eessi,0,inter_GCD0_GCD0,nid005014,nid005015,0,0,inter_node,nic_via_xgmi,6,8192,13593.53
eessi,0,inter_GCD0_GCD0,nid005014,nid005015,0,0,inter_node,nic_via_xgmi,6,16384,20485.20
eessi,0,inter_GCD0_GCD0,nid005014,nid005015,0,0,inter_node,nic_via_xgmi,6,32768,28118.23
eessi,0,inter_GCD0_GCD0,nid005014,nid005015,0,0,inter_node,nic_via_xgmi,6,65536,36982.78
eessi,0,inter_GCD0_GCD0,nid005014,nid005015,0,0,inter_node,nic_via_xgmi,6,131072,40483.72
eessi,0,inter_GCD0_GCD0,nid005014,nid005015,0,0,inter_node,nic_via_xgmi,6,262144,41561.23
eessi,0,inter_GCD0_GCD0,nid005014,nid005015,0,0,inter_node,nic_via_xgmi,6,524288,43259.49
eessi,0,inter_GCD0_GCD0,nid005014,nid005015,0,0,inter_node,nic_via_xgmi,6,1048576,43830.44
eessi,0,inter_GCD2_GCD2,nid005014,nid005015,2,2,inter_node,nic_via_xgmi,2,1,0.14
eessi,0,inter_GCD2_GCD2,nid005014,nid005015,2,2,inter_node,nic_via_xgmi,2,2,0.27
eessi,0,inter_GCD2_GCD2,nid005014,nid005015,2,2,inter_node,nic_via_xgmi,2,4,0.54
eessi,0,inter_GCD2_GCD2,nid005014,nid005015,2,2,inter_node,nic_via_xgmi,2,8,1.08
eessi,0,inter_GCD2_GCD2,nid005014,nid005015,2,2,inter_node,nic_via_xgmi,2,16,2.16
eessi,0,inter_GCD2_GCD2,nid005014,nid005015,2,2,inter_node,nic_via_xgmi,2,32,4.26
eessi,0,inter_GCD2_GCD2,nid005014,nid005015,2,2,inter_node,nic_via_xgmi,2,64,8.63
eessi,0,inter_GCD2_GCD2,nid005014,nid005015,2,2,inter_node,nic_via_xgmi,2,128,17.09
eessi,0,inter_GCD2_GCD2,nid005014,nid005015,2,2,inter_node,nic_via_xgmi,2,256,515.78
eessi,0,inter_GCD2_GCD2,nid005014,nid005015,2,2,inter_node,nic_via_xgmi,2,512,1027.36
eessi,0,inter_GCD2_GCD2,nid005014,nid005015,2,2,inter_node,nic_via_xgmi,2,1024,2047.60
eessi,0,inter_GCD2_GCD2,nid005014,nid005015,2,2,inter_node,nic_via_xgmi,2,2048,4116.41
eessi,0,inter_GCD2_GCD2,nid005014,nid005015,2,2,inter_node,nic_via_xgmi,2,4096,8202.28
eessi,0,inter_GCD2_GCD2,nid005014,nid005015,2,2,inter_node,nic_via_xgmi,2,8192,13427.91
eessi,0,inter_GCD2_GCD2,nid005014,nid005015,2,2,inter_node,nic_via_xgmi,2,16384,20676.15
eessi,0,inter_GCD2_GCD2,nid005014,nid005015,2,2,inter_node,nic_via_xgmi,2,32768,29189.70
eessi,0,inter_GCD2_GCD2,nid005014,nid005015,2,2,inter_node,nic_via_xgmi,2,65536,38091.20
eessi,0,inter_GCD2_GCD2,nid005014,nid005015,2,2,inter_node,nic_via_xgmi,2,131072,42226.41
eessi,0,inter_GCD2_GCD2,nid005014,nid005015,2,2,inter_node,nic_via_xgmi,2,262144,44391.87
eessi,0,inter_GCD2_GCD2,nid005014,nid005015,2,2,inter_node,nic_via_xgmi,2,524288,45520.08
eessi,0,inter_GCD2_GCD2,nid005014,nid005015,2,2,inter_node,nic_via_xgmi,2,1048576,46108.15
eessi,0,inter_GCD2_GCD2,nid005014,nid005015,2,2,inter_node,nic_via_xgmi,3,1,0.14
eessi,0,inter_GCD2_GCD2,nid005014,nid005015,2,2,inter_node,nic_via_xgmi,3,2,0.28
eessi,0,inter_GCD2_GCD2,nid005014,nid005015,2,2,inter_node,nic_via_xgmi,3,4,0.56
eessi,0,inter_GCD2_GCD2,nid005014,nid005015,2,2,inter_node,nic_via_xgmi,3,8,1.12
eessi,0,inter_GCD2_GCD2,nid005014,nid005015,2,2,inter_node,nic_via_xgmi,3,16,2.22
eessi,0,inter_GCD2_GCD2,nid005014,nid005015,2,2,inter_node,nic_via_xgmi,3,32,4.40
eessi,0,inter_GCD2_GCD2,nid005014,nid005015,2,2,inter_node,nic_via_xgmi,3,64,8.78
eessi,0,inter_GCD2_GCD2,nid005014,nid005015,2,2,inter_node,nic_via_xgmi,3,128,17.44
eessi,0,inter_GCD2_GCD2,nid005014,nid005015,2,2,inter_node,nic_via_xgmi,3,256,513.80
eessi,0,inter_GCD2_GCD2,nid005014,nid005015,2,2,inter_node,nic_via_xgmi,3,512,1022.10
eessi,0,inter_GCD2_GCD2,nid005014,nid005015,2,2,inter_node,nic_via_xgmi,3,1024,2044.87
eessi,0,inter_GCD2_GCD2,nid005014,nid005015,2,2,inter_node,nic_via_xgmi,3,2048,4058.75
eessi,0,inter_GCD2_GCD2,nid005014,nid005015,2,2,inter_node,nic_via_xgmi,3,4096,8179.96
eessi,0,inter_GCD2_GCD2,nid005014,nid005015,2,2,inter_node,nic_via_xgmi,3,8192,13360.19
eessi,0,inter_GCD2_GCD2,nid005014,nid005015,2,2,inter_node,nic_via_xgmi,3,16384,20740.83
eessi,0,inter_GCD2_GCD2,nid005014,nid005015,2,2,inter_node,nic_via_xgmi,3,32768,29213.53
eessi,0,inter_GCD2_GCD2,nid005014,nid005015,2,2,inter_node,nic_via_xgmi,3,65536,38192.87
eessi,0,inter_GCD2_GCD2,nid005014,nid005015,2,2,inter_node,nic_via_xgmi,3,131072,42269.34
eessi,0,inter_GCD2_GCD2,nid005014,nid005015,2,2,inter_node,nic_via_xgmi,3,262144,44424.00
eessi,0,inter_GCD2_GCD2,nid005014,nid005015,2,2,inter_node,nic_via_xgmi,3,524288,45533.00
eessi,0,inter_GCD2_GCD2,nid005014,nid005015,2,2,inter_node,nic_via_xgmi,3,1048576,46115.42
eessi,0,inter_GCD2_GCD2,nid005014,nid005015,2,2,inter_node,nic_via_xgmi,4,1,0.14
eessi,0,inter_GCD2_GCD2,nid005014,nid005015,2,2,inter_node,nic_via_xgmi,4,2,0.28
eessi,0,inter_GCD2_GCD2,nid005014,nid005015,2,2,inter_node,nic_via_xgmi,4,4,0.55
eessi,0,inter_GCD2_GCD2,nid005014,nid005015,2,2,inter_node,nic_via_xgmi,4,8,1.08
eessi,0,inter_GCD2_GCD2,nid005014,nid005015,2,2,inter_node,nic_via_xgmi,4,16,2.16
eessi,0,inter_GCD2_GCD2,nid005014,nid005015,2,2,inter_node,nic_via_xgmi,4,32,4.33
eessi,0,inter_GCD2_GCD2,nid005014,nid005015,2,2,inter_node,nic_via_xgmi,4,64,8.63
eessi,0,inter_GCD2_GCD2,nid005014,nid005015,2,2,inter_node,nic_via_xgmi,4,128,17.08
eessi,0,inter_GCD2_GCD2,nid005014,nid005015,2,2,inter_node,nic_via_xgmi,4,256,510.50
eessi,0,inter_GCD2_GCD2,nid005014,nid005015,2,2,inter_node,nic_via_xgmi,4,512,1019.62
eessi,0,inter_GCD2_GCD2,nid005014,nid005015,2,2,inter_node,nic_via_xgmi,4,1024,2042.06
eessi,0,inter_GCD2_GCD2,nid005014,nid005015,2,2,inter_node,nic_via_xgmi,4,2048,4077.47
eessi,0,inter_GCD2_GCD2,nid005014,nid005015,2,2,inter_node,nic_via_xgmi,4,4096,8159.82
eessi,0,inter_GCD2_GCD2,nid005014,nid005015,2,2,inter_node,nic_via_xgmi,4,8192,13392.19
eessi,0,inter_GCD2_GCD2,nid005014,nid005015,2,2,inter_node,nic_via_xgmi,4,16384,20618.73
eessi,0,inter_GCD2_GCD2,nid005014,nid005015,2,2,inter_node,nic_via_xgmi,4,32768,29161.20
eessi,0,inter_GCD2_GCD2,nid005014,nid005015,2,2,inter_node,nic_via_xgmi,4,65536,37953.66
eessi,0,inter_GCD2_GCD2,nid005014,nid005015,2,2,inter_node,nic_via_xgmi,4,131072,42205.65
eessi,0,inter_GCD2_GCD2,nid005014,nid005015,2,2,inter_node,nic_via_xgmi,4,262144,44385.12
eessi,0,inter_GCD2_GCD2,nid005014,nid005015,2,2,inter_node,nic_via_xgmi,4,524288,45506.68
eessi,0,inter_GCD2_GCD2,nid005014,nid005015,2,2,inter_node,nic_via_xgmi,4,1048576,46112.34
eessi,0,inter_GCD2_GCD2,nid005014,nid005015,2,2,inter_node,nic_via_xgmi,5,1,0.14
eessi,0,inter_GCD2_GCD2,nid005014,nid005015,2,2,inter_node,nic_via_xgmi,5,2,0.28
eessi,0,inter_GCD2_GCD2,nid005014,nid005015,2,2,inter_node,nic_via_xgmi,5,4,0.56
eessi,0,inter_GCD2_GCD2,nid005014,nid005015,2,2,inter_node,nic_via_xgmi,5,8,1.12
eessi,0,inter_GCD2_GCD2,nid005014,nid005015,2,2,inter_node,nic_via_xgmi,5,16,2.21
eessi,0,inter_GCD2_GCD2,nid005014,nid005015,2,2,inter_node,nic_via_xgmi,5,32,4.35
eessi,0,inter_GCD2_GCD2,nid005014,nid005015,2,2,inter_node,nic_via_xgmi,5,64,8.66
eessi,0,inter_GCD2_GCD2,nid005014,nid005015,2,2,inter_node,nic_via_xgmi,5,128,17.22
eessi,0,inter_GCD2_GCD2,nid005014,nid005015,2,2,inter_node,nic_via_xgmi,5,256,513.85
eessi,0,inter_GCD2_GCD2,nid005014,nid005015,2,2,inter_node,nic_via_xgmi,5,512,1027.26
eessi,0,inter_GCD2_GCD2,nid005014,nid005015,2,2,inter_node,nic_via_xgmi,5,1024,2050.26
eessi,0,inter_GCD2_GCD2,nid005014,nid005015,2,2,inter_node,nic_via_xgmi,5,2048,4096.84
eessi,0,inter_GCD2_GCD2,nid005014,nid005015,2,2,inter_node,nic_via_xgmi,5,4096,8200.96
eessi,0,inter_GCD2_GCD2,nid005014,nid005015,2,2,inter_node,nic_via_xgmi,5,8192,13350.04
eessi,0,inter_GCD2_GCD2,nid005014,nid005015,2,2,inter_node,nic_via_xgmi,5,16384,20850.93
eessi,0,inter_GCD2_GCD2,nid005014,nid005015,2,2,inter_node,nic_via_xgmi,5,32768,28991.64
eessi,0,inter_GCD2_GCD2,nid005014,nid005015,2,2,inter_node,nic_via_xgmi,5,65536,38119.36
eessi,0,inter_GCD2_GCD2,nid005014,nid005015,2,2,inter_node,nic_via_xgmi,5,131072,42218.56
eessi,0,inter_GCD2_GCD2,nid005014,nid005015,2,2,inter_node,nic_via_xgmi,5,262144,44360.97
eessi,0,inter_GCD2_GCD2,nid005014,nid005015,2,2,inter_node,nic_via_xgmi,5,524288,45508.45
eessi,0,inter_GCD2_GCD2,nid005014,nid005015,2,2,inter_node,nic_via_xgmi,5,1048576,46103.86
eessi,0,inter_GCD2_GCD2,nid005014,nid005015,2,2,inter_node,nic_via_xgmi,6,1,0.14
eessi,0,inter_GCD2_GCD2,nid005014,nid005015,2,2,inter_node,nic_via_xgmi,6,2,0.28
eessi,0,inter_GCD2_GCD2,nid005014,nid005015,2,2,inter_node,nic_via_xgmi,6,4,0.57
eessi,0,inter_GCD2_GCD2,nid005014,nid005015,2,2,inter_node,nic_via_xgmi,6,8,1.13
eessi,0,inter_GCD2_GCD2,nid005014,nid005015,2,2,inter_node,nic_via_xgmi,6,16,2.27
eessi,0,inter_GCD2_GCD2,nid005014,nid005015,2,2,inter_node,nic_via_xgmi,6,32,4.52
eessi,0,inter_GCD2_GCD2,nid005014,nid005015,2,2,inter_node,nic_via_xgmi,6,64,9.06
eessi,0,inter_GCD2_GCD2,nid005014,nid005015,2,2,inter_node,nic_via_xgmi,6,128,17.71
eessi,0,inter_GCD2_GCD2,nid005014,nid005015,2,2,inter_node,nic_via_xgmi,6,256,509.32
eessi,0,inter_GCD2_GCD2,nid005014,nid005015,2,2,inter_node,nic_via_xgmi,6,512,1017.13
eessi,0,inter_GCD2_GCD2,nid005014,nid005015,2,2,inter_node,nic_via_xgmi,6,1024,2038.95
eessi,0,inter_GCD2_GCD2,nid005014,nid005015,2,2,inter_node,nic_via_xgmi,6,2048,4005.09
eessi,0,inter_GCD2_GCD2,nid005014,nid005015,2,2,inter_node,nic_via_xgmi,6,4096,8145.40
eessi,0,inter_GCD2_GCD2,nid005014,nid005015,2,2,inter_node,nic_via_xgmi,6,8192,13313.87
eessi,0,inter_GCD2_GCD2,nid005014,nid005015,2,2,inter_node,nic_via_xgmi,6,16384,20896.88
eessi,0,inter_GCD2_GCD2,nid005014,nid005015,2,2,inter_node,nic_via_xgmi,6,32768,28850.67
eessi,0,inter_GCD2_GCD2,nid005014,nid005015,2,2,inter_node,nic_via_xgmi,6,65536,38078.25
eessi,0,inter_GCD2_GCD2,nid005014,nid005015,2,2,inter_node,nic_via_xgmi,6,131072,42230.28
eessi,0,inter_GCD2_GCD2,nid005014,nid005015,2,2,inter_node,nic_via_xgmi,6,262144,44393.52
eessi,0,inter_GCD2_GCD2,nid005014,nid005015,2,2,inter_node,nic_via_xgmi,6,524288,45512.01
eessi,0,inter_GCD2_GCD2,nid005014,nid005015,2,2,inter_node,nic_via_xgmi,6,1048576,46098.34
eessi,0,inter_GCD4_GCD4,nid005014,nid005015,4,4,inter_node,nic_via_xgmi,2,1,0.14
eessi,0,inter_GCD4_GCD4,nid005014,nid005015,4,4,inter_node,nic_via_xgmi,2,2,0.29
eessi,0,inter_GCD4_GCD4,nid005014,nid005015,4,4,inter_node,nic_via_xgmi,2,4,0.58
eessi,0,inter_GCD4_GCD4,nid005014,nid005015,4,4,inter_node,nic_via_xgmi,2,8,1.16
eessi,0,inter_GCD4_GCD4,nid005014,nid005015,4,4,inter_node,nic_via_xgmi,2,16,2.30
eessi,0,inter_GCD4_GCD4,nid005014,nid005015,4,4,inter_node,nic_via_xgmi,2,32,4.61
eessi,0,inter_GCD4_GCD4,nid005014,nid005015,4,4,inter_node,nic_via_xgmi,2,64,9.16
eessi,0,inter_GCD4_GCD4,nid005014,nid005015,4,4,inter_node,nic_via_xgmi,2,128,18.38
eessi,0,inter_GCD4_GCD4,nid005014,nid005015,4,4,inter_node,nic_via_xgmi,2,256,516.69
eessi,0,inter_GCD4_GCD4,nid005014,nid005015,4,4,inter_node,nic_via_xgmi,2,512,1033.01
eessi,0,inter_GCD4_GCD4,nid005014,nid005015,4,4,inter_node,nic_via_xgmi,2,1024,2052.97
eessi,0,inter_GCD4_GCD4,nid005014,nid005015,4,4,inter_node,nic_via_xgmi,2,2048,4135.67
eessi,0,inter_GCD4_GCD4,nid005014,nid005015,4,4,inter_node,nic_via_xgmi,2,4096,8257.22
eessi,0,inter_GCD4_GCD4,nid005014,nid005015,4,4,inter_node,nic_via_xgmi,2,8192,14966.17
eessi,0,inter_GCD4_GCD4,nid005014,nid005015,4,4,inter_node,nic_via_xgmi,2,16384,24493.62
eessi,0,inter_GCD4_GCD4,nid005014,nid005015,4,4,inter_node,nic_via_xgmi,2,32768,32926.93
eessi,0,inter_GCD4_GCD4,nid005014,nid005015,4,4,inter_node,nic_via_xgmi,2,65536,38668.85
eessi,0,inter_GCD4_GCD4,nid005014,nid005015,4,4,inter_node,nic_via_xgmi,2,131072,42247.67
eessi,0,inter_GCD4_GCD4,nid005014,nid005015,4,4,inter_node,nic_via_xgmi,2,262144,44389.87
eessi,0,inter_GCD4_GCD4,nid005014,nid005015,4,4,inter_node,nic_via_xgmi,2,524288,45519.74
eessi,0,inter_GCD4_GCD4,nid005014,nid005015,4,4,inter_node,nic_via_xgmi,2,1048576,46108.71
eessi,0,inter_GCD4_GCD4,nid005014,nid005015,4,4,inter_node,nic_via_xgmi,3,1,0.14
eessi,0,inter_GCD4_GCD4,nid005014,nid005015,4,4,inter_node,nic_via_xgmi,3,2,0.29
eessi,0,inter_GCD4_GCD4,nid005014,nid005015,4,4,inter_node,nic_via_xgmi,3,4,0.57
eessi,0,inter_GCD4_GCD4,nid005014,nid005015,4,4,inter_node,nic_via_xgmi,3,8,1.15
eessi,0,inter_GCD4_GCD4,nid005014,nid005015,4,4,inter_node,nic_via_xgmi,3,16,2.28
eessi,0,inter_GCD4_GCD4,nid005014,nid005015,4,4,inter_node,nic_via_xgmi,3,32,4.61
eessi,0,inter_GCD4_GCD4,nid005014,nid005015,4,4,inter_node,nic_via_xgmi,3,64,9.17
eessi,0,inter_GCD4_GCD4,nid005014,nid005015,4,4,inter_node,nic_via_xgmi,3,128,18.31
eessi,0,inter_GCD4_GCD4,nid005014,nid005015,4,4,inter_node,nic_via_xgmi,3,256,512.72
eessi,0,inter_GCD4_GCD4,nid005014,nid005015,4,4,inter_node,nic_via_xgmi,3,512,1025.27
eessi,0,inter_GCD4_GCD4,nid005014,nid005015,4,4,inter_node,nic_via_xgmi,3,1024,2034.15
eessi,0,inter_GCD4_GCD4,nid005014,nid005015,4,4,inter_node,nic_via_xgmi,3,2048,4101.90
eessi,0,inter_GCD4_GCD4,nid005014,nid005015,4,4,inter_node,nic_via_xgmi,3,4096,8188.92
eessi,0,inter_GCD4_GCD4,nid005014,nid005015,4,4,inter_node,nic_via_xgmi,3,8192,14869.76
eessi,0,inter_GCD4_GCD4,nid005014,nid005015,4,4,inter_node,nic_via_xgmi,3,16384,24636.37
eessi,0,inter_GCD4_GCD4,nid005014,nid005015,4,4,inter_node,nic_via_xgmi,3,32768,32936.42
eessi,0,inter_GCD4_GCD4,nid005014,nid005015,4,4,inter_node,nic_via_xgmi,3,65536,38689.74
eessi,0,inter_GCD4_GCD4,nid005014,nid005015,4,4,inter_node,nic_via_xgmi,3,131072,42252.55
eessi,0,inter_GCD4_GCD4,nid005014,nid005015,4,4,inter_node,nic_via_xgmi,3,262144,44393.45
eessi,0,inter_GCD4_GCD4,nid005014,nid005015,4,4,inter_node,nic_via_xgmi,3,524288,45509.12
eessi,0,inter_GCD4_GCD4,nid005014,nid005015,4,4,inter_node,nic_via_xgmi,3,1048576,46101.11
eessi,0,inter_GCD4_GCD4,nid005014,nid005015,4,4,inter_node,nic_via_xgmi,4,1,0.14
eessi,0,inter_GCD4_GCD4,nid005014,nid005015,4,4,inter_node,nic_via_xgmi,4,2,0.28
eessi,0,inter_GCD4_GCD4,nid005014,nid005015,4,4,inter_node,nic_via_xgmi,4,4,0.56
eessi,0,inter_GCD4_GCD4,nid005014,nid005015,4,4,inter_node,nic_via_xgmi,4,8,1.12
eessi,0,inter_GCD4_GCD4,nid005014,nid005015,4,4,inter_node,nic_via_xgmi,4,16,2.24
eessi,0,inter_GCD4_GCD4,nid005014,nid005015,4,4,inter_node,nic_via_xgmi,4,32,4.49
eessi,0,inter_GCD4_GCD4,nid005014,nid005015,4,4,inter_node,nic_via_xgmi,4,64,8.97
eessi,0,inter_GCD4_GCD4,nid005014,nid005015,4,4,inter_node,nic_via_xgmi,4,128,17.84
eessi,0,inter_GCD4_GCD4,nid005014,nid005015,4,4,inter_node,nic_via_xgmi,4,256,513.32
eessi,0,inter_GCD4_GCD4,nid005014,nid005015,4,4,inter_node,nic_via_xgmi,4,512,1024.10
eessi,0,inter_GCD4_GCD4,nid005014,nid005015,4,4,inter_node,nic_via_xgmi,4,1024,2045.68
eessi,0,inter_GCD4_GCD4,nid005014,nid005015,4,4,inter_node,nic_via_xgmi,4,2048,4091.09
eessi,0,inter_GCD4_GCD4,nid005014,nid005015,4,4,inter_node,nic_via_xgmi,4,4096,8187.77
eessi,0,inter_GCD4_GCD4,nid005014,nid005015,4,4,inter_node,nic_via_xgmi,4,8192,14865.07
eessi,0,inter_GCD4_GCD4,nid005014,nid005015,4,4,inter_node,nic_via_xgmi,4,16384,24278.86
eessi,0,inter_GCD4_GCD4,nid005014,nid005015,4,4,inter_node,nic_via_xgmi,4,32768,32623.92
eessi,0,inter_GCD4_GCD4,nid005014,nid005015,4,4,inter_node,nic_via_xgmi,4,65536,38620.57
eessi,0,inter_GCD4_GCD4,nid005014,nid005015,4,4,inter_node,nic_via_xgmi,4,131072,42224.57
eessi,0,inter_GCD4_GCD4,nid005014,nid005015,4,4,inter_node,nic_via_xgmi,4,262144,44366.76
eessi,0,inter_GCD4_GCD4,nid005014,nid005015,4,4,inter_node,nic_via_xgmi,4,524288,45512.60
eessi,0,inter_GCD4_GCD4,nid005014,nid005015,4,4,inter_node,nic_via_xgmi,4,1048576,46105.54
eessi,0,inter_GCD4_GCD4,nid005014,nid005015,4,4,inter_node,nic_via_xgmi,5,1,0.14
eessi,0,inter_GCD4_GCD4,nid005014,nid005015,4,4,inter_node,nic_via_xgmi,5,2,0.28
eessi,0,inter_GCD4_GCD4,nid005014,nid005015,4,4,inter_node,nic_via_xgmi,5,4,0.57
eessi,0,inter_GCD4_GCD4,nid005014,nid005015,4,4,inter_node,nic_via_xgmi,5,8,1.14
eessi,0,inter_GCD4_GCD4,nid005014,nid005015,4,4,inter_node,nic_via_xgmi,5,16,2.27
eessi,0,inter_GCD4_GCD4,nid005014,nid005015,4,4,inter_node,nic_via_xgmi,5,32,4.53
eessi,0,inter_GCD4_GCD4,nid005014,nid005015,4,4,inter_node,nic_via_xgmi,5,64,9.03
eessi,0,inter_GCD4_GCD4,nid005014,nid005015,4,4,inter_node,nic_via_xgmi,5,128,18.07
eessi,0,inter_GCD4_GCD4,nid005014,nid005015,4,4,inter_node,nic_via_xgmi,5,256,517.33
eessi,0,inter_GCD4_GCD4,nid005014,nid005015,4,4,inter_node,nic_via_xgmi,5,512,1033.97
eessi,0,inter_GCD4_GCD4,nid005014,nid005015,4,4,inter_node,nic_via_xgmi,5,1024,2066.84
eessi,0,inter_GCD4_GCD4,nid005014,nid005015,4,4,inter_node,nic_via_xgmi,5,2048,4130.95
eessi,0,inter_GCD4_GCD4,nid005014,nid005015,4,4,inter_node,nic_via_xgmi,5,4096,8264.22
eessi,0,inter_GCD4_GCD4,nid005014,nid005015,4,4,inter_node,nic_via_xgmi,5,8192,14952.13
eessi,0,inter_GCD4_GCD4,nid005014,nid005015,4,4,inter_node,nic_via_xgmi,5,16384,24563.73
eessi,0,inter_GCD4_GCD4,nid005014,nid005015,4,4,inter_node,nic_via_xgmi,5,32768,33042.20
eessi,0,inter_GCD4_GCD4,nid005014,nid005015,4,4,inter_node,nic_via_xgmi,5,65536,38750.39
eessi,0,inter_GCD4_GCD4,nid005014,nid005015,4,4,inter_node,nic_via_xgmi,5,131072,42279.62
eessi,0,inter_GCD4_GCD4,nid005014,nid005015,4,4,inter_node,nic_via_xgmi,5,262144,44418.75
eessi,0,inter_GCD4_GCD4,nid005014,nid005015,4,4,inter_node,nic_via_xgmi,5,524288,45537.09
eessi,0,inter_GCD4_GCD4,nid005014,nid005015,4,4,inter_node,nic_via_xgmi,5,1048576,46109.55
eessi,0,inter_GCD4_GCD4,nid005014,nid005015,4,4,inter_node,nic_via_xgmi,6,1,0.14
eessi,0,inter_GCD4_GCD4,nid005014,nid005015,4,4,inter_node,nic_via_xgmi,6,2,0.28
eessi,0,inter_GCD4_GCD4,nid005014,nid005015,4,4,inter_node,nic_via_xgmi,6,4,0.57
eessi,0,inter_GCD4_GCD4,nid005014,nid005015,4,4,inter_node,nic_via_xgmi,6,8,1.14
eessi,0,inter_GCD4_GCD4,nid005014,nid005015,4,4,inter_node,nic_via_xgmi,6,16,2.27
eessi,0,inter_GCD4_GCD4,nid005014,nid005015,4,4,inter_node,nic_via_xgmi,6,32,4.55
eessi,0,inter_GCD4_GCD4,nid005014,nid005015,4,4,inter_node,nic_via_xgmi,6,64,9.11
eessi,0,inter_GCD4_GCD4,nid005014,nid005015,4,4,inter_node,nic_via_xgmi,6,128,18.10
eessi,0,inter_GCD4_GCD4,nid005014,nid005015,4,4,inter_node,nic_via_xgmi,6,256,515.16
eessi,0,inter_GCD4_GCD4,nid005014,nid005015,4,4,inter_node,nic_via_xgmi,6,512,1029.65
eessi,0,inter_GCD4_GCD4,nid005014,nid005015,4,4,inter_node,nic_via_xgmi,6,1024,2052.76
eessi,0,inter_GCD4_GCD4,nid005014,nid005015,4,4,inter_node,nic_via_xgmi,6,2048,4044.23
eessi,0,inter_GCD4_GCD4,nid005014,nid005015,4,4,inter_node,nic_via_xgmi,6,4096,8232.17
eessi,0,inter_GCD4_GCD4,nid005014,nid005015,4,4,inter_node,nic_via_xgmi,6,8192,14909.23
eessi,0,inter_GCD4_GCD4,nid005014,nid005015,4,4,inter_node,nic_via_xgmi,6,16384,24349.24
eessi,0,inter_GCD4_GCD4,nid005014,nid005015,4,4,inter_node,nic_via_xgmi,6,32768,32746.65
eessi,0,inter_GCD4_GCD4,nid005014,nid005015,4,4,inter_node,nic_via_xgmi,6,65536,38652.24
eessi,0,inter_GCD4_GCD4,nid005014,nid005015,4,4,inter_node,nic_via_xgmi,6,131072,42252.09
eessi,0,inter_GCD4_GCD4,nid005014,nid005015,4,4,inter_node,nic_via_xgmi,6,262144,44373.47
eessi,0,inter_GCD4_GCD4,nid005014,nid005015,4,4,inter_node,nic_via_xgmi,6,524288,45514.98
eessi,0,inter_GCD4_GCD4,nid005014,nid005015,4,4,inter_node,nic_via_xgmi,6,1048576,46110.49
eessi,0,inter_GCD6_GCD6,nid005014,nid005015,6,6,inter_node,nic_via_xgmi,2,1,0.13
eessi,0,inter_GCD6_GCD6,nid005014,nid005015,6,6,inter_node,nic_via_xgmi,2,2,0.27
eessi,0,inter_GCD6_GCD6,nid005014,nid005015,6,6,inter_node,nic_via_xgmi,2,4,0.53
eessi,0,inter_GCD6_GCD6,nid005014,nid005015,6,6,inter_node,nic_via_xgmi,2,8,1.06
eessi,0,inter_GCD6_GCD6,nid005014,nid005015,6,6,inter_node,nic_via_xgmi,2,16,2.12
eessi,0,inter_GCD6_GCD6,nid005014,nid005015,6,6,inter_node,nic_via_xgmi,2,32,4.25
eessi,0,inter_GCD6_GCD6,nid005014,nid005015,6,6,inter_node,nic_via_xgmi,2,64,8.48
eessi,0,inter_GCD6_GCD6,nid005014,nid005015,6,6,inter_node,nic_via_xgmi,2,128,16.80
eessi,0,inter_GCD6_GCD6,nid005014,nid005015,6,6,inter_node,nic_via_xgmi,2,256,510.60
eessi,0,inter_GCD6_GCD6,nid005014,nid005015,6,6,inter_node,nic_via_xgmi,2,512,1019.75
eessi,0,inter_GCD6_GCD6,nid005014,nid005015,6,6,inter_node,nic_via_xgmi,2,1024,2036.14
eessi,0,inter_GCD6_GCD6,nid005014,nid005015,6,6,inter_node,nic_via_xgmi,2,2048,4080.42
eessi,0,inter_GCD6_GCD6,nid005014,nid005015,6,6,inter_node,nic_via_xgmi,2,4096,8143.19
eessi,0,inter_GCD6_GCD6,nid005014,nid005015,6,6,inter_node,nic_via_xgmi,2,8192,13404.89
eessi,0,inter_GCD6_GCD6,nid005014,nid005015,6,6,inter_node,nic_via_xgmi,2,16384,20573.33
eessi,0,inter_GCD6_GCD6,nid005014,nid005015,6,6,inter_node,nic_via_xgmi,2,32768,27689.74
eessi,0,inter_GCD6_GCD6,nid005014,nid005015,6,6,inter_node,nic_via_xgmi,2,65536,37458.67
eessi,0,inter_GCD6_GCD6,nid005014,nid005015,6,6,inter_node,nic_via_xgmi,2,131072,42194.39
eessi,0,inter_GCD6_GCD6,nid005014,nid005015,6,6,inter_node,nic_via_xgmi,2,262144,44134.88
eessi,0,inter_GCD6_GCD6,nid005014,nid005015,6,6,inter_node,nic_via_xgmi,2,524288,45382.51
eessi,0,inter_GCD6_GCD6,nid005014,nid005015,6,6,inter_node,nic_via_xgmi,2,1048576,45676.63
eessi,0,inter_GCD6_GCD6,nid005014,nid005015,6,6,inter_node,nic_via_xgmi,3,1,0.14
eessi,0,inter_GCD6_GCD6,nid005014,nid005015,6,6,inter_node,nic_via_xgmi,3,2,0.27
eessi,0,inter_GCD6_GCD6,nid005014,nid005015,6,6,inter_node,nic_via_xgmi,3,4,0.54
eessi,0,inter_GCD6_GCD6,nid005014,nid005015,6,6,inter_node,nic_via_xgmi,3,8,1.08
eessi,0,inter_GCD6_GCD6,nid005014,nid005015,6,6,inter_node,nic_via_xgmi,3,16,2.17
eessi,0,inter_GCD6_GCD6,nid005014,nid005015,6,6,inter_node,nic_via_xgmi,3,32,4.35
eessi,0,inter_GCD6_GCD6,nid005014,nid005015,6,6,inter_node,nic_via_xgmi,3,64,8.71
eessi,0,inter_GCD6_GCD6,nid005014,nid005015,6,6,inter_node,nic_via_xgmi,3,128,17.29
eessi,0,inter_GCD6_GCD6,nid005014,nid005015,6,6,inter_node,nic_via_xgmi,3,256,496.84
eessi,0,inter_GCD6_GCD6,nid005014,nid005015,6,6,inter_node,nic_via_xgmi,3,512,993.87
eessi,0,inter_GCD6_GCD6,nid005014,nid005015,6,6,inter_node,nic_via_xgmi,3,1024,1990.14
eessi,0,inter_GCD6_GCD6,nid005014,nid005015,6,6,inter_node,nic_via_xgmi,3,2048,3971.70
eessi,0,inter_GCD6_GCD6,nid005014,nid005015,6,6,inter_node,nic_via_xgmi,3,4096,7946.11
eessi,0,inter_GCD6_GCD6,nid005014,nid005015,6,6,inter_node,nic_via_xgmi,3,8192,13385.28
eessi,0,inter_GCD6_GCD6,nid005014,nid005015,6,6,inter_node,nic_via_xgmi,3,16384,20620.36
eessi,0,inter_GCD6_GCD6,nid005014,nid005015,6,6,inter_node,nic_via_xgmi,3,32768,27930.34
eessi,0,inter_GCD6_GCD6,nid005014,nid005015,6,6,inter_node,nic_via_xgmi,3,65536,37561.99
eessi,0,inter_GCD6_GCD6,nid005014,nid005015,6,6,inter_node,nic_via_xgmi,3,131072,42092.63
eessi,0,inter_GCD6_GCD6,nid005014,nid005015,6,6,inter_node,nic_via_xgmi,3,262144,43850.51
eessi,0,inter_GCD6_GCD6,nid005014,nid005015,6,6,inter_node,nic_via_xgmi,3,524288,44963.21
eessi,0,inter_GCD6_GCD6,nid005014,nid005015,6,6,inter_node,nic_via_xgmi,3,1048576,45355.84
eessi,0,inter_GCD6_GCD6,nid005014,nid005015,6,6,inter_node,nic_via_xgmi,4,1,0.13
eessi,0,inter_GCD6_GCD6,nid005014,nid005015,6,6,inter_node,nic_via_xgmi,4,2,0.27
eessi,0,inter_GCD6_GCD6,nid005014,nid005015,6,6,inter_node,nic_via_xgmi,4,4,0.54
eessi,0,inter_GCD6_GCD6,nid005014,nid005015,6,6,inter_node,nic_via_xgmi,4,8,1.07
eessi,0,inter_GCD6_GCD6,nid005014,nid005015,6,6,inter_node,nic_via_xgmi,4,16,2.15
eessi,0,inter_GCD6_GCD6,nid005014,nid005015,6,6,inter_node,nic_via_xgmi,4,32,4.30
eessi,0,inter_GCD6_GCD6,nid005014,nid005015,6,6,inter_node,nic_via_xgmi,4,64,8.61
eessi,0,inter_GCD6_GCD6,nid005014,nid005015,6,6,inter_node,nic_via_xgmi,4,128,17.08
eessi,0,inter_GCD6_GCD6,nid005014,nid005015,6,6,inter_node,nic_via_xgmi,4,256,510.53
eessi,0,inter_GCD6_GCD6,nid005014,nid005015,6,6,inter_node,nic_via_xgmi,4,512,1020.12
eessi,0,inter_GCD6_GCD6,nid005014,nid005015,6,6,inter_node,nic_via_xgmi,4,1024,2043.64
eessi,0,inter_GCD6_GCD6,nid005014,nid005015,6,6,inter_node,nic_via_xgmi,4,2048,4086.82
eessi,0,inter_GCD6_GCD6,nid005014,nid005015,6,6,inter_node,nic_via_xgmi,4,4096,8174.52
eessi,0,inter_GCD6_GCD6,nid005014,nid005015,6,6,inter_node,nic_via_xgmi,4,8192,13331.15
eessi,0,inter_GCD6_GCD6,nid005014,nid005015,6,6,inter_node,nic_via_xgmi,4,16384,19446.88
eessi,0,inter_GCD6_GCD6,nid005014,nid005015,6,6,inter_node,nic_via_xgmi,4,32768,26316.10
eessi,0,inter_GCD6_GCD6,nid005014,nid005015,6,6,inter_node,nic_via_xgmi,4,65536,32369.51
eessi,0,inter_GCD6_GCD6,nid005014,nid005015,6,6,inter_node,nic_via_xgmi,4,131072,36170.33
eessi,0,inter_GCD6_GCD6,nid005014,nid005015,6,6,inter_node,nic_via_xgmi,4,262144,34805.57
eessi,0,inter_GCD6_GCD6,nid005014,nid005015,6,6,inter_node,nic_via_xgmi,4,524288,37490.06
eessi,0,inter_GCD6_GCD6,nid005014,nid005015,6,6,inter_node,nic_via_xgmi,4,1048576,42031.45
eessi,0,inter_GCD6_GCD6,nid005014,nid005015,6,6,inter_node,nic_via_xgmi,5,1,0.13
eessi,0,inter_GCD6_GCD6,nid005014,nid005015,6,6,inter_node,nic_via_xgmi,5,2,0.26
eessi,0,inter_GCD6_GCD6,nid005014,nid005015,6,6,inter_node,nic_via_xgmi,5,4,0.53
eessi,0,inter_GCD6_GCD6,nid005014,nid005015,6,6,inter_node,nic_via_xgmi,5,8,1.06
eessi,0,inter_GCD6_GCD6,nid005014,nid005015,6,6,inter_node,nic_via_xgmi,5,16,2.11
eessi,0,inter_GCD6_GCD6,nid005014,nid005015,6,6,inter_node,nic_via_xgmi,5,32,4.22
eessi,0,inter_GCD6_GCD6,nid005014,nid005015,6,6,inter_node,nic_via_xgmi,5,64,8.44
eessi,0,inter_GCD6_GCD6,nid005014,nid005015,6,6,inter_node,nic_via_xgmi,5,128,16.76
eessi,0,inter_GCD6_GCD6,nid005014,nid005015,6,6,inter_node,nic_via_xgmi,5,256,514.01
eessi,0,inter_GCD6_GCD6,nid005014,nid005015,6,6,inter_node,nic_via_xgmi,5,512,1028.37
eessi,0,inter_GCD6_GCD6,nid005014,nid005015,6,6,inter_node,nic_via_xgmi,5,1024,2055.92
eessi,0,inter_GCD6_GCD6,nid005014,nid005015,6,6,inter_node,nic_via_xgmi,5,2048,4113.27
eessi,0,inter_GCD6_GCD6,nid005014,nid005015,6,6,inter_node,nic_via_xgmi,5,4096,8216.90
eessi,0,inter_GCD6_GCD6,nid005014,nid005015,6,6,inter_node,nic_via_xgmi,5,8192,13456.13
eessi,0,inter_GCD6_GCD6,nid005014,nid005015,6,6,inter_node,nic_via_xgmi,5,16384,20483.76
eessi,0,inter_GCD6_GCD6,nid005014,nid005015,6,6,inter_node,nic_via_xgmi,5,32768,28210.02
eessi,0,inter_GCD6_GCD6,nid005014,nid005015,6,6,inter_node,nic_via_xgmi,5,65536,37416.31
eessi,0,inter_GCD6_GCD6,nid005014,nid005015,6,6,inter_node,nic_via_xgmi,5,131072,42184.15
eessi,0,inter_GCD6_GCD6,nid005014,nid005015,6,6,inter_node,nic_via_xgmi,5,262144,44100.04
eessi,0,inter_GCD6_GCD6,nid005014,nid005015,6,6,inter_node,nic_via_xgmi,5,524288,45388.83
eessi,0,inter_GCD6_GCD6,nid005014,nid005015,6,6,inter_node,nic_via_xgmi,5,1048576,44221.33
eessi,0,inter_GCD6_GCD6,nid005014,nid005015,6,6,inter_node,nic_via_xgmi,6,1,0.13
eessi,0,inter_GCD6_GCD6,nid005014,nid005015,6,6,inter_node,nic_via_xgmi,6,2,0.26
eessi,0,inter_GCD6_GCD6,nid005014,nid005015,6,6,inter_node,nic_via_xgmi,6,4,0.53
eessi,0,inter_GCD6_GCD6,nid005014,nid005015,6,6,inter_node,nic_via_xgmi,6,8,1.06
eessi,0,inter_GCD6_GCD6,nid005014,nid005015,6,6,inter_node,nic_via_xgmi,6,16,2.13
eessi,0,inter_GCD6_GCD6,nid005014,nid005015,6,6,inter_node,nic_via_xgmi,6,32,4.26
eessi,0,inter_GCD6_GCD6,nid005014,nid005015,6,6,inter_node,nic_via_xgmi,6,64,8.49
eessi,0,inter_GCD6_GCD6,nid005014,nid005015,6,6,inter_node,nic_via_xgmi,6,128,17.01
eessi,0,inter_GCD6_GCD6,nid005014,nid005015,6,6,inter_node,nic_via_xgmi,6,256,515.10
eessi,0,inter_GCD6_GCD6,nid005014,nid005015,6,6,inter_node,nic_via_xgmi,6,512,1032.95
eessi,0,inter_GCD6_GCD6,nid005014,nid005015,6,6,inter_node,nic_via_xgmi,6,1024,2051.49
eessi,0,inter_GCD6_GCD6,nid005014,nid005015,6,6,inter_node,nic_via_xgmi,6,2048,4113.36
eessi,0,inter_GCD6_GCD6,nid005014,nid005015,6,6,inter_node,nic_via_xgmi,6,4096,8222.42
eessi,0,inter_GCD6_GCD6,nid005014,nid005015,6,6,inter_node,nic_via_xgmi,6,8192,13340.09
eessi,0,inter_GCD6_GCD6,nid005014,nid005015,6,6,inter_node,nic_via_xgmi,6,16384,20556.47
eessi,0,inter_GCD6_GCD6,nid005014,nid005015,6,6,inter_node,nic_via_xgmi,6,32768,28168.38
eessi,0,inter_GCD6_GCD6,nid005014,nid005015,6,6,inter_node,nic_via_xgmi,6,65536,37506.84
eessi,0,inter_GCD6_GCD6,nid005014,nid005015,6,6,inter_node,nic_via_xgmi,6,131072,42195.65
eessi,0,inter_GCD6_GCD6,nid005014,nid005015,6,6,inter_node,nic_via_xgmi,6,262144,43885.90
eessi,0,inter_GCD6_GCD6,nid005014,nid005015,6,6,inter_node,nic_via_xgmi,6,524288,45020.46
eessi,0,inter_GCD6_GCD6,nid005014,nid005015,6,6,inter_node,nic_via_xgmi,6,1048576,45326.26
eessi,0,inter_GCD1_GCD1,nid005014,nid005015,1,1,inter_node,nic_local,2,1,0.13
eessi,0,inter_GCD1_GCD1,nid005014,nid005015,1,1,inter_node,nic_local,2,2,0.27
eessi,0,inter_GCD1_GCD1,nid005014,nid005015,1,1,inter_node,nic_local,2,4,0.53
eessi,0,inter_GCD1_GCD1,nid005014,nid005015,1,1,inter_node,nic_local,2,8,1.07
eessi,0,inter_GCD1_GCD1,nid005014,nid005015,1,1,inter_node,nic_local,2,16,2.13
eessi,0,inter_GCD1_GCD1,nid005014,nid005015,1,1,inter_node,nic_local,2,32,4.26
eessi,0,inter_GCD1_GCD1,nid005014,nid005015,1,1,inter_node,nic_local,2,64,8.53
eessi,0,inter_GCD1_GCD1,nid005014,nid005015,1,1,inter_node,nic_local,2,128,17.01
eessi,0,inter_GCD1_GCD1,nid005014,nid005015,1,1,inter_node,nic_local,2,256,510.91
eessi,0,inter_GCD1_GCD1,nid005014,nid005015,1,1,inter_node,nic_local,2,512,1019.82
eessi,0,inter_GCD1_GCD1,nid005014,nid005015,1,1,inter_node,nic_local,2,1024,2038.31
eessi,0,inter_GCD1_GCD1,nid005014,nid005015,1,1,inter_node,nic_local,2,2048,4087.75
eessi,0,inter_GCD1_GCD1,nid005014,nid005015,1,1,inter_node,nic_local,2,4096,8158.75
eessi,0,inter_GCD1_GCD1,nid005014,nid005015,1,1,inter_node,nic_local,2,8192,14748.55
eessi,0,inter_GCD1_GCD1,nid005014,nid005015,1,1,inter_node,nic_local,2,16384,22357.98
eessi,0,inter_GCD1_GCD1,nid005014,nid005015,1,1,inter_node,nic_local,2,32768,29694.26
eessi,0,inter_GCD1_GCD1,nid005014,nid005015,1,1,inter_node,nic_local,2,65536,37214.94
eessi,0,inter_GCD1_GCD1,nid005014,nid005015,1,1,inter_node,nic_local,2,131072,40622.34
eessi,0,inter_GCD1_GCD1,nid005014,nid005015,1,1,inter_node,nic_local,2,262144,41633.69
eessi,0,inter_GCD1_GCD1,nid005014,nid005015,1,1,inter_node,nic_local,2,524288,42596.65
eessi,0,inter_GCD1_GCD1,nid005014,nid005015,1,1,inter_node,nic_local,2,1048576,43180.95
eessi,0,inter_GCD1_GCD1,nid005014,nid005015,1,1,inter_node,nic_local,3,1,0.13
eessi,0,inter_GCD1_GCD1,nid005014,nid005015,1,1,inter_node,nic_local,3,2,0.27
eessi,0,inter_GCD1_GCD1,nid005014,nid005015,1,1,inter_node,nic_local,3,4,0.53
eessi,0,inter_GCD1_GCD1,nid005014,nid005015,1,1,inter_node,nic_local,3,8,1.07
eessi,0,inter_GCD1_GCD1,nid005014,nid005015,1,1,inter_node,nic_local,3,16,2.14
eessi,0,inter_GCD1_GCD1,nid005014,nid005015,1,1,inter_node,nic_local,3,32,4.26
eessi,0,inter_GCD1_GCD1,nid005014,nid005015,1,1,inter_node,nic_local,3,64,8.55
eessi,0,inter_GCD1_GCD1,nid005014,nid005015,1,1,inter_node,nic_local,3,128,17.11
eessi,0,inter_GCD1_GCD1,nid005014,nid005015,1,1,inter_node,nic_local,3,256,514.56
eessi,0,inter_GCD1_GCD1,nid005014,nid005015,1,1,inter_node,nic_local,3,512,1026.09
eessi,0,inter_GCD1_GCD1,nid005014,nid005015,1,1,inter_node,nic_local,3,1024,2052.86
eessi,0,inter_GCD1_GCD1,nid005014,nid005015,1,1,inter_node,nic_local,3,2048,4118.97
eessi,0,inter_GCD1_GCD1,nid005014,nid005015,1,1,inter_node,nic_local,3,4096,8234.23
eessi,0,inter_GCD1_GCD1,nid005014,nid005015,1,1,inter_node,nic_local,3,8192,14765.30
eessi,0,inter_GCD1_GCD1,nid005014,nid005015,1,1,inter_node,nic_local,3,16384,22146.17
eessi,0,inter_GCD1_GCD1,nid005014,nid005015,1,1,inter_node,nic_local,3,32768,29867.67
eessi,0,inter_GCD1_GCD1,nid005014,nid005015,1,1,inter_node,nic_local,3,65536,37295.20
eessi,0,inter_GCD1_GCD1,nid005014,nid005015,1,1,inter_node,nic_local,3,131072,40708.17
eessi,0,inter_GCD1_GCD1,nid005014,nid005015,1,1,inter_node,nic_local,3,262144,42047.34
eessi,0,inter_GCD1_GCD1,nid005014,nid005015,1,1,inter_node,nic_local,3,524288,43062.04
eessi,0,inter_GCD1_GCD1,nid005014,nid005015,1,1,inter_node,nic_local,3,1048576,43413.77
eessi,0,inter_GCD1_GCD1,nid005014,nid005015,1,1,inter_node,nic_local,4,1,0.13
eessi,0,inter_GCD1_GCD1,nid005014,nid005015,1,1,inter_node,nic_local,4,2,0.27
eessi,0,inter_GCD1_GCD1,nid005014,nid005015,1,1,inter_node,nic_local,4,4,0.53
eessi,0,inter_GCD1_GCD1,nid005014,nid005015,1,1,inter_node,nic_local,4,8,1.06
eessi,0,inter_GCD1_GCD1,nid005014,nid005015,1,1,inter_node,nic_local,4,16,2.13
eessi,0,inter_GCD1_GCD1,nid005014,nid005015,1,1,inter_node,nic_local,4,32,4.27
eessi,0,inter_GCD1_GCD1,nid005014,nid005015,1,1,inter_node,nic_local,4,64,8.54
eessi,0,inter_GCD1_GCD1,nid005014,nid005015,1,1,inter_node,nic_local,4,128,17.05
eessi,0,inter_GCD1_GCD1,nid005014,nid005015,1,1,inter_node,nic_local,4,256,507.71
eessi,0,inter_GCD1_GCD1,nid005014,nid005015,1,1,inter_node,nic_local,4,512,1014.42
eessi,0,inter_GCD1_GCD1,nid005014,nid005015,1,1,inter_node,nic_local,4,1024,2030.86
eessi,0,inter_GCD1_GCD1,nid005014,nid005015,1,1,inter_node,nic_local,4,2048,4061.86
eessi,0,inter_GCD1_GCD1,nid005014,nid005015,1,1,inter_node,nic_local,4,4096,8109.40
eessi,0,inter_GCD1_GCD1,nid005014,nid005015,1,1,inter_node,nic_local,4,8192,14708.56
eessi,0,inter_GCD1_GCD1,nid005014,nid005015,1,1,inter_node,nic_local,4,16384,22152.89
eessi,0,inter_GCD1_GCD1,nid005014,nid005015,1,1,inter_node,nic_local,4,32768,29482.23
eessi,0,inter_GCD1_GCD1,nid005014,nid005015,1,1,inter_node,nic_local,4,65536,37100.21
eessi,0,inter_GCD1_GCD1,nid005014,nid005015,1,1,inter_node,nic_local,4,131072,40433.34
eessi,0,inter_GCD1_GCD1,nid005014,nid005015,1,1,inter_node,nic_local,4,262144,41923.26
eessi,0,inter_GCD1_GCD1,nid005014,nid005015,1,1,inter_node,nic_local,4,524288,42910.71
eessi,0,inter_GCD1_GCD1,nid005014,nid005015,1,1,inter_node,nic_local,4,1048576,43351.55
eessi,0,inter_GCD1_GCD1,nid005014,nid005015,1,1,inter_node,nic_local,5,1,0.13
eessi,0,inter_GCD1_GCD1,nid005014,nid005015,1,1,inter_node,nic_local,5,2,0.27
eessi,0,inter_GCD1_GCD1,nid005014,nid005015,1,1,inter_node,nic_local,5,4,0.53
eessi,0,inter_GCD1_GCD1,nid005014,nid005015,1,1,inter_node,nic_local,5,8,1.07
eessi,0,inter_GCD1_GCD1,nid005014,nid005015,1,1,inter_node,nic_local,5,16,2.13
eessi,0,inter_GCD1_GCD1,nid005014,nid005015,1,1,inter_node,nic_local,5,32,4.28
eessi,0,inter_GCD1_GCD1,nid005014,nid005015,1,1,inter_node,nic_local,5,64,8.55
eessi,0,inter_GCD1_GCD1,nid005014,nid005015,1,1,inter_node,nic_local,5,128,17.05
eessi,0,inter_GCD1_GCD1,nid005014,nid005015,1,1,inter_node,nic_local,5,256,514.93
eessi,0,inter_GCD1_GCD1,nid005014,nid005015,1,1,inter_node,nic_local,5,512,1024.38
eessi,0,inter_GCD1_GCD1,nid005014,nid005015,1,1,inter_node,nic_local,5,1024,2024.42
eessi,0,inter_GCD1_GCD1,nid005014,nid005015,1,1,inter_node,nic_local,5,2048,4013.83
eessi,0,inter_GCD1_GCD1,nid005014,nid005015,1,1,inter_node,nic_local,5,4096,8219.72
eessi,0,inter_GCD1_GCD1,nid005014,nid005015,1,1,inter_node,nic_local,5,8192,14852.59
eessi,0,inter_GCD1_GCD1,nid005014,nid005015,1,1,inter_node,nic_local,5,16384,22598.73
eessi,0,inter_GCD1_GCD1,nid005014,nid005015,1,1,inter_node,nic_local,5,32768,29560.60
eessi,0,inter_GCD1_GCD1,nid005014,nid005015,1,1,inter_node,nic_local,5,65536,37053.69
eessi,0,inter_GCD1_GCD1,nid005014,nid005015,1,1,inter_node,nic_local,5,131072,40409.60
eessi,0,inter_GCD1_GCD1,nid005014,nid005015,1,1,inter_node,nic_local,5,262144,41599.98
eessi,0,inter_GCD1_GCD1,nid005014,nid005015,1,1,inter_node,nic_local,5,524288,42556.56
eessi,0,inter_GCD1_GCD1,nid005014,nid005015,1,1,inter_node,nic_local,5,1048576,42935.35
eessi,0,inter_GCD1_GCD1,nid005014,nid005015,1,1,inter_node,nic_local,6,1,0.13
eessi,0,inter_GCD1_GCD1,nid005014,nid005015,1,1,inter_node,nic_local,6,2,0.27
eessi,0,inter_GCD1_GCD1,nid005014,nid005015,1,1,inter_node,nic_local,6,4,0.53
eessi,0,inter_GCD1_GCD1,nid005014,nid005015,1,1,inter_node,nic_local,6,8,1.07
eessi,0,inter_GCD1_GCD1,nid005014,nid005015,1,1,inter_node,nic_local,6,16,2.14
eessi,0,inter_GCD1_GCD1,nid005014,nid005015,1,1,inter_node,nic_local,6,32,4.28
eessi,0,inter_GCD1_GCD1,nid005014,nid005015,1,1,inter_node,nic_local,6,64,8.55
eessi,0,inter_GCD1_GCD1,nid005014,nid005015,1,1,inter_node,nic_local,6,128,17.11
eessi,0,inter_GCD1_GCD1,nid005014,nid005015,1,1,inter_node,nic_local,6,256,514.57
eessi,0,inter_GCD1_GCD1,nid005014,nid005015,1,1,inter_node,nic_local,6,512,1027.84
eessi,0,inter_GCD1_GCD1,nid005014,nid005015,1,1,inter_node,nic_local,6,1024,2055.38
eessi,0,inter_GCD1_GCD1,nid005014,nid005015,1,1,inter_node,nic_local,6,2048,3933.93
eessi,0,inter_GCD1_GCD1,nid005014,nid005015,1,1,inter_node,nic_local,6,4096,8213.12
eessi,0,inter_GCD1_GCD1,nid005014,nid005015,1,1,inter_node,nic_local,6,8192,14795.74
eessi,0,inter_GCD1_GCD1,nid005014,nid005015,1,1,inter_node,nic_local,6,16384,22740.86
eessi,0,inter_GCD1_GCD1,nid005014,nid005015,1,1,inter_node,nic_local,6,32768,29935.08
eessi,0,inter_GCD1_GCD1,nid005014,nid005015,1,1,inter_node,nic_local,6,65536,37093.69
eessi,0,inter_GCD1_GCD1,nid005014,nid005015,1,1,inter_node,nic_local,6,131072,39512.96
eessi,0,inter_GCD1_GCD1,nid005014,nid005015,1,1,inter_node,nic_local,6,262144,40600.82
eessi,0,inter_GCD1_GCD1,nid005014,nid005015,1,1,inter_node,nic_local,6,524288,41957.86
eessi,0,inter_GCD1_GCD1,nid005014,nid005015,1,1,inter_node,nic_local,6,1048576,42556.54
eessi,0,inter_GCD3_GCD3,nid005014,nid005015,3,3,inter_node,nic_local,2,1,0.14
eessi,0,inter_GCD3_GCD3,nid005014,nid005015,3,3,inter_node,nic_local,2,2,0.28
eessi,0,inter_GCD3_GCD3,nid005014,nid005015,3,3,inter_node,nic_local,2,4,0.57
eessi,0,inter_GCD3_GCD3,nid005014,nid005015,3,3,inter_node,nic_local,2,8,1.14
eessi,0,inter_GCD3_GCD3,nid005014,nid005015,3,3,inter_node,nic_local,2,16,2.27
eessi,0,inter_GCD3_GCD3,nid005014,nid005015,3,3,inter_node,nic_local,2,32,4.56
eessi,0,inter_GCD3_GCD3,nid005014,nid005015,3,3,inter_node,nic_local,2,64,9.09
eessi,0,inter_GCD3_GCD3,nid005014,nid005015,3,3,inter_node,nic_local,2,128,18.21
eessi,0,inter_GCD3_GCD3,nid005014,nid005015,3,3,inter_node,nic_local,2,256,509.13
eessi,0,inter_GCD3_GCD3,nid005014,nid005015,3,3,inter_node,nic_local,2,512,1015.69
eessi,0,inter_GCD3_GCD3,nid005014,nid005015,3,3,inter_node,nic_local,2,1024,2031.81
eessi,0,inter_GCD3_GCD3,nid005014,nid005015,3,3,inter_node,nic_local,2,2048,4064.32
eessi,0,inter_GCD3_GCD3,nid005014,nid005015,3,3,inter_node,nic_local,2,4096,8137.35
eessi,0,inter_GCD3_GCD3,nid005014,nid005015,3,3,inter_node,nic_local,2,8192,11509.57
eessi,0,inter_GCD3_GCD3,nid005014,nid005015,3,3,inter_node,nic_local,2,16384,20633.79
eessi,0,inter_GCD3_GCD3,nid005014,nid005015,3,3,inter_node,nic_local,2,32768,30357.73
eessi,0,inter_GCD3_GCD3,nid005014,nid005015,3,3,inter_node,nic_local,2,65536,37546.96
eessi,0,inter_GCD3_GCD3,nid005014,nid005015,3,3,inter_node,nic_local,2,131072,40748.41
eessi,0,inter_GCD3_GCD3,nid005014,nid005015,3,3,inter_node,nic_local,2,262144,43556.76
eessi,0,inter_GCD3_GCD3,nid005014,nid005015,3,3,inter_node,nic_local,2,524288,44112.89
eessi,0,inter_GCD3_GCD3,nid005014,nid005015,3,3,inter_node,nic_local,2,1048576,44200.92
eessi,0,inter_GCD3_GCD3,nid005014,nid005015,3,3,inter_node,nic_local,3,1,0.14
eessi,0,inter_GCD3_GCD3,nid005014,nid005015,3,3,inter_node,nic_local,3,2,0.28
eessi,0,inter_GCD3_GCD3,nid005014,nid005015,3,3,inter_node,nic_local,3,4,0.57
eessi,0,inter_GCD3_GCD3,nid005014,nid005015,3,3,inter_node,nic_local,3,8,1.13
eessi,0,inter_GCD3_GCD3,nid005014,nid005015,3,3,inter_node,nic_local,3,16,2.26
eessi,0,inter_GCD3_GCD3,nid005014,nid005015,3,3,inter_node,nic_local,3,32,4.54
eessi,0,inter_GCD3_GCD3,nid005014,nid005015,3,3,inter_node,nic_local,3,64,9.06
eessi,0,inter_GCD3_GCD3,nid005014,nid005015,3,3,inter_node,nic_local,3,128,18.13
eessi,0,inter_GCD3_GCD3,nid005014,nid005015,3,3,inter_node,nic_local,3,256,512.35
eessi,0,inter_GCD3_GCD3,nid005014,nid005015,3,3,inter_node,nic_local,3,512,1022.72
eessi,0,inter_GCD3_GCD3,nid005014,nid005015,3,3,inter_node,nic_local,3,1024,2044.79
eessi,0,inter_GCD3_GCD3,nid005014,nid005015,3,3,inter_node,nic_local,3,2048,4070.93
eessi,0,inter_GCD3_GCD3,nid005014,nid005015,3,3,inter_node,nic_local,3,4096,8149.90
eessi,0,inter_GCD3_GCD3,nid005014,nid005015,3,3,inter_node,nic_local,3,8192,11661.87
eessi,0,inter_GCD3_GCD3,nid005014,nid005015,3,3,inter_node,nic_local,3,16384,20676.34
eessi,0,inter_GCD3_GCD3,nid005014,nid005015,3,3,inter_node,nic_local,3,32768,30533.23
eessi,0,inter_GCD3_GCD3,nid005014,nid005015,3,3,inter_node,nic_local,3,65536,37675.44
eessi,0,inter_GCD3_GCD3,nid005014,nid005015,3,3,inter_node,nic_local,3,131072,40753.27
eessi,0,inter_GCD3_GCD3,nid005014,nid005015,3,3,inter_node,nic_local,3,262144,43579.50
eessi,0,inter_GCD3_GCD3,nid005014,nid005015,3,3,inter_node,nic_local,3,524288,44168.85
eessi,0,inter_GCD3_GCD3,nid005014,nid005015,3,3,inter_node,nic_local,3,1048576,44322.01
eessi,0,inter_GCD3_GCD3,nid005014,nid005015,3,3,inter_node,nic_local,4,1,0.14
eessi,0,inter_GCD3_GCD3,nid005014,nid005015,3,3,inter_node,nic_local,4,2,0.29
eessi,0,inter_GCD3_GCD3,nid005014,nid005015,3,3,inter_node,nic_local,4,4,0.57
eessi,0,inter_GCD3_GCD3,nid005014,nid005015,3,3,inter_node,nic_local,4,8,1.14
eessi,0,inter_GCD3_GCD3,nid005014,nid005015,3,3,inter_node,nic_local,4,16,2.28
eessi,0,inter_GCD3_GCD3,nid005014,nid005015,3,3,inter_node,nic_local,4,32,4.57
eessi,0,inter_GCD3_GCD3,nid005014,nid005015,3,3,inter_node,nic_local,4,64,9.13
eessi,0,inter_GCD3_GCD3,nid005014,nid005015,3,3,inter_node,nic_local,4,128,18.24
eessi,0,inter_GCD3_GCD3,nid005014,nid005015,3,3,inter_node,nic_local,4,256,510.81
eessi,0,inter_GCD3_GCD3,nid005014,nid005015,3,3,inter_node,nic_local,4,512,1022.15
eessi,0,inter_GCD3_GCD3,nid005014,nid005015,3,3,inter_node,nic_local,4,1024,2033.17
eessi,0,inter_GCD3_GCD3,nid005014,nid005015,3,3,inter_node,nic_local,4,2048,4066.91
eessi,0,inter_GCD3_GCD3,nid005014,nid005015,3,3,inter_node,nic_local,4,4096,8148.38
eessi,0,inter_GCD3_GCD3,nid005014,nid005015,3,3,inter_node,nic_local,4,8192,11870.11
eessi,0,inter_GCD3_GCD3,nid005014,nid005015,3,3,inter_node,nic_local,4,16384,19627.04
eessi,0,inter_GCD3_GCD3,nid005014,nid005015,3,3,inter_node,nic_local,4,32768,30355.69
eessi,0,inter_GCD3_GCD3,nid005014,nid005015,3,3,inter_node,nic_local,4,65536,37634.97
eessi,0,inter_GCD3_GCD3,nid005014,nid005015,3,3,inter_node,nic_local,4,131072,40755.60
eessi,0,inter_GCD3_GCD3,nid005014,nid005015,3,3,inter_node,nic_local,4,262144,43560.18
eessi,0,inter_GCD3_GCD3,nid005014,nid005015,3,3,inter_node,nic_local,4,524288,44050.91
eessi,0,inter_GCD3_GCD3,nid005014,nid005015,3,3,inter_node,nic_local,4,1048576,44201.69
eessi,0,inter_GCD3_GCD3,nid005014,nid005015,3,3,inter_node,nic_local,5,1,0.14
eessi,0,inter_GCD3_GCD3,nid005014,nid005015,3,3,inter_node,nic_local,5,2,0.28
eessi,0,inter_GCD3_GCD3,nid005014,nid005015,3,3,inter_node,nic_local,5,4,0.57
eessi,0,inter_GCD3_GCD3,nid005014,nid005015,3,3,inter_node,nic_local,5,8,1.13
eessi,0,inter_GCD3_GCD3,nid005014,nid005015,3,3,inter_node,nic_local,5,16,2.27
eessi,0,inter_GCD3_GCD3,nid005014,nid005015,3,3,inter_node,nic_local,5,32,4.53
eessi,0,inter_GCD3_GCD3,nid005014,nid005015,3,3,inter_node,nic_local,5,64,9.04
eessi,0,inter_GCD3_GCD3,nid005014,nid005015,3,3,inter_node,nic_local,5,128,18.08
eessi,0,inter_GCD3_GCD3,nid005014,nid005015,3,3,inter_node,nic_local,5,256,489.00
eessi,0,inter_GCD3_GCD3,nid005014,nid005015,3,3,inter_node,nic_local,5,512,965.67
eessi,0,inter_GCD3_GCD3,nid005014,nid005015,3,3,inter_node,nic_local,5,1024,1956.59
eessi,0,inter_GCD3_GCD3,nid005014,nid005015,3,3,inter_node,nic_local,5,2048,3904.73
eessi,0,inter_GCD3_GCD3,nid005014,nid005015,3,3,inter_node,nic_local,5,4096,7810.44
eessi,0,inter_GCD3_GCD3,nid005014,nid005015,3,3,inter_node,nic_local,5,8192,11698.47
eessi,0,inter_GCD3_GCD3,nid005014,nid005015,3,3,inter_node,nic_local,5,16384,20681.81
eessi,0,inter_GCD3_GCD3,nid005014,nid005015,3,3,inter_node,nic_local,5,32768,30272.97
eessi,0,inter_GCD3_GCD3,nid005014,nid005015,3,3,inter_node,nic_local,5,65536,37710.06
eessi,0,inter_GCD3_GCD3,nid005014,nid005015,3,3,inter_node,nic_local,5,131072,40847.20
eessi,0,inter_GCD3_GCD3,nid005014,nid005015,3,3,inter_node,nic_local,5,262144,43620.33
eessi,0,inter_GCD3_GCD3,nid005014,nid005015,3,3,inter_node,nic_local,5,524288,44140.89
eessi,0,inter_GCD3_GCD3,nid005014,nid005015,3,3,inter_node,nic_local,5,1048576,44215.94
eessi,0,inter_GCD3_GCD3,nid005014,nid005015,3,3,inter_node,nic_local,6,1,0.14
eessi,0,inter_GCD3_GCD3,nid005014,nid005015,3,3,inter_node,nic_local,6,2,0.28
eessi,0,inter_GCD3_GCD3,nid005014,nid005015,3,3,inter_node,nic_local,6,4,0.57
eessi,0,inter_GCD3_GCD3,nid005014,nid005015,3,3,inter_node,nic_local,6,8,1.14
eessi,0,inter_GCD3_GCD3,nid005014,nid005015,3,3,inter_node,nic_local,6,16,2.28
eessi,0,inter_GCD3_GCD3,nid005014,nid005015,3,3,inter_node,nic_local,6,32,4.56
eessi,0,inter_GCD3_GCD3,nid005014,nid005015,3,3,inter_node,nic_local,6,64,9.11
eessi,0,inter_GCD3_GCD3,nid005014,nid005015,3,3,inter_node,nic_local,6,128,18.13
eessi,0,inter_GCD3_GCD3,nid005014,nid005015,3,3,inter_node,nic_local,6,256,502.22
eessi,0,inter_GCD3_GCD3,nid005014,nid005015,3,3,inter_node,nic_local,6,512,1004.93
eessi,0,inter_GCD3_GCD3,nid005014,nid005015,3,3,inter_node,nic_local,6,1024,2007.20
eessi,0,inter_GCD3_GCD3,nid005014,nid005015,3,3,inter_node,nic_local,6,2048,4019.40
eessi,0,inter_GCD3_GCD3,nid005014,nid005015,3,3,inter_node,nic_local,6,4096,8036.20
eessi,0,inter_GCD3_GCD3,nid005014,nid005015,3,3,inter_node,nic_local,6,8192,11833.20
eessi,0,inter_GCD3_GCD3,nid005014,nid005015,3,3,inter_node,nic_local,6,16384,20467.03
eessi,0,inter_GCD3_GCD3,nid005014,nid005015,3,3,inter_node,nic_local,6,32768,30257.12
eessi,0,inter_GCD3_GCD3,nid005014,nid005015,3,3,inter_node,nic_local,6,65536,37711.29
eessi,0,inter_GCD3_GCD3,nid005014,nid005015,3,3,inter_node,nic_local,6,131072,40843.65
eessi,0,inter_GCD3_GCD3,nid005014,nid005015,3,3,inter_node,nic_local,6,262144,43540.68
eessi,0,inter_GCD3_GCD3,nid005014,nid005015,3,3,inter_node,nic_local,6,524288,44131.70
eessi,0,inter_GCD3_GCD3,nid005014,nid005015,3,3,inter_node,nic_local,6,1048576,44258.64
eessi,0,inter_GCD5_GCD5,nid005014,nid005015,5,5,inter_node,nic_local,2,1,0.15
eessi,0,inter_GCD5_GCD5,nid005014,nid005015,5,5,inter_node,nic_local,2,2,0.29
eessi,0,inter_GCD5_GCD5,nid005014,nid005015,5,5,inter_node,nic_local,2,4,0.58
eessi,0,inter_GCD5_GCD5,nid005014,nid005015,5,5,inter_node,nic_local,2,8,1.17
eessi,0,inter_GCD5_GCD5,nid005014,nid005015,5,5,inter_node,nic_local,2,16,2.33
eessi,0,inter_GCD5_GCD5,nid005014,nid005015,5,5,inter_node,nic_local,2,32,4.68
eessi,0,inter_GCD5_GCD5,nid005014,nid005015,5,5,inter_node,nic_local,2,64,9.35
eessi,0,inter_GCD5_GCD5,nid005014,nid005015,5,5,inter_node,nic_local,2,128,18.64
eessi,0,inter_GCD5_GCD5,nid005014,nid005015,5,5,inter_node,nic_local,2,256,513.03
eessi,0,inter_GCD5_GCD5,nid005014,nid005015,5,5,inter_node,nic_local,2,512,1027.94
eessi,0,inter_GCD5_GCD5,nid005014,nid005015,5,5,inter_node,nic_local,2,1024,2053.42
eessi,0,inter_GCD5_GCD5,nid005014,nid005015,5,5,inter_node,nic_local,2,2048,3927.99
eessi,0,inter_GCD5_GCD5,nid005014,nid005015,5,5,inter_node,nic_local,2,4096,8215.43
eessi,0,inter_GCD5_GCD5,nid005014,nid005015,5,5,inter_node,nic_local,2,8192,14884.16
eessi,0,inter_GCD5_GCD5,nid005014,nid005015,5,5,inter_node,nic_local,2,16384,25457.91
eessi,0,inter_GCD5_GCD5,nid005014,nid005015,5,5,inter_node,nic_local,2,32768,33051.05
eessi,0,inter_GCD5_GCD5,nid005014,nid005015,5,5,inter_node,nic_local,2,65536,38680.21
eessi,0,inter_GCD5_GCD5,nid005014,nid005015,5,5,inter_node,nic_local,2,131072,42335.76
eessi,0,inter_GCD5_GCD5,nid005014,nid005015,5,5,inter_node,nic_local,2,262144,44422.65
eessi,0,inter_GCD5_GCD5,nid005014,nid005015,5,5,inter_node,nic_local,2,524288,45539.82
eessi,0,inter_GCD5_GCD5,nid005014,nid005015,5,5,inter_node,nic_local,2,1048576,46118.31
eessi,0,inter_GCD5_GCD5,nid005014,nid005015,5,5,inter_node,nic_local,3,1,0.15
eessi,0,inter_GCD5_GCD5,nid005014,nid005015,5,5,inter_node,nic_local,3,2,0.29
eessi,0,inter_GCD5_GCD5,nid005014,nid005015,5,5,inter_node,nic_local,3,4,0.58
eessi,0,inter_GCD5_GCD5,nid005014,nid005015,5,5,inter_node,nic_local,3,8,1.17
eessi,0,inter_GCD5_GCD5,nid005014,nid005015,5,5,inter_node,nic_local,3,16,2.33
eessi,0,inter_GCD5_GCD5,nid005014,nid005015,5,5,inter_node,nic_local,3,32,4.66
eessi,0,inter_GCD5_GCD5,nid005014,nid005015,5,5,inter_node,nic_local,3,64,9.31
eessi,0,inter_GCD5_GCD5,nid005014,nid005015,5,5,inter_node,nic_local,3,128,18.64
eessi,0,inter_GCD5_GCD5,nid005014,nid005015,5,5,inter_node,nic_local,3,256,504.34
eessi,0,inter_GCD5_GCD5,nid005014,nid005015,5,5,inter_node,nic_local,3,512,1010.76
eessi,0,inter_GCD5_GCD5,nid005014,nid005015,5,5,inter_node,nic_local,3,1024,2018.86
eessi,0,inter_GCD5_GCD5,nid005014,nid005015,5,5,inter_node,nic_local,3,2048,4038.45
eessi,0,inter_GCD5_GCD5,nid005014,nid005015,5,5,inter_node,nic_local,3,4096,8048.71
eessi,0,inter_GCD5_GCD5,nid005014,nid005015,5,5,inter_node,nic_local,3,8192,14710.04
eessi,0,inter_GCD5_GCD5,nid005014,nid005015,5,5,inter_node,nic_local,3,16384,25317.41
eessi,0,inter_GCD5_GCD5,nid005014,nid005015,5,5,inter_node,nic_local,3,32768,32886.81
eessi,0,inter_GCD5_GCD5,nid005014,nid005015,5,5,inter_node,nic_local,3,65536,38651.46
eessi,0,inter_GCD5_GCD5,nid005014,nid005015,5,5,inter_node,nic_local,3,131072,42257.21
eessi,0,inter_GCD5_GCD5,nid005014,nid005015,5,5,inter_node,nic_local,3,262144,44362.58
eessi,0,inter_GCD5_GCD5,nid005014,nid005015,5,5,inter_node,nic_local,3,524288,45513.56
eessi,0,inter_GCD5_GCD5,nid005014,nid005015,5,5,inter_node,nic_local,3,1048576,46100.41
eessi,0,inter_GCD5_GCD5,nid005014,nid005015,5,5,inter_node,nic_local,4,1,0.15
eessi,0,inter_GCD5_GCD5,nid005014,nid005015,5,5,inter_node,nic_local,4,2,0.29
eessi,0,inter_GCD5_GCD5,nid005014,nid005015,5,5,inter_node,nic_local,4,4,0.58
eessi,0,inter_GCD5_GCD5,nid005014,nid005015,5,5,inter_node,nic_local,4,8,1.16
eessi,0,inter_GCD5_GCD5,nid005014,nid005015,5,5,inter_node,nic_local,4,16,2.33
eessi,0,inter_GCD5_GCD5,nid005014,nid005015,5,5,inter_node,nic_local,4,32,4.65
eessi,0,inter_GCD5_GCD5,nid005014,nid005015,5,5,inter_node,nic_local,4,64,9.30
eessi,0,inter_GCD5_GCD5,nid005014,nid005015,5,5,inter_node,nic_local,4,128,18.60
eessi,0,inter_GCD5_GCD5,nid005014,nid005015,5,5,inter_node,nic_local,4,256,513.06
eessi,0,inter_GCD5_GCD5,nid005014,nid005015,5,5,inter_node,nic_local,4,512,1021.15
eessi,0,inter_GCD5_GCD5,nid005014,nid005015,5,5,inter_node,nic_local,4,1024,2042.61
eessi,0,inter_GCD5_GCD5,nid005014,nid005015,5,5,inter_node,nic_local,4,2048,4069.94
eessi,0,inter_GCD5_GCD5,nid005014,nid005015,5,5,inter_node,nic_local,4,4096,8145.96
eessi,0,inter_GCD5_GCD5,nid005014,nid005015,5,5,inter_node,nic_local,4,8192,14867.89
eessi,0,inter_GCD5_GCD5,nid005014,nid005015,5,5,inter_node,nic_local,4,16384,25632.76
eessi,0,inter_GCD5_GCD5,nid005014,nid005015,5,5,inter_node,nic_local,4,32768,33171.59
eessi,0,inter_GCD5_GCD5,nid005014,nid005015,5,5,inter_node,nic_local,4,65536,38737.88
eessi,0,inter_GCD5_GCD5,nid005014,nid005015,5,5,inter_node,nic_local,4,131072,42299.78
eessi,0,inter_GCD5_GCD5,nid005014,nid005015,5,5,inter_node,nic_local,4,262144,44405.41
eessi,0,inter_GCD5_GCD5,nid005014,nid005015,5,5,inter_node,nic_local,4,524288,45528.69
eessi,0,inter_GCD5_GCD5,nid005014,nid005015,5,5,inter_node,nic_local,4,1048576,46113.22
eessi,0,inter_GCD5_GCD5,nid005014,nid005015,5,5,inter_node,nic_local,5,1,0.15
eessi,0,inter_GCD5_GCD5,nid005014,nid005015,5,5,inter_node,nic_local,5,2,0.29
eessi,0,inter_GCD5_GCD5,nid005014,nid005015,5,5,inter_node,nic_local,5,4,0.58
eessi,0,inter_GCD5_GCD5,nid005014,nid005015,5,5,inter_node,nic_local,5,8,1.17
eessi,0,inter_GCD5_GCD5,nid005014,nid005015,5,5,inter_node,nic_local,5,16,2.34
eessi,0,inter_GCD5_GCD5,nid005014,nid005015,5,5,inter_node,nic_local,5,32,4.68
eessi,0,inter_GCD5_GCD5,nid005014,nid005015,5,5,inter_node,nic_local,5,64,9.36
eessi,0,inter_GCD5_GCD5,nid005014,nid005015,5,5,inter_node,nic_local,5,128,18.67
eessi,0,inter_GCD5_GCD5,nid005014,nid005015,5,5,inter_node,nic_local,5,256,510.04
eessi,0,inter_GCD5_GCD5,nid005014,nid005015,5,5,inter_node,nic_local,5,512,1017.97
eessi,0,inter_GCD5_GCD5,nid005014,nid005015,5,5,inter_node,nic_local,5,1024,2037.43
eessi,0,inter_GCD5_GCD5,nid005014,nid005015,5,5,inter_node,nic_local,5,2048,4073.97
eessi,0,inter_GCD5_GCD5,nid005014,nid005015,5,5,inter_node,nic_local,5,4096,8142.61
eessi,0,inter_GCD5_GCD5,nid005014,nid005015,5,5,inter_node,nic_local,5,8192,14731.25
eessi,0,inter_GCD5_GCD5,nid005014,nid005015,5,5,inter_node,nic_local,5,16384,25465.15
eessi,0,inter_GCD5_GCD5,nid005014,nid005015,5,5,inter_node,nic_local,5,32768,32943.20
eessi,0,inter_GCD5_GCD5,nid005014,nid005015,5,5,inter_node,nic_local,5,65536,38651.70
eessi,0,inter_GCD5_GCD5,nid005014,nid005015,5,5,inter_node,nic_local,5,131072,42283.91
eessi,0,inter_GCD5_GCD5,nid005014,nid005015,5,5,inter_node,nic_local,5,262144,44381.27
eessi,0,inter_GCD5_GCD5,nid005014,nid005015,5,5,inter_node,nic_local,5,524288,45518.25
eessi,0,inter_GCD5_GCD5,nid005014,nid005015,5,5,inter_node,nic_local,5,1048576,46104.29
eessi,0,inter_GCD5_GCD5,nid005014,nid005015,5,5,inter_node,nic_local,6,1,0.15
eessi,0,inter_GCD5_GCD5,nid005014,nid005015,5,5,inter_node,nic_local,6,2,0.29
eessi,0,inter_GCD5_GCD5,nid005014,nid005015,5,5,inter_node,nic_local,6,4,0.58
eessi,0,inter_GCD5_GCD5,nid005014,nid005015,5,5,inter_node,nic_local,6,8,1.17
eessi,0,inter_GCD5_GCD5,nid005014,nid005015,5,5,inter_node,nic_local,6,16,2.33
eessi,0,inter_GCD5_GCD5,nid005014,nid005015,5,5,inter_node,nic_local,6,32,4.66
eessi,0,inter_GCD5_GCD5,nid005014,nid005015,5,5,inter_node,nic_local,6,64,9.33
eessi,0,inter_GCD5_GCD5,nid005014,nid005015,5,5,inter_node,nic_local,6,128,18.59
eessi,0,inter_GCD5_GCD5,nid005014,nid005015,5,5,inter_node,nic_local,6,256,513.34
eessi,0,inter_GCD5_GCD5,nid005014,nid005015,5,5,inter_node,nic_local,6,512,1026.53
eessi,0,inter_GCD5_GCD5,nid005014,nid005015,5,5,inter_node,nic_local,6,1024,2050.52
eessi,0,inter_GCD5_GCD5,nid005014,nid005015,5,5,inter_node,nic_local,6,2048,4097.04
eessi,0,inter_GCD5_GCD5,nid005014,nid005015,5,5,inter_node,nic_local,6,4096,8232.13
eessi,0,inter_GCD5_GCD5,nid005014,nid005015,5,5,inter_node,nic_local,6,8192,14897.23
eessi,0,inter_GCD5_GCD5,nid005014,nid005015,5,5,inter_node,nic_local,6,16384,25541.92
eessi,0,inter_GCD5_GCD5,nid005014,nid005015,5,5,inter_node,nic_local,6,32768,33113.84
eessi,0,inter_GCD5_GCD5,nid005014,nid005015,5,5,inter_node,nic_local,6,65536,38663.94
eessi,0,inter_GCD5_GCD5,nid005014,nid005015,5,5,inter_node,nic_local,6,131072,42271.87
eessi,0,inter_GCD5_GCD5,nid005014,nid005015,5,5,inter_node,nic_local,6,262144,44415.18
eessi,0,inter_GCD5_GCD5,nid005014,nid005015,5,5,inter_node,nic_local,6,524288,45532.29
eessi,0,inter_GCD5_GCD5,nid005014,nid005015,5,5,inter_node,nic_local,6,1048576,46117.54
eessi,0,inter_GCD7_GCD7,nid005014,nid005015,7,7,inter_node,nic_local,2,1,0.14
eessi,0,inter_GCD7_GCD7,nid005014,nid005015,7,7,inter_node,nic_local,2,2,0.27
eessi,0,inter_GCD7_GCD7,nid005014,nid005015,7,7,inter_node,nic_local,2,4,0.55
eessi,0,inter_GCD7_GCD7,nid005014,nid005015,7,7,inter_node,nic_local,2,8,1.10
eessi,0,inter_GCD7_GCD7,nid005014,nid005015,7,7,inter_node,nic_local,2,16,2.19
eessi,0,inter_GCD7_GCD7,nid005014,nid005015,7,7,inter_node,nic_local,2,32,4.39
eessi,0,inter_GCD7_GCD7,nid005014,nid005015,7,7,inter_node,nic_local,2,64,8.77
eessi,0,inter_GCD7_GCD7,nid005014,nid005015,7,7,inter_node,nic_local,2,128,17.55
eessi,0,inter_GCD7_GCD7,nid005014,nid005015,7,7,inter_node,nic_local,2,256,511.26
eessi,0,inter_GCD7_GCD7,nid005014,nid005015,7,7,inter_node,nic_local,2,512,1023.47
eessi,0,inter_GCD7_GCD7,nid005014,nid005015,7,7,inter_node,nic_local,2,1024,2034.37
eessi,0,inter_GCD7_GCD7,nid005014,nid005015,7,7,inter_node,nic_local,2,2048,4071.96
eessi,0,inter_GCD7_GCD7,nid005014,nid005015,7,7,inter_node,nic_local,2,4096,8157.38
eessi,0,inter_GCD7_GCD7,nid005014,nid005015,7,7,inter_node,nic_local,2,8192,14749.78
eessi,0,inter_GCD7_GCD7,nid005014,nid005015,7,7,inter_node,nic_local,2,16384,22776.30
eessi,0,inter_GCD7_GCD7,nid005014,nid005015,7,7,inter_node,nic_local,2,32768,29246.05
eessi,0,inter_GCD7_GCD7,nid005014,nid005015,7,7,inter_node,nic_local,2,65536,35861.10
eessi,0,inter_GCD7_GCD7,nid005014,nid005015,7,7,inter_node,nic_local,2,131072,39444.48
eessi,0,inter_GCD7_GCD7,nid005014,nid005015,7,7,inter_node,nic_local,2,262144,41368.44
eessi,0,inter_GCD7_GCD7,nid005014,nid005015,7,7,inter_node,nic_local,2,524288,43293.29
eessi,0,inter_GCD7_GCD7,nid005014,nid005015,7,7,inter_node,nic_local,2,1048576,44048.55
eessi,0,inter_GCD7_GCD7,nid005014,nid005015,7,7,inter_node,nic_local,3,1,0.14
eessi,0,inter_GCD7_GCD7,nid005014,nid005015,7,7,inter_node,nic_local,3,2,0.28
eessi,0,inter_GCD7_GCD7,nid005014,nid005015,7,7,inter_node,nic_local,3,4,0.55
eessi,0,inter_GCD7_GCD7,nid005014,nid005015,7,7,inter_node,nic_local,3,8,1.10
eessi,0,inter_GCD7_GCD7,nid005014,nid005015,7,7,inter_node,nic_local,3,16,2.21
eessi,0,inter_GCD7_GCD7,nid005014,nid005015,7,7,inter_node,nic_local,3,32,4.41
eessi,0,inter_GCD7_GCD7,nid005014,nid005015,7,7,inter_node,nic_local,3,64,8.82
eessi,0,inter_GCD7_GCD7,nid005014,nid005015,7,7,inter_node,nic_local,3,128,17.63
eessi,0,inter_GCD7_GCD7,nid005014,nid005015,7,7,inter_node,nic_local,3,256,514.26
eessi,0,inter_GCD7_GCD7,nid005014,nid005015,7,7,inter_node,nic_local,3,512,1027.56
eessi,0,inter_GCD7_GCD7,nid005014,nid005015,7,7,inter_node,nic_local,3,1024,2054.23
eessi,0,inter_GCD7_GCD7,nid005014,nid005015,7,7,inter_node,nic_local,3,2048,4110.37
eessi,0,inter_GCD7_GCD7,nid005014,nid005015,7,7,inter_node,nic_local,3,4096,8211.53
eessi,0,inter_GCD7_GCD7,nid005014,nid005015,7,7,inter_node,nic_local,3,8192,14852.76
eessi,0,inter_GCD7_GCD7,nid005014,nid005015,7,7,inter_node,nic_local,3,16384,22150.54
eessi,0,inter_GCD7_GCD7,nid005014,nid005015,7,7,inter_node,nic_local,3,32768,28845.69
eessi,0,inter_GCD7_GCD7,nid005014,nid005015,7,7,inter_node,nic_local,3,65536,34858.09
eessi,0,inter_GCD7_GCD7,nid005014,nid005015,7,7,inter_node,nic_local,3,131072,38397.04
eessi,0,inter_GCD7_GCD7,nid005014,nid005015,7,7,inter_node,nic_local,3,262144,40487.09
eessi,0,inter_GCD7_GCD7,nid005014,nid005015,7,7,inter_node,nic_local,3,524288,42648.17
eessi,0,inter_GCD7_GCD7,nid005014,nid005015,7,7,inter_node,nic_local,3,1048576,42587.61
eessi,0,inter_GCD7_GCD7,nid005014,nid005015,7,7,inter_node,nic_local,4,1,0.14
eessi,0,inter_GCD7_GCD7,nid005014,nid005015,7,7,inter_node,nic_local,4,2,0.27
eessi,0,inter_GCD7_GCD7,nid005014,nid005015,7,7,inter_node,nic_local,4,4,0.55
eessi,0,inter_GCD7_GCD7,nid005014,nid005015,7,7,inter_node,nic_local,4,8,1.10
eessi,0,inter_GCD7_GCD7,nid005014,nid005015,7,7,inter_node,nic_local,4,16,2.20
eessi,0,inter_GCD7_GCD7,nid005014,nid005015,7,7,inter_node,nic_local,4,32,4.40
eessi,0,inter_GCD7_GCD7,nid005014,nid005015,7,7,inter_node,nic_local,4,64,8.80
eessi,0,inter_GCD7_GCD7,nid005014,nid005015,7,7,inter_node,nic_local,4,128,17.58
eessi,0,inter_GCD7_GCD7,nid005014,nid005015,7,7,inter_node,nic_local,4,256,513.35
eessi,0,inter_GCD7_GCD7,nid005014,nid005015,7,7,inter_node,nic_local,4,512,1024.93
eessi,0,inter_GCD7_GCD7,nid005014,nid005015,7,7,inter_node,nic_local,4,1024,2043.32
eessi,0,inter_GCD7_GCD7,nid005014,nid005015,7,7,inter_node,nic_local,4,2048,4092.89
eessi,0,inter_GCD7_GCD7,nid005014,nid005015,7,7,inter_node,nic_local,4,4096,8185.26
eessi,0,inter_GCD7_GCD7,nid005014,nid005015,7,7,inter_node,nic_local,4,8192,14775.71
eessi,0,inter_GCD7_GCD7,nid005014,nid005015,7,7,inter_node,nic_local,4,16384,22554.32
eessi,0,inter_GCD7_GCD7,nid005014,nid005015,7,7,inter_node,nic_local,4,32768,30461.93
eessi,0,inter_GCD7_GCD7,nid005014,nid005015,7,7,inter_node,nic_local,4,65536,37972.53
eessi,0,inter_GCD7_GCD7,nid005014,nid005015,7,7,inter_node,nic_local,4,131072,41508.70
eessi,0,inter_GCD7_GCD7,nid005014,nid005015,7,7,inter_node,nic_local,4,262144,42908.08
eessi,0,inter_GCD7_GCD7,nid005014,nid005015,7,7,inter_node,nic_local,4,524288,44015.21
eessi,0,inter_GCD7_GCD7,nid005014,nid005015,7,7,inter_node,nic_local,4,1048576,44391.65
eessi,0,inter_GCD7_GCD7,nid005014,nid005015,7,7,inter_node,nic_local,5,1,0.14
eessi,0,inter_GCD7_GCD7,nid005014,nid005015,7,7,inter_node,nic_local,5,2,0.28
eessi,0,inter_GCD7_GCD7,nid005014,nid005015,7,7,inter_node,nic_local,5,4,0.55
eessi,0,inter_GCD7_GCD7,nid005014,nid005015,7,7,inter_node,nic_local,5,8,1.10
eessi,0,inter_GCD7_GCD7,nid005014,nid005015,7,7,inter_node,nic_local,5,16,2.20
eessi,0,inter_GCD7_GCD7,nid005014,nid005015,7,7,inter_node,nic_local,5,32,4.40
eessi,0,inter_GCD7_GCD7,nid005014,nid005015,7,7,inter_node,nic_local,5,64,8.81
eessi,0,inter_GCD7_GCD7,nid005014,nid005015,7,7,inter_node,nic_local,5,128,17.58
eessi,0,inter_GCD7_GCD7,nid005014,nid005015,7,7,inter_node,nic_local,5,256,506.00
eessi,0,inter_GCD7_GCD7,nid005014,nid005015,7,7,inter_node,nic_local,5,512,1011.49
eessi,0,inter_GCD7_GCD7,nid005014,nid005015,7,7,inter_node,nic_local,5,1024,2028.15
eessi,0,inter_GCD7_GCD7,nid005014,nid005015,7,7,inter_node,nic_local,5,2048,4055.07
eessi,0,inter_GCD7_GCD7,nid005014,nid005015,7,7,inter_node,nic_local,5,4096,8086.03
eessi,0,inter_GCD7_GCD7,nid005014,nid005015,7,7,inter_node,nic_local,5,8192,14767.30
eessi,0,inter_GCD7_GCD7,nid005014,nid005015,7,7,inter_node,nic_local,5,16384,22629.27
eessi,0,inter_GCD7_GCD7,nid005014,nid005015,7,7,inter_node,nic_local,5,32768,30016.11
eessi,0,inter_GCD7_GCD7,nid005014,nid005015,7,7,inter_node,nic_local,5,65536,37703.78
eessi,0,inter_GCD7_GCD7,nid005014,nid005015,7,7,inter_node,nic_local,5,131072,41379.87
eessi,0,inter_GCD7_GCD7,nid005014,nid005015,7,7,inter_node,nic_local,5,262144,42961.40
eessi,0,inter_GCD7_GCD7,nid005014,nid005015,7,7,inter_node,nic_local,5,524288,43985.59
eessi,0,inter_GCD7_GCD7,nid005014,nid005015,7,7,inter_node,nic_local,5,1048576,44057.92
eessi,0,inter_GCD7_GCD7,nid005014,nid005015,7,7,inter_node,nic_local,6,1,0.14
eessi,0,inter_GCD7_GCD7,nid005014,nid005015,7,7,inter_node,nic_local,6,2,0.27
eessi,0,inter_GCD7_GCD7,nid005014,nid005015,7,7,inter_node,nic_local,6,4,0.55
eessi,0,inter_GCD7_GCD7,nid005014,nid005015,7,7,inter_node,nic_local,6,8,1.09
eessi,0,inter_GCD7_GCD7,nid005014,nid005015,7,7,inter_node,nic_local,6,16,2.19
eessi,0,inter_GCD7_GCD7,nid005014,nid005015,7,7,inter_node,nic_local,6,32,4.37
eessi,0,inter_GCD7_GCD7,nid005014,nid005015,7,7,inter_node,nic_local,6,64,8.74
eessi,0,inter_GCD7_GCD7,nid005014,nid005015,7,7,inter_node,nic_local,6,128,17.48
eessi,0,inter_GCD7_GCD7,nid005014,nid005015,7,7,inter_node,nic_local,6,256,509.61
eessi,0,inter_GCD7_GCD7,nid005014,nid005015,7,7,inter_node,nic_local,6,512,1024.20
eessi,0,inter_GCD7_GCD7,nid005014,nid005015,7,7,inter_node,nic_local,6,1024,2047.12
eessi,0,inter_GCD7_GCD7,nid005014,nid005015,7,7,inter_node,nic_local,6,2048,4094.01
eessi,0,inter_GCD7_GCD7,nid005014,nid005015,7,7,inter_node,nic_local,6,4096,8162.47
eessi,0,inter_GCD7_GCD7,nid005014,nid005015,7,7,inter_node,nic_local,6,8192,14705.19
eessi,0,inter_GCD7_GCD7,nid005014,nid005015,7,7,inter_node,nic_local,6,16384,22732.33
eessi,0,inter_GCD7_GCD7,nid005014,nid005015,7,7,inter_node,nic_local,6,32768,30449.11
eessi,0,inter_GCD7_GCD7,nid005014,nid005015,7,7,inter_node,nic_local,6,65536,37084.10
eessi,0,inter_GCD7_GCD7,nid005014,nid005015,7,7,inter_node,nic_local,6,131072,41479.76
eessi,0,inter_GCD7_GCD7,nid005014,nid005015,7,7,inter_node,nic_local,6,262144,42926.24
eessi,0,inter_GCD7_GCD7,nid005014,nid005015,7,7,inter_node,nic_local,6,524288,44032.28
eessi,0,inter_GCD7_GCD7,nid005014,nid005015,7,7,inter_node,nic_local,6,1048576,44434.46
