stack,sdma_enabled,benchmark,num_nodes,num_gcds,run,size_bytes,latency_us
eessi_a2a_linsync,0,osu_allreduce,2,16,2,4,44.79
eessi_a2a_linsync,0,osu_allreduce,2,16,2,8,47.46
eessi_a2a_linsync,0,osu_allreduce,2,16,2,16,46.17
eessi_a2a_linsync,0,osu_allreduce,2,16,2,32,46.03
eessi_a2a_linsync,0,osu_allreduce,2,16,2,64,44.44
eessi_a2a_linsync,0,osu_allreduce,2,16,2,128,46.47
eessi_a2a_linsync,0,osu_allreduce,2,16,2,256,46.23
eessi_a2a_linsync,0,osu_allreduce,2,16,2,512,46.76
eessi_a2a_linsync,0,osu_allreduce,2,16,2,1024,48.44
eessi_a2a_linsync,0,osu_allreduce,2,16,2,2048,49.86
eessi_a2a_linsync,0,osu_allreduce,2,16,2,4096,56.02
eessi_a2a_linsync,0,osu_allreduce,2,16,2,8192,79.99
eessi_a2a_linsync,0,osu_allreduce,2,16,2,16384,93.24
eessi_a2a_linsync,0,osu_allreduce,2,16,2,32768,126.36
eessi_a2a_linsync,0,osu_allreduce,2,16,2,65536,186.70
eessi_a2a_linsync,0,osu_allreduce,2,16,2,131072,324.60
eessi_a2a_linsync,0,osu_allreduce,2,16,2,262144,617.99
eessi_a2a_linsync,0,osu_allreduce,2,16,2,524288,1215.96
eessi_a2a_linsync,0,osu_allreduce,2,16,2,1048576,2401.73
eessi_a2a_linsync,0,osu_allreduce,2,16,3,4,42.30
eessi_a2a_linsync,0,osu_allreduce,2,16,3,8,44.91
eessi_a2a_linsync,0,osu_allreduce,2,16,3,16,43.50
eessi_a2a_linsync,0,osu_allreduce,2,16,3,32,43.59
eessi_a2a_linsync,0,osu_allreduce,2,16,3,64,41.96
eessi_a2a_linsync,0,osu_allreduce,2,16,3,128,44.05
eessi_a2a_linsync,0,osu_allreduce,2,16,3,256,43.91
eessi_a2a_linsync,0,osu_allreduce,2,16,3,512,44.53
eessi_a2a_linsync,0,osu_allreduce,2,16,3,1024,46.27
eessi_a2a_linsync,0,osu_allreduce,2,16,3,2048,48.16
eessi_a2a_linsync,0,osu_allreduce,2,16,3,4096,54.36
eessi_a2a_linsync,0,osu_allreduce,2,16,3,8192,77.92
eessi_a2a_linsync,0,osu_allreduce,2,16,3,16384,89.83
eessi_a2a_linsync,0,osu_allreduce,2,16,3,32768,124.29
eessi_a2a_linsync,0,osu_allreduce,2,16,3,65536,180.74
eessi_a2a_linsync,0,osu_allreduce,2,16,3,131072,317.61
eessi_a2a_linsync,0,osu_allreduce,2,16,3,262144,608.58
eessi_a2a_linsync,0,osu_allreduce,2,16,3,524288,1176.30
eessi_a2a_linsync,0,osu_allreduce,2,16,3,1048576,2288.34
eessi_a2a_linsync,0,osu_allreduce,2,16,4,4,42.64
eessi_a2a_linsync,0,osu_allreduce,2,16,4,8,44.95
eessi_a2a_linsync,0,osu_allreduce,2,16,4,16,43.61
eessi_a2a_linsync,0,osu_allreduce,2,16,4,32,43.81
eessi_a2a_linsync,0,osu_allreduce,2,16,4,64,42.12
eessi_a2a_linsync,0,osu_allreduce,2,16,4,128,44.38
eessi_a2a_linsync,0,osu_allreduce,2,16,4,256,44.22
eessi_a2a_linsync,0,osu_allreduce,2,16,4,512,44.57
eessi_a2a_linsync,0,osu_allreduce,2,16,4,1024,46.30
eessi_a2a_linsync,0,osu_allreduce,2,16,4,2048,48.04
eessi_a2a_linsync,0,osu_allreduce,2,16,4,4096,54.14
eessi_a2a_linsync,0,osu_allreduce,2,16,4,8192,78.71
eessi_a2a_linsync,0,osu_allreduce,2,16,4,16384,91.38
eessi_a2a_linsync,0,osu_allreduce,2,16,4,32768,128.27
eessi_a2a_linsync,0,osu_allreduce,2,16,4,65536,203.22
eessi_a2a_linsync,0,osu_allreduce,2,16,4,131072,351.26
eessi_a2a_linsync,0,osu_allreduce,2,16,4,262144,661.24
eessi_a2a_linsync,0,osu_allreduce,2,16,4,524288,1287.89
eessi_a2a_linsync,0,osu_allreduce,2,16,4,1048576,2535.89
eessi_a2a_linsync,0,osu_alltoall,2,16,2,1,73.62
eessi_a2a_linsync,0,osu_alltoall,2,16,2,2,73.50
eessi_a2a_linsync,0,osu_alltoall,2,16,2,4,73.58
eessi_a2a_linsync,0,osu_alltoall,2,16,2,8,73.61
eessi_a2a_linsync,0,osu_alltoall,2,16,2,16,73.65
eessi_a2a_linsync,0,osu_alltoall,2,16,2,32,73.73
eessi_a2a_linsync,0,osu_alltoall,2,16,2,64,73.28
eessi_a2a_linsync,0,osu_alltoall,2,16,2,128,73.56
eessi_a2a_linsync,0,osu_alltoall,2,16,2,256,73.54
eessi_a2a_linsync,0,osu_alltoall,2,16,2,512,73.80
eessi_a2a_linsync,0,osu_alltoall,2,16,2,1024,73.95
eessi_a2a_linsync,0,osu_alltoall,2,16,2,2048,74.94
eessi_a2a_linsync,0,osu_alltoall,2,16,2,4096,79.23
eessi_a2a_linsync,0,osu_alltoall,2,16,2,8192,97.28
eessi_a2a_linsync,0,osu_alltoall,2,16,2,16384,135.68
eessi_a2a_linsync,0,osu_alltoall,2,16,2,32768,231.78
eessi_a2a_linsync,0,osu_alltoall,2,16,2,65536,447.27
eessi_a2a_linsync,0,osu_alltoall,2,16,2,131072,910.57
eessi_a2a_linsync,0,osu_alltoall,2,16,2,262144,1961.06
eessi_a2a_linsync,0,osu_alltoall,2,16,2,524288,4103.65
eessi_a2a_linsync,0,osu_alltoall,2,16,2,1048576,8311.26
eessi_a2a_linsync,0,osu_alltoall,2,16,3,1,73.14
eessi_a2a_linsync,0,osu_alltoall,2,16,3,2,72.84
eessi_a2a_linsync,0,osu_alltoall,2,16,3,4,72.93
eessi_a2a_linsync,0,osu_alltoall,2,16,3,8,72.99
eessi_a2a_linsync,0,osu_alltoall,2,16,3,16,73.02
eessi_a2a_linsync,0,osu_alltoall,2,16,3,32,73.12
eessi_a2a_linsync,0,osu_alltoall,2,16,3,64,73.21
eessi_a2a_linsync,0,osu_alltoall,2,16,3,128,73.36
eessi_a2a_linsync,0,osu_alltoall,2,16,3,256,73.53
eessi_a2a_linsync,0,osu_alltoall,2,16,3,512,73.60
eessi_a2a_linsync,0,osu_alltoall,2,16,3,1024,73.76
eessi_a2a_linsync,0,osu_alltoall,2,16,3,2048,74.71
eessi_a2a_linsync,0,osu_alltoall,2,16,3,4096,79.18
eessi_a2a_linsync,0,osu_alltoall,2,16,3,8192,97.23
eessi_a2a_linsync,0,osu_alltoall,2,16,3,16384,135.06
eessi_a2a_linsync,0,osu_alltoall,2,16,3,32768,231.51
eessi_a2a_linsync,0,osu_alltoall,2,16,3,65536,446.59
eessi_a2a_linsync,0,osu_alltoall,2,16,3,131072,912.83
eessi_a2a_linsync,0,osu_alltoall,2,16,3,262144,1934.37
eessi_a2a_linsync,0,osu_alltoall,2,16,3,524288,4087.90
eessi_a2a_linsync,0,osu_alltoall,2,16,3,1048576,8060.67
eessi_a2a_linsync,0,osu_alltoall,2,16,4,1,73.83
eessi_a2a_linsync,0,osu_alltoall,2,16,4,2,73.64
eessi_a2a_linsync,0,osu_alltoall,2,16,4,4,73.64
eessi_a2a_linsync,0,osu_alltoall,2,16,4,8,73.69
eessi_a2a_linsync,0,osu_alltoall,2,16,4,16,73.79
eessi_a2a_linsync,0,osu_alltoall,2,16,4,32,73.84
eessi_a2a_linsync,0,osu_alltoall,2,16,4,64,73.76
eessi_a2a_linsync,0,osu_alltoall,2,16,4,128,74.01
eessi_a2a_linsync,0,osu_alltoall,2,16,4,256,74.18
eessi_a2a_linsync,0,osu_alltoall,2,16,4,512,74.36
eessi_a2a_linsync,0,osu_alltoall,2,16,4,1024,74.47
eessi_a2a_linsync,0,osu_alltoall,2,16,4,2048,75.55
eessi_a2a_linsync,0,osu_alltoall,2,16,4,4096,79.76
eessi_a2a_linsync,0,osu_alltoall,2,16,4,8192,98.10
eessi_a2a_linsync,0,osu_alltoall,2,16,4,16384,136.54
eessi_a2a_linsync,0,osu_alltoall,2,16,4,32768,233.07
eessi_a2a_linsync,0,osu_alltoall,2,16,4,65536,451.45
eessi_a2a_linsync,0,osu_alltoall,2,16,4,131072,918.31
eessi_a2a_linsync,0,osu_alltoall,2,16,4,262144,2005.70
eessi_a2a_linsync,0,osu_alltoall,2,16,4,524288,4090.24
eessi_a2a_linsync,0,osu_alltoall,2,16,4,1048576,8184.18
eessi_a2a_linsync,0,osu_bcast,2,16,2,1,9.57
eessi_a2a_linsync,0,osu_bcast,2,16,2,2,9.08
eessi_a2a_linsync,0,osu_bcast,2,16,2,4,9.09
eessi_a2a_linsync,0,osu_bcast,2,16,2,8,10.84
eessi_a2a_linsync,0,osu_bcast,2,16,2,16,10.86
eessi_a2a_linsync,0,osu_bcast,2,16,2,32,10.85
eessi_a2a_linsync,0,osu_bcast,2,16,2,64,9.14
eessi_a2a_linsync,0,osu_bcast,2,16,2,128,9.26
eessi_a2a_linsync,0,osu_bcast,2,16,2,256,9.52
eessi_a2a_linsync,0,osu_bcast,2,16,2,512,9.71
eessi_a2a_linsync,0,osu_bcast,2,16,2,1024,9.98
eessi_a2a_linsync,0,osu_bcast,2,16,2,2048,10.50
eessi_a2a_linsync,0,osu_bcast,2,16,2,4096,12.67
eessi_a2a_linsync,0,osu_bcast,2,16,2,8192,21.54
eessi_a2a_linsync,0,osu_bcast,2,16,2,16384,22.41
eessi_a2a_linsync,0,osu_bcast,2,16,2,32768,22.86
eessi_a2a_linsync,0,osu_bcast,2,16,2,65536,31.81
eessi_a2a_linsync,0,osu_bcast,2,16,2,131072,64.10
eessi_a2a_linsync,0,osu_bcast,2,16,2,262144,128.67
eessi_a2a_linsync,0,osu_bcast,2,16,2,524288,257.37
eessi_a2a_linsync,0,osu_bcast,2,16,2,1048576,514.15
eessi_a2a_linsync,0,osu_bcast,2,16,3,1,9.49
eessi_a2a_linsync,0,osu_bcast,2,16,3,2,9.11
eessi_a2a_linsync,0,osu_bcast,2,16,3,4,9.11
eessi_a2a_linsync,0,osu_bcast,2,16,3,8,10.88
eessi_a2a_linsync,0,osu_bcast,2,16,3,16,10.92
eessi_a2a_linsync,0,osu_bcast,2,16,3,32,10.88
eessi_a2a_linsync,0,osu_bcast,2,16,3,64,9.11
eessi_a2a_linsync,0,osu_bcast,2,16,3,128,9.26
eessi_a2a_linsync,0,osu_bcast,2,16,3,256,9.53
eessi_a2a_linsync,0,osu_bcast,2,16,3,512,9.69
eessi_a2a_linsync,0,osu_bcast,2,16,3,1024,9.93
eessi_a2a_linsync,0,osu_bcast,2,16,3,2048,10.38
eessi_a2a_linsync,0,osu_bcast,2,16,3,4096,12.22
eessi_a2a_linsync,0,osu_bcast,2,16,3,8192,21.25
eessi_a2a_linsync,0,osu_bcast,2,16,3,16384,22.34
eessi_a2a_linsync,0,osu_bcast,2,16,3,32768,22.86
eessi_a2a_linsync,0,osu_bcast,2,16,3,65536,31.87
eessi_a2a_linsync,0,osu_bcast,2,16,3,131072,64.07
eessi_a2a_linsync,0,osu_bcast,2,16,3,262144,128.29
eessi_a2a_linsync,0,osu_bcast,2,16,3,524288,256.93
eessi_a2a_linsync,0,osu_bcast,2,16,3,1048576,514.35
